wave_id,candidate_id,selection_stratum,selection_reason,outcome,reviewed_on,decisive_evidence
VERIFY-001,cand-figma-design-agent,native-design-canvas,Tests native host authority against the separately counted Figma Make and external bridges,included,2026-08-11,Official product and help contracts establish direct mutation of versioned Figma layers
VERIFY-001,cand-talktofigma,open-source-agent-bridge,Tests a commit-pinnable bidirectional external-agent path into an established design graph,included,2026-08-11,Pinned source traces MCP through a WebSocket relay and Figma plugin to native node operations
VERIFY-001,cand-calicat,Chinese-prototype-workspace,Tests non-English discovery plus a combined prototype requirements and task graph,included,2026-08-11,Official help and changelog establish native layer editing background agents snapshots and MCP handoff
VERIFY-001,cand-zcad,parametric-CAD,Tests whether UI-derived graph categories erase engineering constraints and release semantics,included,2026-08-11,Official CAD PDM version and organization sources establish editable parametric authority and multi-region lineage
VERIFY-001,cand-gamma,presentation-document-site,Tests structured presentation artifacts and nested AI graphics outside the original UI stratum,included,2026-08-11,Official help establishes cards Agent template instructions version restore collaboration and delivery projections
VERIFY-001,cand-etlaq,Arabic-first-app-builder,Tests Arabic-first discovery and a region-specific managed product-delivery loop,included,2026-08-11,First-party Saudi product page establishes screens logic data operations and deployment in one project
VERIFY-001,cand-botlab-art,textile-design,Tests whether a textile agent exposes a continuing workspace and durable recovery surface rather than only generated media,included,2026-08-11,First-party product now establishes an agent-driven infinite canvas plus generated-work creation records inside the user material library
VERIFY-001,cand-mantis-cad,agent-first-CAD,Contrasts an early-access AI-first CAD entrant with the shipped cloud CAD record,included,2026-08-11,First-party workflow establishes parametric conversational edits that preserve intent with standard STEP IGES and CadQuery handoff while early-access internals stay unknown
VERIFY-002,cand-maxprototyper,research-prototype-release-boundary,Tests whether an interactive paper prototype became an independently inspectable project,excluded,2026-08-11,Paper contains no canonical maintained product or source release with verifiable artifact authority
VERIFY-002,cand-morfis,physical-product-customization,Tests whether natural-language customization continues as an engineering artifact rather than a rendered mesh,included,2026-08-11,Official product and startup-track paper establish editable parametric manufacturable CAD output and a continuing workspace
VERIFY-002,cand-ai2apps,research-visual-IDE-boundary,Tests whether a released canvas owns Design artifacts or agent-application logic,excluded,2026-08-11,Released AI2Apps project visually authors AI-agent applications rather than an independently scoped Design artifact
VERIFY-002,cand-prototypeagent,research-prototype-identity,Resolves a misnamed human-centered UI research prototype and tests independent release status,excluded,2026-08-11,Paper names PrototypeFlow and no maintained public product or implementation was found
VERIFY-002,cand-gameuiagent,structured-game-UI-research,Tests whether the reported Figma representation is exposed through a maintained project,excluded,2026-08-11,Paper describes the mechanism but exposes no independently inspectable implementation or current product
VERIFY-002,cand-intelligent-canvas,visual-analysis-prototype,Tests both visualization-authoring scope and independent release status,excluded,2026-08-11,Paper reports an exploratory prototype without a maintained public implementation or product boundary
VERIFY-002,cand-cocoa,scientific-workflow-boundary,Tests whether steerable co-execution constitutes a Design artifact loop,excluded,2026-08-11,Implemented object is a scientific workflow and document co-execution prototype rather than a Design workspace
VERIFY-002,cand-kanvas-ai,canvas-reproducibility,Tests whether a reported Django canvas has a canonical maintained identity,excluded,2026-08-11,No first-party public product or maintained source identity could be verified beyond the paper
VERIFY-002,cand-viscanvas,nonlinear-visualization-authoring,Tests whether branch and merge are real graph operations over reusable visual artifacts,included,2026-08-11,Pinned source stores node and edge state with editable Vega-Lite specifications and implements duplicate branch and merge operations
VERIFY-002,cand-pptagent,presentation-lineage-transition,Tests one project lineage across its original template editor and current HTML-first agent,included,2026-08-11,Pinned history traces PPTAgent edit APIs through DeepPresenter HTML generation visual reflection and PPTX materialization
VERIFY-002,cand-slideagent,dynamic-template-update,Tests the released authority behind natural-language updates to user-provided slide templates,included,2026-08-11,Pinned source parses native slides and data then emits a structured YAML update plan plus rendered evidence
VERIFY-002,cand-talk-to-slides,native-slide-mutation,Tests whether the agent directly mutates an established host document,included,2026-08-11,Pinned source parses active PowerPoint objects generates mutations through COM and saves the native presentation
VERIFY-002,cand-auto-slides,presentation-source-authority,Tests whether interactive revision returns to a durable authoring representation,included,2026-08-11,Pinned source persists plan JSON and LaTeX then verifies repairs compiles and revises those files from feedback
VERIFY-002,cand-caddesigner,parametric-CAD-source-loop,Tests executable CAD authority plus symbolic and visual repair evidence,included,2026-08-11,Pinned source writes and executes CAD code requires valid STL and STEP outputs and feeds failures and renders into repair
VERIFY-002,cand-agentscad,CAD-paper-name-collision,Separates the AgentsCAD paper from the independently discovered AgentSCAD project,excluded,2026-08-11,Linked paper is AgentsCAD and has no maintained release; its record must not absorb a different open-source AgentSCAD product
VERIFY-002,cand-agent-aided-cad,CAD-research-release-boundary,Tests whether AADvark became an independently maintained artifact workspace,excluded,2026-08-11,Paper-only prototype exposes no maintained product or source implementation for artifact-level verification
VERIFY-002,cand-designgpt,multi-agent-product-design,Tests whether a design-research framework exposes a working executable artifact boundary,excluded,2026-08-11,Paper has no independently released product or maintained implementation whose artifact and persistence can be inspected
VERIFY-003,cand-tldraw,agent-canvas-infrastructure,Tests whether an SDK and starter kit own a verifiable visual artifact boundary rather than merely advertising AI compatibility,included,2026-08-11,Pinned store and agent-template source plus official persistence contracts establish an editable record graph and agent action path
VERIFY-003,cand-frontend-slides,agent-authored-presentations,Tests the decision point and durable artifact behind a skill-driven deck workflow,included,2026-08-11,Pinned skill requires three visual candidates before adoption then writes one self-contained HTML deck and browser-rendered PDF
VERIFY-003,cand-app-store-screenshots,agent-scaffolded-marketing-artifacts,Tests whether generated scaffolding becomes a resumable user-editable Design workspace,included,2026-08-11,Pinned project makes JSON and uploaded assets authoritative while the editor autosaves and exports exact store-size PNGs
VERIFY-003,cand-html-video,programmatic-video-authority,Tests the intermediate model and correction loop behind agent-generated video,included,2026-08-11,Pinned source persists a content graph and per-frame HTML then records Chromium output through ffmpeg with explicit project and export state
VERIFY-003,cand-html-anything,multi-surface-html-authoring,Tests whether broad HTML generation has one inspectable authority and recovery path,included,2026-08-11,Pinned source keeps single-file HTML as the deliverable and IndexedDB versions as restorable per-task history around the live iframe
VERIFY-003,cand-open-canvas,writing-canvas-design-boundary,Tests whether an artifact canvas actually ships a visual Design loop,excluded,2026-08-11,Pinned archived source ships Markdown and code writing while visual React and HTML rendering remained roadmap work
VERIFY-003,cand-figma-context-mcp,one-way-design-grounding,Separates design-context materialization from native design mutation,included,2026-08-11,Pinned server exposes only simplified Figma data and image download tools so Figma remains upstream and generated code becomes a separate downstream artifact
VERIFY-003,cand-primo,visual-cms-file-roundtrip,Tests how an agent-facing filesystem converges with a managed visual CMS,included,2026-08-11,Pinned pull and push code round-trips structured site files through PocketBase while preserving explicit server and local ownership boundaries
VERIFY-003,cand-openflowkit,local-first-diagram-authority,Tests bidirectional code and canvas plus agent access and durable local state,included,2026-08-11,Pinned source joins OpenFlow DSL React Flow Zustand IndexedDB snapshots direct provider calls and a first-party local MCP package
VERIFY-003,cand-uno-visual-designer,running-app-visual-authoring,Tests whether runtime inspection writes back to durable application source,included,2026-08-11,First-party Studio and App MCP contracts establish visual-tree operations whose adopted changes modify underlying XAML
VERIFY-003,cand-penpot,open-native-design-agent,Tests an official AI control plane over an established open design graph,included,2026-08-11,Pinned main repository contains the official MCP server and plugin executing generated code against the active native Penpot file
VERIFY-003,cand-antvis-infographic,ai-streamable-visual-grammar,Tests whether a generation framework preserves editable structure instead of only raster output,included,2026-08-11,Pinned syntax parser runtime editor command history and SVG exporter retain structured infographic options and editable vector output
VERIFY-003,cand-figmatocode,deterministic-compiler-ai-boundary,Tests whether design-to-code alone is sufficient for the AI-native census,excluded,2026-08-11,Pinned README explicitly disclaims AI inference and repository synchronization so the plugin is a deterministic compiler
VERIFY-003,cand-silex,desktop-site-agent,Tests whether an established visual builder has a shipped source-level agent control plane,included,2026-08-11,Pinned Tauri source starts an MCP server and dynamically exposes GrapesJS capabilities that mutate local website projects and publish HTML and CSS
VERIFY-003,cand-figma-console-mcp,broad-figma-control-plane,Tests transport-specific write authority and host-owned recovery,included,2026-08-11,Pinned source distinguishes read-only remote mode from plugin-backed writes and implements native node token slide history and multi-file tools
VERIFY-003,cand-figma-relai,file-carried-agent-governance,Tests whether safety policy is executable at the artifact boundary rather than prompt prose,included,2026-08-11,Pinned plugin data and handlers enforce no-go zones confirmation levels selection locks receipts and native Figma writes
VERIFY-003,cand-figma-mcp-bridge,bounded-live-figma-bridge,Tests a smaller plugin-backed write surface and multi-file routing independently from other Figma MCPs,included,2026-08-11,Pinned server and plugin route file-keyed WebSocket calls to a limited native mutation set with explicit deletion confirmation
VERIFY-003,cand-cssstudio,visual-intent-to-source-relay,Tests a closed implementation whose first-party contract still exposes the authority boundary and ordinary correction loop,included,2026-08-11,Official documentation specifies structured visual edits over MCP real source-file writes and task-scoped revert while public repository remains issues-only
VERIFY-003,cand-21st-toolbar,fork-identity-boundary,Tests whether a branded fork represents a new product mechanism or a duplicate lineage,duplicate,2026-08-11,Pinned changelog states it forked stagewise and then renamed symbols and branding without establishing a different artifact authority
VERIFY-004,cand-agent-native-design,source-first-prototype-studio,Tests a self-modifying open application template against hosted prototype generators,included,2026-08-11,Pinned design template exposes SQL design records standalone HTML sources branch actions visual edits quality passes and multiple exports over one preview
VERIFY-004,cand-chordio,product-experience-evaluation-lineage,Tests whether AI-native Design includes executable evaluation and lineage transitions rather than artifact generation alone,included,2026-08-11,Current PX-bench runs agents in held-out apps and reports product-context scores while attributable company history preserves earlier design-workbench surfaces
VERIFY-004,cand-fleck,full-stack-product-design-agent,Tests a managed canvas spanning upstream product reasoning native design state and code delivery,included,2026-08-11,First-party product documents multi-screen flow canvas tokens version diffs and React GitHub Figma ZIP or deployed projections
VERIFY-004,cand-paraflow,spec-to-screen-product-design,Replaces a directory lead with official evidence and tests whether structured upstream artifacts remain part of the design project,included,2026-08-11,Official help establishes confirmed todo plans global context PRDs user flows UI screens prototypes and multi-format handoff
VERIFY-004,cand-dreamina,multimodal-creative-workspace,Tests a Korean-discovered global creative suite beyond one-shot media generation,included,2026-08-11,First-party guidance establishes layered canvas composition reusable layouts shared references and timeline refinement before image and video export
VERIFY-004,cand-botlab-art,textile-production-workspace,Closes the earlier persistence gap for a China-based textile-design agent,included,2026-08-11,First-party material library places generated work in a durable creation-record folder around the infinite canvas and specialist production tools
VERIFY-004,cand-mantis-cad,offline-parametric-agent,Closes the earlier artifact gap without inferring hidden early-access internals,included,2026-08-11,First-party product guarantees conversational parametric continuation offline operation DFM feedback and STEP IGES or CadQuery handoff
VERIFY-005,cand-miro-ai-design,native-collaborative-prototype-decision,Tests whether a whiteboard feature has become a durable Design surface rather than a marketing generator,included,2026-08-11,Official help specifies multi-screen native prototypes drafted in versions and deliberately applied or discarded on the shared canvas
VERIFY-005,cand-hostinger-horizons,managed-app-delivery-graph,Tests conversational generation against visual edits backend persistence recovery source ownership and deployment,included,2026-08-11,Official product and export help establish project history integrated backend one-click release and a one-way React Vite ZIP ownership boundary
VERIFY-005,cand-ux-pilot,ux-flow-to-handoff,Tests whether generated screens retain connected product-flow and design-system context,included,2026-08-11,Official product pages establish editable structured flows four concurrent directions imported components Figma continuation and GitHub code delivery
VERIFY-005,cand-ai-ui-designer,export-centered-ui-agent,Tests a small hosted generator whose public evidence is strongest at delivery rather than native editing,included,2026-08-11,First-party live examples bind original prompts and static previews to downloadable HTML and React TSX outputs while recovery remains unknown
VERIFY-005,cand-mastergo-ai,design-system-governed-native-agent,Tests AI mutation inside a production design-system graph plus an external MCP control plane,included,2026-08-11,Official help exposes native editable vectors component-library constraints direct layer operations structured JSON AST and framework code output
VERIFY-005,cand-modao-ai,dual-prototype-and-code-lineage,Tests whether hosted generation converges with a mature native prototype authority,included,2026-08-11,Official AI and MCP pages persist tasks as Modao files and support native editable prototypes plus HTML React Vue previews and source projections
VERIFY-005,cand-jsdesign-ai,multi-direction-native-ui,Tests Chinese-language variant generation and continuation inside an established collaborative design file,included,2026-08-11,First-party pages establish four generated vector-layer directions that can be saved edited versioned exported and handed off inside 即时设计
VERIFY-005,cand-boardmix-ai,multi-artifact-collaborative-canvas,Tests whether a broad office canvas still carries structured visual artifact authority,included,2026-08-11,Official help places generated mind maps flows presentations images and code into editable shareable files on the native infinite canvas
VERIFY-006,cand-faisca,brand-governed-social-delivery,Tests whether regional marketing automation preserves a continuing designed-content project beyond one-shot media,included,2026-08-11,First-party product connects brand rules generated copy and visuals human adjustment scheduling publishing and multi-brand organization
VERIFY-006,cand-gloria,typed-multimodel-creative-canvas,Tests explicit promotion from model outputs into a native collaborative visual graph,included,2026-08-11,Official docs and privacy contract expose canvas elements typed workflow connections confirm-to-canvas promotion autosave cloud state and collaboration
VERIFY-006,cand-efecto,shared-human-agent-design-authority,Tests one structured document mutated by direct manipulation an embedded agent and external MCP clients,included,2026-08-11,Official docs define JSX-like nodes and 68 tools while changelog establishes IndexedDB cloud sync inline undo multiplayer brand systems and delivery
VERIFY-006,cand-synthesisui,repository-carried-design-contract,Tests Design as executable constraints and measured conformance rather than a standalone drawing surface,included,2026-08-11,Live first-party site compiles audited tokens typed components motion recipes and laws into owned contract files consumed by coding agents
VERIFY-006,cand-adobe-firefly-agent,cross-application-creative-orchestration,Tests one agent lineage across a generative workspace and multiple native Creative Cloud authorities,included,2026-08-11,Adobe announcements establish a public-beta Firefly assistant powered by a creative agent that orchestrates multi-step workflows across host applications
VERIFY-006,cand-aihouse,interior-design-to-manufacturing,Tests whether AI variants remain projections of a precise spatial graph that continues into production data,included,2026-08-11,Official product and help show selectable AI layouts editable 2D and 3D rooms render history CAD BOM quote and factory handoff from one design lineage
VERIFY-006,cand-bunyan,regional-code-aware-home-project,Tests Arabic-first physical Design claims against persistent project delivery evidence and an early-beta ceiling,included,2026-08-11,First-party beta exposes saved projects conversational revision 3D cost calculation CAD and contractor handoff while unverified municipal and buildability claims stay bounded
VERIFY-006,cand-satwa,marketing-orchestration-boundary,Tests whether campaign planning and approval alone establishes a Design artifact authority,excluded,2026-08-11,Official surface exposes plans posts campaign queues client approval and reports but no inspectable visual interactive or physical authoring graph
VERIFY-006,cand-osus-ai,operating-product-identity-threshold,Tests whether a localized claim page can be attributed as a current product before classifying its mechanism,excluded,2026-08-11,Placeholder contact fields stock team imagery inconsistent catalog counts and absence of an inspectable artifact loop fail the verification threshold
VERIFY-006,cand-getfacade,facade-variant-to-contractor-package,Tests a physical-design decision workspace whose outputs require professional review rather than claiming autonomous construction authority,included,2026-08-11,Official product persists source photos measurements sketches options refinements materials costs renders and contractor-oriented drawings in one project
VERIFY-006,cand-adly-ai,brand-to-published-campaign,Tests an Arabic-capable external agent over durable brand creative and release state,included,2026-08-11,Official knowledge and company pages establish brand profiles editable static and video ads landing pages approvals scheduling publishing messaging and MCP access
VERIFY-006,cand-fikra,access-blocked-app-builder,Tests whether launch and company identity alone can substitute for verifiable artifact authority,excluded,2026-08-11,The Arabic-first builder identity is corroborated but the first-party surface is blocked and no public documentation source or ordinary-user lifecycle can be inspected
VERIFY-007,cand-m2-canvas,code-component-multiplayer-canvas,Tests exact-node structured mutation over real design-system components shared by people and several agents,included,2026-08-11,Official product exposes node JSON React component sources design-system references exact patches multiplayer and MCP on one canvas
VERIFY-007,cand-wonder,code-backed-design-roundtrip,Tests a public-alpha design canvas whose format maps directly to code and accepts bidirectional agent operations,included,2026-08-11,First-party product and MCP docs establish canvas edits variants flow continuity React Tailwind export and direct read-write agent access
VERIFY-007,cand-inspector-visual-editor,rendered-element-to-local-source,Tests visual correction when source files remain the sole durable authority,included,2026-08-11,Official docs map selected production UI to code and relay direct manipulation through connected coding agents into a local Git-managed project
VERIFY-007,cand-banani,component-based-ui-agent-project,Tests project-wide generation history memory reusable components and multiple delivery paths,included,2026-08-11,Official help establishes editable multi-screen projects shared components tokens project-wide undo collaboration Figma layers code and MCP
VERIFY-007,cand-dart-design-agent,delegated-design-task-surface,Separates task-level coordination from the Magic Patterns prototype authority it invokes,included,2026-08-11,Dart owns assignment and integrated result state while first-party copy explicitly identifies Magic Patterns as the downstream interactive mockup and code surface
VERIFY-007,cand-uxcanvas,spec-before-ui-generation,Tests a small UI agent whose public mechanism includes an intermediate structured design specification,included,2026-08-11,First-party product establishes specification planning generated editable screens iterative refinement and production-oriented handoff
VERIFY-007,cand-lovart,multiformat-chatcanvas-project,Tests generated-media inventory and semantic element editing inside a durable creative canvas,included,2026-08-11,Official docs establish project canvas layers grouping locking text and element edits generated-file inventory brand rules and item export
VERIFY-007,cand-dotgui,portable-agent-authored-ui-format,Tests whether a deterministic format and renderer constitute an independently usable Design project,included,2026-08-11,Pinned source and specification define XML layout intent tokens roles assets preview validation local rendering packaging and direct agent writes
VERIFY-007,cand-figspecs,native-specification-materialization,Tests whether handoff governance creates inspectable native and file artifacts instead of only style advice,included,2026-08-11,Current plugin writes native Figma spec frames and exports component rules structured JSON CSS Tailwind accessibility results and linked Jira issues
VERIFY-007,cand-plexui-bridge,semantic-token-figma-mutation,Tests a bridge whose distinction is preserving variable bindings rather than raw resolved values,included,2026-08-11,Official local HTTP contract reads and writes native Figma structure component instances and semantic design-token bindings
VERIFY-007,cand-program-ui,shared-token-model-transition,Tests a partially shipped design system binding humans agents Figma and code to one generated token model,included,2026-08-11,Live copy-to-Figma components and token contract are inspectable while broader agent generation remains waitlisted and explicitly transitional
VERIFY-007,cand-dmaya,editable-multimodel-ui-canvas,Tests an early independent UI canvas across brief brand reference and conversational refinement,included,2026-08-11,First-party live product creates editable multi-screen UI and maintains iterative agent context before code delivery
VERIFY-007,cand-ai2-design,agent-readable-library-boundary,Tests whether an MCP-ready registry alone owns a continuing Design artifact,excluded,2026-08-11,The released MIT component library and token registry guide downstream agents but do not operate an independently authored visual artifact
VERIFY-007,cand-dstoai,offline-design-context-materialization,Tests one-way owned context documents as a deliberate alternative to a live MCP bridge,included,2026-08-11,Official plugin reads the Figma system and exports a portable Build Task Markdown artifact for downstream agents
VERIFY-007,cand-youware,visual-source-backend-delivery-project,Tests one project across prompt visual edits source edits backend services export and deployment,included,2026-08-11,Official product keeps real React source and live preview together with AI visual editing auth data storage Cloudflare deployment and code export
VERIFY-007,cand-jeda,multimodel-native-wireframe-canvas,Tests candidate comparison and direct shape editing rather than flattened wireframe images,included,2026-08-11,Official product exposes editable native shapes concurrent model options AI Extend shared canvas version control and SVG Figma handoff
VERIFY-007,cand-niki,streamed-json-graphics-canvas,Tests a direct-founder architecture account against a live early product surface,included,2026-08-11,First-person technical evidence identifies planner and execution agents streaming a shared Fabric.js JSON graph that users edit directly
VERIFY-007,cand-gendesigns,component-backed-mobile-ui-output,Tests generated mobile design as editable code-bearing screens rather than screenshots,included,2026-08-11,Official product establishes multi-screen theme state chat refinement HTML Tailwind components and code image or ZIP delivery
VERIFY-007,cand-mimic-ai,learned-design-system-figma-enforcement,Tests source-visible policy and feedback between agents design-system evidence and native Figma mutations,included,2026-08-11,Pinned server knowledge store enforcement layer WebSocket bridge and plugin use real instances variables recipes correction memory and gap reports
VERIFY-007,cand-wix-harmony,continuous-agent-site-authority,Tests a current flagship surface against the retired ADI lineage and separately acquired Base44 product,included,2026-08-11,Wix establishes Aria and direct pixel editing over the same production site graph while ADI is retired and Base44 remains independently branded
VERIFY-007,cand-adalo-ai,agent-mutated-native-app-graph,Tests AI over screens data navigation logic validation and multi-platform release from one visual project,included,2026-08-11,Official Ada contract exposes Magic Start Magic Add element-targeted Visual Direction X-Ray and iOS Android web publishing
VERIFY-007,cand-microsoft-designer,cloud-design-candidate-promotion,Tests generative visual candidates that continue into an editable saved project instead of stopping at download,included,2026-08-11,Official support documents deliberate result acceptance canvas editing cloud autosave My projects and cross-product delivery while legacy editor migration remains explicit
VERIFY-007,cand-squarespace-blueprint,ai-started-managed-site,Tests guided AI layout and content as the beginning of a normal editable published site lineage,included,2026-08-11,Official Squarespace material establishes Blueprint generation followed by ordinary site editing content and platform publication
VERIFY-007,cand-one-aida,conversational-site-continuation,Tests agent and manual edits both before and after release on a managed provider site,included,2026-08-11,Official help establishes conversational generation manual editing responsive preview persistent publication forms commerce and domain attachment
VERIFY-007,cand-brilliant-design,git-native-agent-vector-authority,Tests native vector agents plain-text design files local autosave undo design-system sources and host roundtrip in one tool,included,2026-08-11,Official docs expose same-canvas built-in and MCP commands per-chat and per-canvas undo plain-text YAML autosave Git workflows and Figma import export
VERIFY-008,cand-locofy,regenerative-design-code-materialization,Tests changed-frame regeneration and generated-code integration instead of treating one-click export as a continuing loop,included,2026-08-11,Official docs expose design parsing reusable-component detection Smart Regenerate Agent Mode and context-aware CLI or GitHub merge
VERIFY-008,cand-dualite,multi-input-managed-code-project,Tests whether Figma import remains editable and deployable inside the same product rather than ending as a code dump,included,2026-08-11,Official current guides expose prompt Figma GitHub and template starts plus Interaction Mode Supabase source ownership sync and deployment
VERIFY-008,cand-we0,role-specialized-managed-site,Tests multi-agent division of planning visual design code operations and release against a persistent managed site,included,2026-08-11,Official product and company pages expose Planning Design Technical and growth roles with visual CMS domains deployment and continued content operations
VERIFY-008,cand-visdiff,render-compare-correct-loop,Tests visual evidence as an active correction signal between an upstream design and downstream source code,included,2026-08-11,Official early-access product names Figma ground truth screenshot rendering pixel comparison repeated agent fixes source export and MCP integration
VERIFY-008,cand-zigma,ai-assisted-token-authority,Tests a narrower design-system artifact where AI changes tokens and materializes them from Figma into production source,included,2026-08-11,Contemporaneous maker launch describes AI token updates Figma variable synchronization and GitHub delivery while the former domain is now parked
VERIFY-008,cand-codejet,figma-to-live-site-continuation,Tests whether AI conversion continues through editable code preview and publication instead of stopping at static generation,included,2026-08-11,Current official docs expose AI code generation in the Figma plugin a real-time visual editor HTML and CSS output and direct website launch
VERIFY-008,cand-dhiwise,lineage-shift-to-code-owned-app,Tests a design-to-code predecessor after its transition into a full prompt-to-production app project,included,2026-08-11,The official DhiWise surface redirects identity to Rocket.new whose docs expose Figma and file starts targeted visual edits direct code edits GitHub and deployment
VERIFY-009,cand-serendie-mcp,agent-readable-and-native-system-governance,Tests a public design system from read-only agent guidance through selected-layer native Figma correction,included,2026-08-11,Official docs and pinned server source expose component token guideline tools while the Figma plugin shares selection context detects violations and applies token or component fixes
VERIFY-009,cand-designmd-maker-jp,user-promoted-design-specification,Tests AI proposals that terminate in a portable reviewable instruction artifact rather than an opaque generated picture,included,2026-08-11,Official product and terms establish up to ten proposals preview user selection rationale and a user-owned downloadable DESIGN.md containing fonts colors and accessibility rules
VERIFY-009,cand-aidesigner,continuing-cross-medium-design-project,Tests one agent-owned project across UI brand assets direct refinement publication and coding-agent access,included,2026-08-11,Current official surface exposes editable designs targeted section changes retained brand kits variations publishing and MCP read or create workflows
VERIFY-009,cand-hozo,design-system-governed-bidirectional-operation,Tests a service method where code and cloud design representations remain reviewable and system changes propagate,included,2026-08-11,Official launch states operational use pattern extraction token system generation editable design and HTML or React outputs bidirectional conversion and retroactive system updates
VERIFY-009,cand-layermate,selected-layer-native-figma-authoring,Tests whether conversational generation lands as structured host-native data and can continue from existing design context,included,2026-08-11,Official current product exposes selected-layer references native Auto Layout and Frames multi-screen flows variants states fine edits and ordinary Figma continuation
VERIFY-009,cand-mushu,historical-host-native-generation,Tests a discontinued Figma assistant without presenting it as a current option,included,2026-08-11,Contemporaneous maker launch establishes prompt-to-editable on-brand Figma websites responsive remix iterations and copy or image generation while the former domain is now parked
VERIFY-010,cand-flato,persistent-programmable-presentation-canvas,Tests whether humans and multiple agents inspect and mutate one structured visual project across motion interaction and export,included,2026-08-12,Official architecture page and FAQ expose pages blocks styles media project state canvas-context edits external MCP copies manual continuation and explicit image-based PPTX limits
VERIFY-010,cand-komposo,editable-ui-candidate-to-code,Tests candidate comparison and continued screen editing before Figma or framework delivery,included,2026-08-12,Official current surface exposes conversational multi-screen planning variants section-level changes shared projects Figma export and responsive Next React Vue Astro or Expo output
VERIFY-010,cand-pixello,repository-native-design-code-authority,Tests a claimed round trip where neither a cloud canvas nor screenshots are the source of truth,included,2026-08-12,Official docs define human-readable design JSON in the repository local Git code authority MCP orchestration IDE visual editing and synchronized frontend generation
VERIFY-010,cand-disenia,multidevice-versioned-ui-system,Tests one editable UI project across device classes models token constraints history and multiple delivery representations,included,2026-08-12,The live first-party application bundle exposes reusable components responsive auto-layout selected model prompt history visual version diffs Figma synchronization and HTML or React export
VERIFY-010,cand-codia,vision-schema-editable-reconstruction,Tests AI materialization of flat references into inspectable design structure and that structure into code,included,2026-08-12,Official platform describes its VisualElement schema visual hierarchy and layer reconstruction prompt generation editable Figma PowerPoint Canva SVG JSON outputs APIs MCP and multi-framework code generation
VERIFY-010,cand-quby-weave,layered-multiscreen-prototype-system,Tests prompt screenshot and design-system inputs that remain editable across a multi-screen canvas and several delivery targets,included,2026-08-12,Official Quby surfaces expose chat iteration full layer separation design tokens interactive preview version history structured Figma or SVG and HTML React Vue Svelte or Tailwind outputs
VERIFY-010,cand-artiso,fashion-lifecycle-artifact-chain,Tests a domain-specific chain from creative direction to production specification rather than isolated campaign imagery,included,2026-08-12,Official platform exposes agentic trend and fabric moodboards design development CAD placement and all-over prints technical packs and campaign content under one continuing collection workflow
VERIFY-010,cand-inescop-footwear-prototype,last-constrained-technical-sketch,Tests an industrial research prototype where geometry context constrains a generated concept before manufacturing review,included,2026-08-12,Official INESCOP project states text-to-technical footwear sketches adapted to a digital last specialized model development and a completed funded project boundary
VERIFY-011,cand-jenova-ui,persistent-visual-prototype-agent,Tests whether a no-code-output agent still owns a continuing Design artifact rather than isolated screenshots,included,2026-08-12,Official product contract establishes multi-screen visual prototypes prompt and sketch inputs conversational revisions persistent cross-session design-system memory and explicit visual-only delivery
VERIFY-011,cand-uxstudio-ai,flow-to-prototype-and-source,Tests a localized UI agent across connected screen planning interaction direct editing and escape to downstream authority,included,2026-08-12,First-party surface exposes AI-planned user flows clickable prototypes browser edits bidirectional Figma style transfer structured Figma export and source-code delivery
VERIFY-011,cand-holst-ai,generation-plus-layer-editor,Tests an adjacent visual-content product without upgrading raster marketing artifacts into structured UI claims,included,2026-08-12,First-party Russian platform exposes prompt image and video generation alongside an ordinary layer editor with text geometry filters and PNG or JPG delivery
VERIFY-011,cand-ai-design-space,multimodel-production-canvas,Tests whether a model hub has a persistent composition and production layer beyond generation endpoints,included,2026-08-12,Live first-party surfaces expose project history folders infinite canvas layers masks comments roles CRM handoff media editing and PNG PDF or video export
VERIFY-011,cand-pippit-ui-designer,raster-ui-concept-workflow,Tests a UI-labeled page against the actual authority of its parent visual-content product,included,2026-08-12,First-party workflow shows prompt screenshot or sketch to image candidates followed by raster inpaint outpaint eraser and upscale edits with no evidence of a structured UI graph or live prototype
VERIFY-011,cand-easeui,html-variant-lineage-and-materialization,Tests a browser-first product where rendered code remains inspectable and can be materialized as a native design graph,included,2026-08-12,Current documentation details saved HTML child variants live getComputedStyle mutation design-token extraction Figma node-tree import and computed-style export into native Figma layers
VERIFY-011,cand-appy-pie-ui,no-code-ui-to-deployed-product,Tests an AI design surface that crosses from layout candidates into an editable hosted application lifecycle,included,2026-08-12,First-party workflow exposes layout variation conversational and drag-drop refinement wireframe and prototype states HTML CSS image export and continuation into hosted web or mobile delivery
VERIFY-011,cand-rosebud-ai,prompt-to-playable-game-project,Tests interactive experience Design where code assets runtime preview and publication remain one continuing artifact,included,2026-08-12,Official editor guides establish chat-authored code asset management real-time playable preview publication links and remix into a new editable project
VERIFY-012,cand-vidova,agent-mutated-video-timeline,Tests whether natural-language edits land on a human-controllable timeline with an authority escape path,included,2026-08-12,Official product exposes agent cuts zoom captions b-roll music and keyframes on a real timeline plus editable-timeline export and local or bring-your-own-S3 storage
VERIFY-012,cand-pptcraft,checked-native-powerpoint-materialization,Tests a preview-stage slide agent whose decisive mechanism is validation before editable native delivery,included,2026-08-12,First-party preview specifies vector geometry overflow checks deterministic charts render-to-vision critique and native text shape and chart objects in the exported PPTX
VERIFY-012,cand-influencer-studio,generation-aware-video-timeline,Tests an editor that retains generative lineage rather than treating every model output as a fixed file,included,2026-08-12,Official workflow keeps clips connected to generation on a multi-track project and replaces extends upscales or lip-syncs a selected take in place with preserved versions
VERIFY-012,cand-reel-studio,agent-controlled-multishot-production,Tests planning candidate selection continuity timeline and delivery as one agent-operable project,included,2026-08-12,Official product and MCP contract expose projects shots reusable references queued takes VLM drift review keeper promotion audio tracks timeline assembly and export
VERIFY-012,cand-okkslides,template-governed-editable-deck,Tests whether imported corporate PowerPoint rules constrain a continuing generated artifact,included,2026-08-12,First-party surface shows template learning element-level canvas edits natural-language refinements existing-deck redesign and editable PPTX delivery
VERIFY-012,cand-slidex,browser-slide-canvas,Tests a lightweight generated deck that remains directly editable before two delivery representations,included,2026-08-12,Official current surface exposes prompt-to-deck generation element selection text icon and color edits live presentation and PPTX or PDF export
VERIFY-012,cand-zoea,code-authored-video-effects,Tests an agent where generated effect code and timeline preview converge on the same desktop video project,included,2026-08-12,Official product exposes script and long-footage understanding web asset import generated effect code timeline composition and live visual preview on macOS and Windows
VERIFY-012,cand-story-ai-video-editor,advisory-agent-on-film-timeline,Tests whether an agent advises and edits inside a retained long-form film authority,included,2026-08-12,Official product exposes imported or generated scenes unlimited tracks frame precision Movie Agent suggestions voice subtitles audio mixing and user acceptance control
VERIFY-012,cand-preso,shared-editor-and-headless-deck-engine,Tests one design engine under direct manipulation chat REST and MCP rather than counting each interface separately,included,2026-08-12,Official surface establishes saved brand kits editable slide canvas chat refinement headless API and MCP plus live PPTX PDF and Google Slides delivery
VERIFY-012,cand-visk,bidirectional-html-powerpoint-engine,Tests a concrete mapping between an agent-legible representation and host-native editable objects,included,2026-08-12,Official technical contract specifies deterministic two-way PPTX and HTML conversion preserved templates browser visual feedback real PowerPoint primitives add-in web API and MCP access
VERIFY-012,cand-deckscript,local-first-system-before-slides,Tests outline and design-system approval before AI materializes an editable presentation,included,2026-08-12,Official product exposes editable outline type color and spacing system native 16 by 9 canvas executable code diagram chart math blocks offline state cloud sync presenter mode and PDF export
VERIFY-012,cand-google-vids,collaborative-scene-video-project,Tests a generated storyboard that remains a shared editable Workspace artifact,included,2026-08-12,Official Workspace contract exposes editable scene outline generated scripts stock and Veo media recording transitions object tracking permissions comments playback and shared project continuation
VERIFY-012,cand-recraft,mixed-raster-vector-project-canvas,Tests native paths and image generations under one composition authority without collapsing their editability,included,2026-08-12,Official docs expose infinite project canvas objects prompt versions imported assets masks mockups real vector anchor editing style consistency collaboration and format-specific export
VERIFY-012,cand-kittl,agent-plus-graphic-design-editor,Tests an established design canvas whose AI surface continues into editable creative assets,included,2026-08-12,Current first-party surface exposes complete-task agentic AI editable vector generation image and video tools infinite canvas real-time collaboration typography mockups and export workflows
VERIFY-012,cand-capcut,ai-generation-inside-mainstream-timeline,Tests a major editor where chat generation is only one operation inside a continuing media project,included,2026-08-12,Official product exposes chat-to-video creation alongside editable video image text audio caption transition and template operations across online desktop mobile and tablet surfaces
VERIFY-012,cand-dafty,brand-memory-to-campaign-pipeline,Tests whether persistent brand context governs a family of continuing social assets,included,2026-08-12,Official product extracts logo color typography and style into a studio then generates edits manages and publishes connected image video ad carousel and campaign assets through repeatable pipelines
VERIFY-012,cand-decksy,parked-domain-boundary,Tests a search-result lead whose present product and artifact cannot be independently reached,excluded,2026-08-12,Direct first-party domain inspection resolves only to a parking lander and produced no accessible workspace documentation artifact contract or operating team
VERIFY-012,cand-autodesk-flow-studio,editable-ai-vfx-scene,Tests generated media that retains 3D camera character and motion structure for downstream production,included,2026-08-12,Official Autodesk surface identifies current Flow Studio and former Wonder Studio lineage with editable 3D Canvas rigging camera tracking masks clean plates mocap and USD-based DCC export
VERIFY-013,cand-hemline,fashion-collection-context-and-tools,Tests a domain agent whose visual variants technical flats and source references remain attached to a continuing collection,included,2026-08-12,Official workspace exposes Hemy tool routing sketch render and technical-flat conversion fabric edits shared infinite canvas asset library version history side-by-side promotion and workflow builder
VERIFY-013,cand-textocad,parametric-browser-cad-package,Tests whether text generation leaves dimensions and model history directly adjustable before engineering handoff,included,2026-08-12,Official editor contract exposes parameter sliders feature tree live preview conversational refinement and STEP or STL export from one browser model
VERIFY-013,cand-archgen,physics-constrained-cad-preview,Tests an early-access industrial product where engineering checks constrain generated parametric geometry,included,2026-08-12,First-party preview specifies adjustable features and constraints embedded stress fluid and manufacturability validation and multi-format editable CAD delivery while clearly remaining request-only access
VERIFY-013,cand-prompt2cad,agent-inspected-parametric-build,Tests a CAD agent that plans executes visually inspects corrects and derives manufacturing data from one model,included,2026-08-12,Official product exposes clarifying brief structure planning parameter controls geometry code multi-angle renders self-correction stable part IDs cut-list derivation and STEP DXF STL OBJ GLB or CSV delivery
VERIFY-013,cand-forgent3d,source-code-to-verified-geometry,Tests executable CAD source under a local and hosted agent loop with directly inspectable implementation,included,2026-08-12,Pinned desktop revision bd07a9b976621456b6640774b0d85a4493e02798 registers rebuild and screenshot tools executes part.py and asm.xml with params.json and returns build geometry cache and visual evidence while current cloud and skill surfaces preserve editable code
VERIFY-013,cand-addercad,approval-gated-live-dwg-mutation,Tests host-native drafting with evidence and rollback before each production edit,included,2026-08-12,First-party early-access surface exposes active drawing inspection entity-level proposals pre-edit snapshots explicit approval change reports one-click restoration cross-session project memory and local DWG authority
VERIFY-013,cand-42maker,prompt-to-printable-object-graph,Tests generated parts that continue through ordinary CAD operations and manufacturing checks,included,2026-08-12,Running product surface exposes guest editor object tree and properties primitives STL import sketches extrude revolve fillet chamfer screws snap tabs build-volume checks and STL delivery
VERIFY-013,cand-mercer-fashion,concept-to-production-collection,Tests AI ideation inside a retained fashion development and partner handoff lifecycle,included,2026-08-12,Official former-Cala platform exposes saved collection media custom influences product variants paint edits measurements notes tasks approvals manufacturing sharing and print-ready files under Mercer Design Studio
VERIFY-013,cand-buildcad,cloud-and-mcp-parametric-cad,Tests one model authority under in-app and external-agent control with team review and host handoff,included,2026-08-12,Official surface exposes cloud parametric geometry conversational iteration MCP create preview and save controls collaboration version history and STEP IGES STL OBJ glTF DXF and named host-native exports
VERIFY-013,cand-cadcursor,enterprise-feature-tree-generation,Tests historical-part governance planning topology checks and parameter-preserving delivery across commercial CAD systems,included,2026-08-12,Official live beta describes feature-tree models from text drawing sketch or photo enterprise library retrieval multi-agent planning geometry-kernel execution topology checks private deployment and editable SolidWorks NX Creo CATIA or STEP export
VERIFY-013,cand-architechtures,ai-to-manual-bim-authority,Tests one building project across parametric generation direct geometry editing metrics variants and regenerated downstream documents,included,2026-08-12,Official manual and tutorials expose Auto Manual and Readonly states live BIM floor plan cost and compliance metrics project variants sharing plus IFC DXF and XLSX generation that invalidates on subsequent edits
VERIFY-013,cand-bezi-unity,reviewable-in-engine-game-agent,Tests a current product transition where an agent acts on the real Unity project with diff and restore control,included,2026-08-12,Official current surface indexes scripts assets scenes packages GDDs and specs then proposes scripts shaders scene tools and layout operations with reviewable diffs approval and restoration in Unity
VERIFY-013,cand-unity-ai,native-editor-agent-gateway-and-mcp,Tests host-owned scene authority across Unity's own assistant and verified third-party agents,included,2026-08-12,Official current beta states the Unity AI name is retiring while the in-editor assistant gateway and MCP inspect scenes GameObjects and components drive Editor actions convert references to playable scenes and verify behavior in Unity 6 projects
VERIFY-013,cand-dressx,self-serve-fashion-commerce-production,Tests a fashion visual-production artifact rather than counting every try-on API and customer channel as a separate Design product,included,2026-08-12,Official AI Suite identifies a self-serve Studio where packshots garment combinations shoes creative direction and bulk runs produce collection-scale image and video shoots while APIs widgets try-on and CRM remain delivery surfaces
VERIFY-014,cand-pixso,native-design-file-mcp,Tests an established collaborative design graph exposed to external agents without creating a second product,included,2026-08-12,Official developer contracts expose current or linked Pixso containers through local and remote MCP while getCode getNodeDSL getImage variables and component tools preserve the native file as authority
VERIFY-014,cand-orbis,local-code-to-editable-design,Tests local executable prototypes that materialize into measured handoff and editable Figma layers,included,2026-08-12,Official downloadable surface exposes parallel React and Tailwind directions inline edits reusable design.md measured specifications journey maps and editable Figma conversion on the users machine
VERIFY-014,cand-tapcanvas,native-ui-as-agent-answer,Tests whether generated UI remains runnable repairable and reusable in the same mobile runtime,included,2026-08-12,Official pre-release contract defines native canvases that one agent creates runs troubleshoots teaches and shares without an export or second product surface
VERIFY-014,cand-uxbot,spec-to-cross-platform-prototype,Tests a product workflow graph that proceeds through editable screens simulation and platform code,included,2026-08-12,Official tutorial exposes requirement and workflow editing multi-screen high-fidelity prototypes localized edits style switching shared cloud simulation hosting and Web iOS and Android source export
VERIFY-014,cand-autocraft,controlled-ai-ui-workspace,Tests whether code generation remains controllable through manual and scoped design operations,included,2026-08-12,Official beta exposes multi-page infinite canvas quick edits selected-component agent targeting locked style systems inspiration references responsive preview version-like duplication and frontend code inspection and download
VERIFY-014,cand-hyperplane,html-candidate-refinement,Tests an adoption surface between external AI HTML and durable design or code delivery,included,2026-08-12,Official live service accepts URL HTML and MCP inputs renders comparable designs allows direct text and image correction then delivers editable Figma PDF PNG HTML or a live link
VERIFY-014,cand-backdraft,cst-backed-bidirectional-authoring,Tests deterministic canvas mutation of real application source plus agent visual verification,included,2026-08-12,Official docs state source files are the only authority and CST patches preserve surrounding code while visual edits agent multi-file changes screenshots Git and deployment share the same workspace
VERIFY-014,cand-vberai-studio,bidirectional-game-canvas-engine,Tests structure-preserving visual production between design layers and executable engine scenes,included,2026-08-12,Official surface imports layered design and engine assets keeps every AI output editable preserves hierarchy bindings and references during reskin exports scenes and prefabs and pulls engine state back to the canvas
VERIFY-014,cand-figcraft,local-agent-layer-project,Tests multi-step visual-agent work that persists as editable local project state rather than disposable media,included,2026-08-12,Official docs show planning dependency-aware tasks tool calls local file operations canvas placement editable layers reference consistency pausing continuation and image or video delivery
VERIFY-014,cand-mowgli,spec-moodboard-screen-flow,Tests explicit selection and synchronization across product intent visual directions full flows and implementation handoff,included,2026-08-12,Official product exposes a living specification four to sixteen design alternatives selected themes every screen and state targeted edits prototypes branches and Figma React Tailwind or agent-ready export
VERIFY-014,cand-uitiful,early-access-agent-connected-canvas,Tests a cross-platform design workspace while separating current semantic Web output from roadmap native paths,included,2026-08-12,Official early-access surface exposes persistent screen generation visual refinement semantic HTML local-agent connection and Web delivery while marking iOS Android and portions of Figma delivery as staged early-access paths
VERIFY-014,cand-websim,remixable-hosted-web-artifact,Tests whether simulated pages remain identifiable runnable and extensible projects rather than one-shot code,included,2026-08-12,Official terms and current blog expose prompted and remixed hosted webpages apps and games downloadable HTML integrated AI abilities backend endpoints shareable identities and an active July 2026 release stream
VERIFY-014,cand-gnucleus-ai,parametric-cad-agent-suite,Tests editable engineering intent across generation validation simulation and enterprise deployment,included,2026-08-12,Official docs expose feature histories dimensions constraints parts mating assemblies SolidWorks Catia FreeCAD and neutral exports plus a deterministic validator that jointly scores rebuilt geometry and specification consistency
VERIFY-014,cand-gemdesign,dual-mode-editable-prototype-authority,Tests an independently surfaced Design workspace inside a broader software-generation company,included,2026-08-12,Official current site and manual expose a Figma-like infinite canvas and a conversational app-prototype mode with editable layers target selection reusable components interaction generation task queues sharing Figma Axure HTML image PRD and MCP delivery
VERIFY-014,cand-soulcanvas,observable-agent-asset-lineage,Tests a retained creative process graph with visible controllable agent execution,included,2026-08-12,Official product keeps references prompts planning steps execution logs costs outputs groups and version relations on an infinite canvas with pause retry edit variant and image-to-video continuation
VERIFY-014,cand-aipto,node-graph-commerce-production,Tests identity-consistent fashion and commerce work from references through retained node operations to delivery,included,2026-08-12,Official running studio exposes reference inputs model and product identity locks node wiring repaint multi-model generation saved techniques sub-artboards variants short video and high-resolution export
VERIFY-014,cand-datengcad,ai-assisted-cloud-feature-model,Tests AI inside a complete manufacturing CAD and PDM authority rather than requiring chat generation as the only qualifying loop,included,2026-08-12,Official product exposes native geometry and constraint kernels long feature chains large assemblies AI historical-part search optimization suggestions browser collaboration review permissions versions and automatic PDM archival
VERIFY-015,cand-layout,design-system-compiler-and-return-path,Tests one project across Figma extraction context authoring candidate comparison Figma promotion and running-source correction,included,2026-08-12,Official docs expose snapshots editable layout.md paired context comparisons real auto-layout frame push and Tailwind source writeback through Layout Live
VERIFY-015,cand-typeui,versioned-agent-design-context,Tests whether a design-system context product has its own reviewable authority rather than being only a prompt collection,included,2026-08-12,Official docs expose editable markdown source draft and publish separation numbered releases rollback and user-selected variants served through authenticated MCP
VERIFY-015,cand-windframe,code-synchronized-ai-visual-project,Tests generated alternatives inside an established visual project whose code and canvas remain mutually inspectable,included,2026-08-12,Official docs expose multiple generated designs selected into canvas direct visual and code edits saved project and AI history and exports across ten framework targets
VERIFY-015,cand-uiprompt,prompt-artifact-boundary,Controls for products that structure Design intent but hand off only copied text,excluded,2026-08-12,Official surface ends at one project-context prompt copied into another agent and does not establish an independently operated rendered artifact
VERIFY-015,cand-step1,clone-fuse-repair-restore-site,Tests a website project created from external visual evidence and continued through AI source mutation,included,2026-08-12,Official docs expose prompt clone and import starts selected-element fusion conversational edits automatic compile and runtime fixes restore code controls and publication
VERIFY-015,cand-vibeui,static-design-resource-boundary,Controls for agent-addressable style repositories that do not own the downstream project,excluded,2026-08-12,Official API returns curated HTML CSS and Tailwind resources while the external agent alone injects and persists the visual implementation
VERIFY-015,cand-openui,streaming-declarative-runtime-authority,Tests whether generative UI infrastructure owns an executable bounded artifact beyond model text,included,2026-08-12,Pinned source separates one-time OpenUI Lang generation from parser renderer state query and mutation execution constrained by a registered component library
VERIFY-015,cand-tastemaker,persistent-skill-without-artifact-authority,Tests whether style locks and decision memory alone cross the visual artifact boundary,excluded,2026-08-12,Pinned source persists policy and preferences but every rendered source file remains authored and owned by an external coding agent
VERIFY-015,cand-agent-scad,local-first-validated-parametric-authority,Tests a current source product against the similarly named excluded AgentsCAD paper,included,2026-08-12,Pinned pipeline writes editable SCAD invokes real OpenSCAD renders STL and PNG runs deterministic checks allows one repair and persists jobs versions and artifacts
VERIFY-015,cand-gitfig,non-ai-design-code-control,Tests a sophisticated Design bridge that lacks AI or agent participation,excluded,2026-08-12,Official product exposes bidirectional token sync commits branches pull requests conflicts and rollback but no AI or agent acts in the ordinary workflow
VERIFY-015,cand-gemcoder-ai,requirement-to-product-project,Tests whether the parent application builder is a distinct ordinary product from GemDesign,included,2026-08-12,Official product turns requirements through componentized interface design natural-language interaction generation and application code into a deliverable managed software project
VERIFY-015,cand-taste-skill,portable-agent-policy-boundary,Tests a multi-skill design instruction collection against the independently owned artifact test,excluded,2026-08-12,Pinned repository supplies prompts dials examples and image-generation policies to other agents but retains no canonical target visual project
VERIFY-015,cand-ai-prototyper,rag-to-native-figma-graph,Tests a research release whose maintained source exposes actual host mutation instead of paper claims alone,included,2026-08-12,Pinned backend decomposes features and bounds generation to retrieved component specs while plugin code materializes the JSON tree as editable Figma auto-layout nodes
VERIFY-015,cand-tokvista,ai-generated-versioned-token-graph,Tests token governance where AI output enters the same Figma and GitHub lifecycle as direct edits,included,2026-08-12,Official plugin and creator evidence expose prompted foundation and semantic tokens Figma import visual diff multi-format export GitHub snapshots and developer preview
VERIFY-015,cand-promptinfuser,unreleased-research-plugin,Tests a historically consequential Figma and LLM interaction without assuming publication equals product release,excluded,2026-08-12,Primary research establishes the study prototype but no maintained public release or source project supports a current or independently usable lineage
VERIFY-015,cand-cogen,paper-only-component-generation,Tests reported native Figma component generation without a released implementation,excluded,2026-08-12,The paper describes JSON and Figma results but provides no maintained product or source path for artifact-level verification
VERIFY-015,cand-promptlyux,prompt-companion-inside-figma,Tests whether Figma location alone makes a prompt assistant a visual artifact operator,excluded,2026-08-12,Product and source expose project intake UX chat prompt generation libraries and saved prompts but no mutation or governance of the selected Figma design
VERIFY-016,cand-behavr,simulated-user-verification,Tests whether AI usability simulation forms a retained Design evidence workspace,included,2026-08-12,First-party flow extraction simulated navigation heatmaps metrics and ranked findings establish a project artifact while real-user validation remains a separate declared ceiling
VERIFY-016,cand-dawn-design,multiplayer-agent-studio,Tests a human and agent product-design workspace whose output crosses into production source,included,2026-08-12,Official private-beta contract joins organizational evidence design-system components shared decisions production React MCP and pull-request delivery
VERIFY-016,cand-mydesign-md,evidence-built-design-spec,Tests whether website analysis owns more than a one-shot style prompt,included,2026-08-12,Measured DOM CSS and screenshots are validated into a reusable multi-file DESIGN.md grounding package with retained job history
VERIFY-016,cand-designmd,governed-design-spec-registry,Tests a specification publication system against the static-library exclusion,included,2026-08-12,Upload lint review publication structured tokens exports REST and MCP give portable DESIGN.md files a governed artifact lifecycle
VERIFY-016,cand-prompt-to-app,managed-app-generation,Tests a conventional prompt builder for preview refinement source exit and delivery,included,2026-08-12,Official product retains the generated application across conversational edits preview framework targets export and deployment
VERIFY-016,cand-friction,simulated-persona-review,Tests a privacy-bounded usability-analysis artifact,included,2026-08-12,First-party workflow retains persona paths heatmaps dimension scores findings and browser-local sessions for Figma or live-URL studies
VERIFY-016,cand-superinterface,embeddable-agent-ui-open-core,Tests whether an assistant UI library owns an interactive artifact and persistence contract,included,2026-08-12,Pinned React JavaScript root-element and server packages expose interactive component rendering plus workspace assistant thread and tool records
VERIFY-016,cand-md-design,static-agent-style-registry,Tests whether installable design descriptions alone cross the artifact boundary,excluded,2026-08-12,The registry supplies static brand descriptions to external agents but operates no AI-mediated visual artifact of its own
VERIFY-016,cand-dzndna,paste-ready-design-prompts,Tests a curated design-language library against independent artifact authority,excluded,2026-08-12,The downstream coding agent owns every result and the current library itself only copies structured prompts
VERIFY-016,cand-uxcascade,paper-only-simulated-testing,Tests research publication against a maintained usable product boundary,excluded,2026-08-12,The paper describes simulated-user testing but exposes no current independent release or implementation
VERIFY-016,cand-portal-ux-agent,paper-only-bounded-ui,Tests a strong protocol concept without assuming a paper is a product,excluded,2026-08-12,Typed composition and deterministic rendering are reported but no maintained usable source or product authority is available
VERIFY-016,cand-zinloop,architecture-memory-canvas,Tests a system-design graph whose output governs downstream agents,included,2026-08-12,Official canvas snapshots diffs schemas and MCP memory establish a native architecture authority with several delivery exits
VERIFY-016,cand-sio,study-generation-and-collection,Tests whether generated tasks alone become a full retained usability loop,included,2026-08-12,First-party application bundles prototype grounding questionnaires participant links response collection heatmaps and analysis
VERIFY-016,cand-usertesting,human-study-ai-scaffolding,Tests a plugin surface without splitting it from its established platform,included,2026-08-12,AI-generated tasks launch into canonical UserTesting audiences and human Think-Out-Loud evidence returns to the same product
VERIFY-016,cand-pega-blueprint,case-model-to-application,Tests non-screen product Design as a governed application blueprint,included,2026-08-12,Editable case lifecycles data personas preview collaboration export and branch import establish a managed application authority
VERIFY-016,cand-open-generative-ui,streamed-sandbox-artifact,Tests open generative UI whose progressive preview becomes executable output,included,2026-08-12,Pinned middleware streams structured tool parameters through progressive DOM patching and final isolated sandbox promotion
VERIFY-016,cand-draftbit,source-owned-mobile-builder,Tests whether visual AI editing and Git share one application authority,included,2026-08-12,Official product exposes real files code canvas Git history rollback device previews and multi-platform delivery
VERIFY-016,cand-statecraft,repository-journey-model,Tests codebase-to-product-flow mapping with a source return path,included,2026-08-12,Official product maps real states and components then returns visual or agent decisions into source issues docs and pull requests
VERIFY-016,cand-marmo-ui,private-mcp-public-system,Tests an open component authority whose decisive agent service is closed,included,2026-08-12,Pinned components tokens and generated prop data plus explicit private MCP and review contracts establish the boundary without inventing service internals
VERIFY-016,cand-designflow,source-authored-spatial-flow,Tests whether a live screen map writes its own spatial state to code,included,2026-08-12,Pinned scanner canvas and Vite writer project React screens into a flow whose dragged positions persist in flows.ts
VERIFY-016,cand-figr,context-to-product-design,Tests a research and decision layer that also creates design-system-aware prototypes,included,2026-08-12,First-party context graph carries evidence into flows edge cases specifications tests and Figma-ready screens
VERIFY-016,cand-replay,recording-to-executable-system,Tests temporal visual evidence as input to a maintained code authority,included,2026-08-12,Official pipeline measures recordings generates React and Tailwind validates with SSIM and preserves visual and AI editing before publication
VERIFY-016,cand-zephyr-framework,agent-native-component-runtime,Tests deterministic UI components exposed as agent-controllable infrastructure,included,2026-08-12,Pinned component catalog MCP controls A2UI adapters and agent API form an executable bounded UI authority
VERIFY-016,cand-a2ui,declarative-generative-ui-protocol,Tests whether a protocol project independently owns a Design artifact contract,included,2026-08-12,Pinned schemas component list data model incremental updates catalogs and native renderers define an independently usable authority boundary
VERIFY-016,cand-handle,structured-visual-feedback-relay,Tests a runtime editor whose external agent remains source writer,included,2026-08-12,Pinned edit tracker preserves selector component path property diffs and notes while MCP sessions relay feedback without claiming direct source mutation
VERIFY-016,cand-caliper,history-conditioned-live-editor,Tests a closed rendered-code editor with explicit design-history context,included,2026-08-12,Official early-access contract makes source the authority and retains accepted rejected refined and branched decisions for later agent rewrites
VERIFY-016,cand-design-mode-extension,reversible-dom-intent-export,Tests a browser DOM editor that must distinguish runtime change from source persistence,included,2026-08-12,Pinned change tracker supports per-change undo and structured selector property export to MCP or clipboard while source remains external
VERIFY-016,cand-codecanvas-ai,local-source-canvas-ide,Tests a source-visible local editor whose selected visual node and file are one object,included,2026-08-12,Pinned inspector bridge source writer editor engine Git and history paths establish direct visual-to-project mutation
VERIFY-016,cand-prefab,python-to-hosted-ui-protocol,Tests a typed DSL and renderer with optional model-authored source,included,2026-08-12,Pinned PrefabApp envelope component state and action serialization transport adapters and Pyodide validation establish bounded generative execution
VERIFY-017,cand-qoqo,research-artifact-companion,Tests whether AI-produced UX discovery material becomes a usable native artifact without claiming synthetic research as truth,included,2026-08-12,Official Figma workflow produces personas journeys IA interview prompts and sticky-note material while explicitly requiring real user research
VERIFY-017,cand-huekit,deterministic-design-system-generator,Tests an adjacent token and documentation generator for actual model participation,excluded,2026-08-12,Official feature contract establishes rules generators validation repairs and exports but no AI or agent mechanism
VERIFY-017,cand-bux,native-copy-revision,Tests a narrow but complete model-to-Figma-text mutation loop,included,2026-08-12,Creator launch plus stable Community plugin identifies selection-aware rewrite translation length CTA placeholder and undo operations
VERIFY-017,cand-dreamui,broad-native-figma-agent,Tests a newly released multi-operation Figma copilot with version recovery,included,2026-08-12,Creator documentation establishes editable layers selected-layer chat multi-screen flows variants tokens code and generation history
VERIFY-017,cand-prompt-to-design,hosted-generation-to-native-import,Tests preview and refinement boundaries before generated work becomes native Figma authority,included,2026-08-12,Official docs trace generation analysis history refine demo and import into editable frames Auto Layout text and components
VERIFY-017,cand-superun,branch-to-fullstack-delivery,Tests a linked product that is independently a complete managed app builder,included,2026-08-12,Official docs trace idea questions four design branches visual and language edits feature-selected UI data backend and publication
VERIFY-017,cand-oneui,multi-artifact-ui-generation,Tests whether screenshot and prompt generation reaches editable design and code authorities,included,2026-08-12,Official site documents editable HTML SVG direct Figma generation and Figma-layer export rather than flat-image-only output
VERIFY-017,cand-flaude,source-visible-mcp-figma-authoring,Tests the advertised Claude bridge against pinned native-node implementation,included,2026-08-12,Pinned source contains WebSocket command routing node operations idempotent DSL application screen insertion read-back and round-trip tests
VERIFY-017,cand-worried-presenter,design-bound-presentation-coaching,Tests whether narrative iteration remains attached to the visual source artifact,included,2026-08-12,Creator workflow imports Figma frames records delivery generates script and critique supports rehearsal and exports the revised script into Figma
VERIFY-017,cand-design-system-docs-generator,component-context-to-canvas-guidance,Tests contextual AI drafting inside design-system authority,included,2026-08-12,Creator evidence says the plugin reads selected component metadata and writes editable usage guidance into the Figma canvas for human review
VERIFY-017,cand-ai-ux-writer,identity-stable-copy-agent,Tests a generic product name against a stable executable surface,included,2026-08-12,Creator-authored post links Community plugin 1636752735091846870 and states AI-agent-assisted product copy inside Figma
VERIFY-017,cand-spark-kit,internal-unreleased-bridge,Tests whether a documented prototype is independently usable,excluded,2026-08-12,First-party article says the design-system-aware Claude bridge remains an internal Light-it tool after Community rejection with no public release
VERIFY-017,cand-ux-contenthub,content-operations-without-ai,Tests a current adjacent Figma content workflow for model or agent involvement,excluded,2026-08-12,Creator evidence supports variables translation review and automated checks but no AI or agent participation
VERIFY-017,cand-buzzy,figma-authority-to-live-app,Tests bidirectional continuity from native design to executable managed product,included,2026-08-12,Official product and docs establish AI AutoMarkup database CMS working-data tests Figma-side edits and explicit republish into the application
VERIFY-018,cand-rocketpen,multi-input-native-figma-materialization,Tests prompt screenshot website and data conversion against one native artifact boundary,included,2026-08-12,Official product traces every input route into editable Figma nodes Auto Layout components styles charts or tables and exposes explicit model edits
VERIFY-018,cand-aesthetron,token-bound-streaming-figma-agent,Tests native streaming modification governance and code export in one plugin,included,2026-08-12,Official contract establishes node streaming selected-node patching variable and style binding component-set variants and React Tailwind export
VERIFY-018,cand-dora-ai,four-candidate-figma-to-site-loop,Tests candidate selection native materialization and hosted delivery boundaries,included,2026-08-12,Official help traces prompt and style to four previews chosen editable desktop and mobile Figma output and a linked publishable Dora project
VERIFY-018,cand-ainaming,human-confirmed-localization-governance,Tests a model suggestion path constrained by deterministic keys and native confirmation,included,2026-08-12,Pinned source scans text nodes anchors feature and screen context applies dictionary and uniqueness rules calls two model providers and renames only confirmed nodes
VERIFY-018,cand-heuristic-ai,hybrid-deterministic-model-audit,Tests whether model critique is grounded in inspectable native facts,included,2026-08-12,Pinned source traverses selected frames runs registered deterministic checks optionally exports a screenshot calls the selected model merges node-addressed issues and supports focus and Markdown export
VERIFY-018,cand-candor,synthetic-critic-boundary,Tests design feedback that intentionally does not claim generation or mutation,included,2026-08-12,Creator evidence establishes one or several critic personas selected-design review synthesis and explicit non-replacement of real usability testing
VERIFY-018,cand-exportflow,ai-assisted-asset-delivery,Tests a narrow AI semantic step inside a deterministic design-to-site handoff,included,2026-08-12,Creator workflow sends selected Figma assets to Webflow while model output names files and supplies alt text and SEO descriptions
VERIFY-018,cand-athena-figma,internal-resume-only-plugin,Tests whether an internal named prototype has an independently usable boundary,excluded,2026-08-12,Only a resume-level internal Coinbase claim was found with no public product release or canonical evidence surface
VERIFY-019,cand-design-audit-lens,ai-design-audit,Tests a review-only Figma surface against generation-centric sample bias,included,2026-08-12,Creator release and stable plugin ID establish selected-artifact analysis against UX WCAG cognitive-load and interaction criteria with actionable recommendations
VERIFY-019,cand-glide-design,hosted-design-direction-workspace,Tests whether strategy critique and handoff form one durable ordinary-user design loop,included,2026-08-12,Current product shows brief to strategy to responsive screens to six-lens critique to section-scoped refinement and shareable implementation handoff
VERIFY-019,cand-figma-variables-generator,agent-skill-plus-native-importer,Tests a two-part open project whose model output is an intermediate package rather than direct canvas calls,included,2026-08-12,Pinned source traces sequential interview and deterministic ZIP construction into ordered native Figma variable alias synchronization and export
VERIFY-019,cand-fluvara,native-layer-ui-generation,Tests a closed Figma plugin's claim to structured rather than flattened output,included,2026-08-12,Current official contract specifies native named layers frames auto-layout components tokens and in-file editability
VERIFY-019,cand-svgenius-figma,vector-generation-plugin,Tests a narrow creative artifact with native insertion and retained history,included,2026-08-12,Creator release establishes prompt reference palette and style conditioned SVG generation followed by one-click or batch insertion export and history reuse
VERIFY-019,cand-design-system-sync,design-token-pr-delivery,Tests governance where Figma remains source and code changes enter review through repository hosting,included,2026-08-12,Creator workflow extracts variables to standard formats shows visual changes and opens GitHub or Bitbucket pull requests with optional AI code generation
VERIFY-019,cand-atomic-component-generator,beta-native-component-generation,Tests whether a related creator's second plugin is independently identifiable,included,2026-08-12,Creator portfolio gives a separate stable plugin surface and beta contract from description to consistent editable Figma component
VERIFY-019,cand-figml,user-carried-ai-bridge,Tests a deterministic exporter whose explicit ordinary loop delegates transformation to an external AI assistant,included,2026-08-12,Official product and creator post establish selected hierarchy preserving XML export followed by user-supplied ChatGPT or Claude code conversion
VERIFY-019,cand-taploop-studio,editable-campaign-workspace,Tests creative generation for a post-generation authoring and delivery loop,included,2026-08-12,Official tutorials establish prompt template or upload to draft then canvas layer edits undo resize share public preview and export
VERIFY-019,cand-syncpoint,beta-context-sync-infrastructure,Tests whether a pre-access infrastructure claim still exposes an independently defined Design loop,included,2026-08-12,Official beta contract identifies branch-aware local connections among Figma design systems AI context skills workflows routines and GitHub
VERIFY-019,cand-throughline,source-visible-agentic-design-system,Tests multi-surface governance where Figma and Git retain different kinds of authority,included,2026-08-12,Pinned source traces manifest-gated skills through Figma-native authoring DTCG and Style Dictionary materialization human checkpoints and reviewable Git delivery
VERIFY-019,cand-super-paste,deterministic-content-population,Controls for marketing language such as generate without evidenced AI participation,excluded,2026-08-12,Creator contract supports content population but supplies no model agent prompt or AI mechanism
VERIFY-019,cand-synapse,deterministic-token-graph,Controls for a sophisticated graph UI that is not AI-native merely because it governs design systems,excluded,2026-08-12,Creator evidence describes local graph analysis staged alias editing and native token mutation without an AI or agent loop
VERIFY-019,cand-systemic-auditor,deterministic-debt-repair,Controls for automated repair that does not imply AI,excluded,2026-08-12,Creator evidence describes scans fixes and relinking but no model or agent participation
VERIFY-019,cand-waysorted,plugin-suite-with-comment-tools,Controls for adjacent utilities whose feature breadth does not establish an AI-native Design artifact loop,excluded,2026-08-12,Reviewed first-party suite description contains no AI or agent mechanism
VERIFY-019,cand-izaias-design-system-prototype,unnamed-personal-prototype,Tests whether a working generator without release identity or AI claims is independently countable,excluded,2026-08-12,Creator post shows deterministic native component construction but no stable product identity release surface or agent mechanism
VERIFY-020,cand-tokenignite,runtime-first-token-validation,Tests a design authority that remains in Figma while live applications become pre-commit correction surfaces,included,2026-08-12,Official docs and inspectable npm package establish variable streaming scoped CSS injection unchanged source and explicit human export after runtime validation
VERIFY-020,cand-seo-image-renamer-figma,semantic-asset-delivery,Tests a narrow vision operation whose result governs a downstream exported artifact,included,2026-08-12,Creator release establishes pixel analysis through Claude or GPT-4o local-key handling native layer renaming and ordinary Figma export
VERIFY-020,cand-jmpy-me,managed-link-and-qr-artifact,Tests whether a canvas object remains governed by a separately managed mutable delivery target,included,2026-08-12,Official plugin and product contracts establish canvas insertion dynamic destinations analytics and agent interfaces for the same link and QR authority
VERIFY-020,cand-typecraft,reference-guided-typography-generation,Tests a model-generated image-like typography candidate loop inside a native design workflow,included,2026-08-12,Creator release establishes text and reference inputs multiple visual directions model upgrades server-side reference history and continued Figma workflow
VERIFY-020,cand-mkitflow,user-controlled-agent-bridge,Tests a generic webhook bridge only when creator evidence closes a Design-specific external-analysis and native-mutation loop,included,2026-08-12,Creator demonstrations show selected node and image transfer AI complexity analysis returned evidence and bidirectional direct commands that can modify Figma
VERIFY-020,cand-ruty-architect,unreleased-collaboration-vision,Controls for named concepts without a released independently testable artifact,excluded,2026-08-12,Reviewed creator post is an invitation to collaborate rather than an available product or implementation
VERIFY-020,cand-page2figma,deterministic-web-import,Controls for editable artifact conversion whose marketing does not establish AI participation,excluded,2026-08-12,Official workflow converts URL and screen size into clipboard-carried editable layers without any disclosed model or agent
VERIFY-020,cand-perceivable,deterministic-accessibility-rules,Controls for automated checks and repairs that remain rule-driven,excluded,2026-08-12,Creator explicitly describes local WCAG checks and bounded one-click fixes but no model or agent
VERIFY-020,cand-unnamed-auto-wirer,prompted-unnamed-prototype,Tests whether a prompt alone is sufficient without stable identity or release evidence,excluded,2026-08-12,Creator post shows requested connection generation but no name plugin URL release or resolvable product boundary
VERIFY-020,cand-image-trace-vectorizer,unattributed-generation-mechanism,Controls for generation language without evidence that the mechanism is AI-native,excluded,2026-08-12,Creator establishes editable SVG generation and tracing but does not identify a model agent or AI operation
VERIFY-020,cand-design-system-generator-janvi,deterministic-system-scaffold,Controls for broad generated output that is implemented as rules and a pasted script,excluded,2026-08-12,Creator and product contract map seed colors into scales variables styles and button variants without AI evidence
VERIFY-020,cand-variate,explicit-non-ai-bulk-production,Preserves an explicit creator-stated negative control for high-volume generation language,excluded,2026-08-12,Creator says the goal was not AI magic and documents deterministic field mapping duplication and text replacement
VERIFY-020,cand-tokenforge,deterministic-token-export,Controls for sophisticated graph preservation and code materialization without an agent loop,excluded,2026-08-12,Creator contract describes alias-aware analysis preview and format conversion only
VERIFY-020,cand-handoff-css-tokens,deterministic-handoff-export,Controls for design-code translation that predates and does not evidence AI operation,excluded,2026-08-12,Creator evidence establishes component token extraction and CSS-oriented handoff without model or agent participation
VERIFY-020,cand-codify-figma-to-code,deterministic-code-generation,Controls for code-generation terminology that does not by itself prove AI-native implementation,excluded,2026-08-12,Reviewed release describes mapped Figma-to-code output without a model agent or correction mechanism
VERIFY-020,cand-bbui,agent-readable-static-library,Tests whether downstream agent compatibility makes a passive resource independently AI-native,excluded,2026-08-12,The library supplies components variables and metadata conventions but does not itself run an agent or mutate an artifact
VERIFY-020,cand-specbridge,deterministic-handoff-blueprint,Controls for visual annotations whose creator explicitly separates the core from AI,excluded,2026-08-12,Creator states Core works without API keys or AI and establishes no agent mutation path
VERIFY-021,cand-figpilot-ai,byok-chat-to-canvas,Tests an older narrow assistant whose accepted media and text are materialized in the host graph,included,2026-08-12,Creator release identifies ChatGPT and DALL-E 3 local-key operation and explicit insertion into Figma FigJam and Dev Mode
VERIFY-021,cand-picwise-ai,multimodal-image-utility-suite,Tests whether independently surfaced creation and correction tools share one editable canvas loop,included,2026-08-12,Creator release establishes AI generation background removal upscaling and vector-layer tracing within the Figma plugin
VERIFY-021,cand-calino,managed-image-candidate-workflow,Tests model and history clocks around a selected native frame,included,2026-08-12,Current official help establishes three model tiers one-to-nine candidates selected-frame placement thirty-item history retries and named output frames
VERIFY-021,cand-sparkui,frame-to-code-plugin,Tests an AI function embedded alongside deterministic component icon and mockup utilities,included,2026-08-12,Creator release isolates AI-powered selected-frame-to-code as the Design-specific mutation and delivery path
VERIFY-021,cand-zeno-figma,deterministic-responsive-adaptation,Controls for one-click generative wording when layout transforms remain rule-driven,excluded,2026-08-12,Creator describes auto-layout adaptation cleanup and issue checks with explicit quality limits but no model or agent participation
VERIFY-022,cand-contentkit,ai-generated-governed-content,Tests a managed content graph whose bindings can mutate deeply nested native component state,included,2026-08-12,Official product tutorials establish AI dataset creation project-screen-dataset hierarchy layer-name assignments ordered variant mutation repeated-layer grouping and one-click native application
VERIFY-022,cand-dynogee,deterministic-template-api,Controls for dynamic image generation where a later forum reply introduces unrelated AI marketing,excluded,2026-08-12,Creator contract establishes parameterized Figma templates and HTTP image rendering but no model or agent in Dynogee itself
VERIFY-023,cand-vibe-workflow,creative-workflow-graph,Tests whether generated media becomes a reusable editable pipeline rather than an isolated output,included,2026-08-12,Pinned React Flow source saves nodes edges and typed execution dependencies as a workflow before running model nodes
VERIFY-023,cand-recombyn,native-scene-agent,Tests a fully inspectable canvas whose internal document and agent action vocabulary share authority,included,2026-08-12,Pinned SceneDocument schema canvas architecture LangGraph profile and registered tool ops establish validated mutations against one native graph
VERIFY-023,cand-superdesign-mcp,third-party-design-orchestrator,Tests an independently packaged derivative that owns an executable artifact loop,included,2026-08-12,Pinned TypeScript server exposes create iterate extract list and gallery tools over filesystem design iterations and builds successfully
VERIFY-023,cand-jaaz,local-multimodal-canvas,Tests canonical identity and persistence behind widely copied Jaaz repositories,included,2026-08-12,Pinned canonical source connects SQLite canvas and chat records to image canvas operations and the React canvas store
VERIFY-023,cand-open-gallery,downstream-copy-boundary,Prevents copied Jaaz source from becoming a new team or product count,duplicate,2026-08-12,Repository lineage and structure resolve to canonical Jaaz without a separate release contract
VERIFY-023,cand-jaaz-2506,dated-copy-boundary,Prevents a dated Jaaz snapshot from becoming a new product count,duplicate,2026-08-12,Repository is explicitly a dated Jaaz copy with no independent product authority
VERIFY-023,cand-atv-design,desktop-filesystem-agent,Tests a downstream codebase that has become its own user product and artifact contract,included,2026-08-12,Pinned desktop source owns Copilot OAuth provider switching workspace files DESIGN.md artifacts history and exports
VERIFY-023,cand-stick,multi-screen-managed-project,Tests an instructional implementation that nevertheless exposes an independent working product,included,2026-08-12,Pinned schema and generation functions persist plans pages statuses and later screen additions for a resumable canvas project
VERIFY-023,cand-syntropy,collaborative-architecture-graph,Tests engineering-system design outside interface and media categories,included,2026-08-12,Pinned React Flow and Liveblocks graph is read and mutated by a durable agent then projected into stored Markdown specifications
VERIFY-023,cand-designpro,single-file-design-runtime,Tests whether small implementation size erases a real continuing artifact loop,included,2026-08-12,Pinned HTML implements layer mutation undo and redo plus JSON project recovery and image or SVG delivery
VERIFY-023,cand-canvas-copilot-penpot,reviewed-native-plan,Tests agent autonomy with explicit human review and native Penpot authority,included,2026-08-12,Pinned plugin validates JSON plans exposes them for editing and approval then executes bounded native layer mutations; production build passed
VERIFY-023,cand-pen-editor,large-vector-agent-canvas,Tests an original high-scale scene graph plus AI split execution,included,2026-08-12,Pinned scene types dirty-set renderer contracts agent tool tests history and export paths establish native editable authority
VERIFY-023,cand-cordyceps,parametric-mcp-bridge,Tests direct engineering mutation and recovery semantics in Grasshopper,included,2026-08-12,Pinned C sharp MCP tools create and wire components control values and preserve bounded document snapshots before Rhino delivery
VERIFY-023,cand-convey,runtime-to-source-design,Tests whether browser annotations become executable source changes through an agent,included,2026-08-12,Pinned overlay selection context MCP commit tools and source-aware panel carry design intent into the live application source
VERIFY-023,cand-baoyu-design,portable-agent-artifact-system,Tests a skill repository that owns more than static prompts,included,2026-08-12,Pinned compiler preview asset-version registry import export and handoff code passed all 91 directly enumerated tests
VERIFY-023,cand-agent-game-forge,game-scene-authoring,Tests AI-native design where executable 2D game source and a visual scene model must stay coordinated,included,2026-08-12,Pinned daemon applies scene operations to generated project data while the editor provides drag correction and SQLite conversation recovery
VERIFY-023,cand-airship,live-source-projection,Tests responsive visual editing whose only final authority remains repository files,included,2026-08-12,Pinned source locator frame shell agent adapters checkpoint history diff and rewind paths establish selected-element to source mutation and undo
VERIFY-023,cand-open-ai-design-agent,multi-deliverable-creative-plan,Separates a design-specific campaign agent from the same team's generic model studio,included,2026-08-12,Pinned agent source and product contract expose editable plans locked or forked intermediates ordered deliverables and persistent history
VERIFY-023,cand-claude-code-design,filesystem-design-skill-runtime,Tests whether a skills repository owns an operational artifact lifecycle,included,2026-08-12,Pinned starters tweak logs registration verification and export scripts establish durable HTML artifacts rather than a static prompt catalog
VERIFY-023,cand-fudge,reference-grounded-verification,Tests Design as evidence-backed review and system extraction rather than artifact generation,included,2026-08-12,First-party product captures full pages and interaction context then produces ordered fixes comparisons tokens themes and DESIGN.md through web and MCP surfaces
VERIFY-023,cand-pagegen,editable-page-generator,Tests the design-specific surface embedded in a broader search repository,included,2026-08-12,Official PageGen contract and pinned generate-ui editor preview and renderer source establish editable responsive React authority and publishing
VERIFY-023,cand-open-generative-ai,generic-media-boundary,Controls for a large model studio without a Design-specific working artifact,excluded,2026-08-12,Repository exposes broad image and video generation but no independently evidenced design project graph or continuing edit authority
VERIFY-023,cand-awesome-claude-design,curated-list-boundary,Controls for discovery material mistaken for a product,excluded,2026-08-12,Repository curates links and prompts but implements no ordinary-user artifact loop
VERIFY-023,cand-2ndbrainfordesign,knowledge-base-boundary,Controls for design knowledge mistaken for a design system,excluded,2026-08-12,Repository stores reference knowledge and not a product artifact authority
VERIFY-023,cand-agentic-design-wiki,wiki-boundary,Controls for conceptual documentation mistaken for an implementation,excluded,2026-08-12,Static wiki has no runtime mutation persistence or delivery mechanism
VERIFY-023,cand-design-skills,static-skill-boundary,Controls for prompts without a coupled artifact lifecycle,excluded,2026-08-12,Skill collection has no independent runtime artifact store rendering or recovery path
VERIFY-023,cand-ryze-ai-ui-generator-assignment-cluster,assignment-clone-boundary,Prevents many course submissions from inflating global product counts,excluded,2026-08-12,Repositories repeat the explicitly named Ryze assignment and Planner Generator Explainer architecture without independent product identity
VERIFY-024,cand-jaaz-copy-cluster-gh2,copy-cluster-boundary,Prevents additional Jaaz mirrors from becoming independent product counts,duplicate,2026-08-12,README source layout and download links resolve the cluster to canonical Jaaz
VERIFY-024,cand-app-club-design,agent-screen-canvas,Tests a small original UI canvas with native screen nodes,included,2026-08-12,Pinned Nuxt composables share project state between AI chat operations and movable editable canvas screens
VERIFY-024,cand-creative-forge,independent-creative-derivative,Tests a heavily derived canvas that has its own team and product lifecycle,included,2026-08-12,Pinned source adds provider template collaboration and project contracts under an independently maintained Creative Forge identity
VERIFY-024,cand-protome,brief-to-execution-workspace,Tests Design as an optional evidence stage inside product prototyping,included,2026-08-12,Pinned skills preserve editable brief canvas annotations visual references and executable handoff files with explicit authority precedence
VERIFY-024,cand-nightghost-design-agent,visual-self-critique-loop,Tests code generation with render-grounded correction rather than blind completion,included,2026-08-12,Pinned generator renderer critic and refiner implement screenshot-based bounded iterations and retain candidate code
VERIFY-024,cand-design-md-chrome,browser-design-extraction,Tests deterministic evidence extraction as an agent-governance bridge,included,2026-08-12,Pinned extension reads computed page signals and generates downloadable validated DESIGN.md and SKILL.md artifacts
VERIFY-024,cand-dembrandt,design-drift-governance,Tests multi-page design extraction plus longitudinal version comparison,included,2026-08-12,Pinned CLI and MCP expose token extraction timestamped JSON or DTCG snapshots baselines drift scoring reports and DESIGN.md
VERIFY-024,cand-figma-cli,desktop-native-agent-bridge,Tests local direct Figma mutation without REST or MCP intermediaries,included,2026-08-12,Pinned CLI and plugin bridge operate on editable native frames components variants variables and text with round-trip tests
VERIFY-024,cand-oh-my-design,project-owned-design-governance,Tests an agent skill suite with durable policy and preference state,included,2026-08-12,Pinned installer doctor managed files DESIGN.md preferences reference evidence and review flows form a concrete project artifact lifecycle
VERIFY-024,cand-web-to-design-md,evidence-to-design-system,Tests an operational skill rather than static prompt advice,included,2026-08-12,Pinned scripts extract DOM computed-style and interaction evidence then render a sibling review preview from the same documented tokens
VERIFY-024,cand-ghost-ai,system-architecture-canvas,Tests engineering topology authored collaboratively and by an agent,included,2026-08-12,Pinned types agent task autosave project model and collaborative canvas establish durable node-edge authority
VERIFY-024,cand-node-canvas,multimodal-node-workflow,Tests another node editor against persistent execution and graph semantics,included,2026-08-12,Pinned React Flow graph and FastAPI services route media through connected typed nodes with stored settings and reusable workflows
VERIFY-024,cand-kyh-ai-canvas,forkable-agent-canvas,Tests source infrastructure that already implements an editable agent loop,included,2026-08-12,Pinned schema context and typed assistant operations mutate text frame and image blocks on a persistent infinite canvas
VERIFY-024,cand-tutti,shared-multi-agent-design-context,Tests Design as an app output within a durable cross-agent workspace,included,2026-08-12,Pinned monorepo and current docs establish shared files conversations tasks app invocations and reusable design outputs across agents
VERIFY-024,cand-loomic,creative-agent-canvas,Tests a project canvas with multimodal agent state and server persistence,included,2026-08-12,Pinned migrations and source join Excalidraw content chat sessions agent threads screenshots and generated media under one project
VERIFY-024,cand-modern-canvas-editor,deterministic-infrastructure-boundary,Controls for canvas libraries encountered by AI wording,excluded,2026-08-12,Repository implements headless WebGL editing and exports but no model agent or AI-native user loop
VERIFY-024,cand-ai-canvas-desktop,shared-ui-mcp-document-core,Tests identical command semantics across human and agent surfaces,included,2026-08-12,Pinned document core MCP bridge SQLite store command commits undo redo and snapshot format establish one local scene authority
VERIFY-024,cand-ai-canvas-studio,gemini-composition-canvas,Tests an image-generation canvas with direct layer composition,included,2026-08-12,Pinned editor state and Gemini service keep generated and edited images inside one selectable compositional canvas
VERIFY-024,cand-nanocanvas,layout-as-multimodal-prompt,Tests spatial arrangement as model context and recoverable design state,included,2026-08-12,Pinned canvas geometry Gemini adapter and history hook retain arranged inputs outputs and undoable mutations
VERIFY-024,cand-storyflow-ai-canvas,frontend-creative-dag,Tests a client-only directed workflow with BYOK model execution,included,2026-08-12,Pinned typed nodes connections Gemini service and media utilities establish a reusable browser-resident creative graph
VERIFY-024,cand-spoor,knowledge-canvas-boundary,Controls for AI spatial canvases outside Design artifact scope,excluded,2026-08-12,Product authors notes research and drafts without a design-specific artifact or delivery contract
VERIFY-024,cand-ai2canvas,name-collision-boundary,Controls for historical AI abbreviations mistaken for artificial intelligence,excluded,2026-08-12,Illustrator plug-in deterministically exports HTML5 Canvas and contains no model or agent mechanism
VERIFY-024,cand-google-design-md-spec,format-specification-boundary,Controls for standards and formats without a product runtime,excluded,2026-08-12,Repository defines DESIGN.md syntax and semantics but no ordinary-user creation mutation recovery loop
VERIFY-024,cand-awesome-design-md-corpus,static-corpus-boundary,Controls for high-star reference datasets mistaken for products,excluded,2026-08-12,Repositories curate design documents and skills but own no generation mutation rendering or persistent workspace
VERIFY-025,cand-d2-canvas,bidirectional-diagram-authority,Tests source and graph round trip plus external agent mutation,included,2026-08-12,Pinned parser code generator WASM renderer and HTTP WebSocket bridge keep D2 text canvas nodes and agent writes on one artifact path
VERIFY-025,cand-figma-ui-mcp,native-host-session-bridge,Tests editable Figma authority across concurrent files,included,2026-08-12,Pinned plugin handlers and MCP tool schemas address native Figma nodes through explicit session IDs with separate read write screenshot token and rules surfaces
VERIFY-025,cand-hyperframes,agent-native-motion-runtime,Tests code-authored motion through deterministic delivery,included,2026-08-12,Pinned skills CLI producer player studio server and render routes join inspectable HTML motion source to lint preview seek and MP4 materialization
VERIFY-025,cand-design-farmer,governed-design-system-pipeline,Tests repository-wide system creation rather than advice text,included,2026-08-12,Pinned phased skill creates the DESIGN.md source of truth tokens components Storybook evidence multi-review and handoff readiness artifacts
VERIFY-025,cand-design-md-extractor,observable-browser-extraction,Tests factual extraction independently from model inference,included,2026-08-12,Pinned browser collectors interaction capture normalizers generators and artifact writer produce a locally inspectable evidence bundle
VERIFY-025,cand-picasso,direction-selection-and-refinement,Tests explicit candidate decision before source mutation,included,2026-08-12,Pinned skill and visual preview contract create competing directions record confirmation and then screenshot-refine implementation against the chosen design authority
VERIFY-025,cand-design-md-generator,stability-aware-evidence-compiler,Tests raw observations classifications and proof before agent guidance,included,2026-08-12,Pinned collectors analyzers interaction capture proof and report generators distinguish measured values from reusable design rules
VERIFY-025,cand-design-system-extractor-skill,multimodal-system-extraction,Tests URL application screenshot and repository evidence in one governed output,included,2026-08-12,Pinned skill output contract validator and preview renderer require evidence notes confidence route coverage and a reusable DESIGN.md
VERIFY-025,cand-claudesign,design-md-lifecycle-toolkit,Tests generation refinement comparison export and implementation from one system artifact,included,2026-08-12,Pinned DESIGN.md commands plugin router and design-engineer skill establish a continuing artifact lifecycle rather than a prompt collection
VERIFY-025,cand-frontend-slides-layout-fork,derivative-identity-boundary,Tests whether a maintained preset fork defines a second product,duplicate,2026-08-12,Explicit fork notice preserves the Frontend Slides name HTML authority and generation export loop while adding layout presets under a second maintainer
VERIFY-025,cand-awesome-design-extractor,evidence-uncertainty-contract,Tests protected reference evidence and recreated preview QA,included,2026-08-12,Pinned workflow output contract preview catalog and examples separate observed facts inferred patterns uncertainty and protected assets
VERIFY-025,cand-designmd-canvas,agent-hosted-design-document-canvas,Tests live source correction and visual validation inside an agent surface,included,2026-08-12,Pinned renderer and client expose DESIGN.md source preview contrast and lint in one Copilot CLI canvas
VERIFY-025,cand-design-md-agent-skill,portable-design-document-runtime,Tests a host-independent operational skill rather than a format specification,included,2026-08-12,Pinned skill scaffold validator preview catalog export and self-test scripts create and maintain actual DESIGN.md artifacts
VERIFY-025,cand-ai-ui-style-director,deterministic-candidate-promotion,Tests catalog direction choice before project generation,included,2026-08-12,Pinned catalog recommender preview generator workflow tests and DESIGN.md contract make selection and source locking observable
VERIFY-025,cand-copy-design-cli,vision-assisted-approximate-extraction,Tests transparent model inference and inspectable output limitations,included,2026-08-12,Pinned screenshot provider prompt output and preview modules materialize a DESIGN.md while declaring that visual reconstruction is approximate
VERIFY-025,cand-agent-workflow-canvas-cluster-gh3,non-design-agent-orchestration-boundary,Controls for canvases that author agent graphs rather than Design artifacts,excluded,2026-08-12,Representative repositories manage coding research or multi-agent execution nodes without an evidenced visual product artifact or design delivery contract
VERIFY-025,cand-awesome-agent-skills-corpus-gh3,static-index-boundary,Controls for discovery corpora mistaken for products,excluded,2026-08-12,Repositories aggregate links and reusable instructions but own no independent artifact authority runtime mutation or ordinary-user loop
VERIFY-025,cand-slide-design-md-catalog-gh3,static-style-catalog-boundary,Controls for reusable design data without an executing product,excluded,2026-08-12,Static slide style documents become inputs to other agents but do not themselves create correct preview persist or deliver a presentation
VERIFY-026,cand-plumb-mcp,semantic-graph-verification-hub,Tests two sources two targets and a closed implementation check,included,2026-08-12,Pinned graph store design tools React emitter and verify fit code join Figma web code and agent critique through one normalized model
VERIFY-026,cand-hycanvas,portable-multiformat-native-graph,Tests self-hosted document authority and recovery across creative domains,included,2026-08-12,Pinned schema editor backend persistence branch history rendering and HYC import export establish a durable native artifact
VERIFY-026,cand-sand-canvas,component-backed-agent-canvas,Tests native design nodes rendered with production component adapters,included,2026-08-12,Pinned Sand schema IO autosave editor history comments screenshots and MCP batch operations converge on one JSON document
VERIFY-026,cand-drawtir,motion-graphics-native-canvas,Tests frame timeline and AI generation in one editable workspace,included,2026-08-12,Pinned editor canvas timeline collaboration generation functions and export code establish editable visual and motion artifacts beyond claims alone
VERIFY-026,cand-djasha-system,agent-consumable-design-system,Tests governed component bundles and retrieval as a product artifact,included,2026-08-12,Pinned component source previews docs bundle generation and MCP originals tools join visual governance with agent delivery
VERIFY-026,cand-quill-design,multimodel-vector-editor,Tests streamed generation and direct vector correction before export,included,2026-08-12,Pinned Electron renderer canvas state vector tools symbols history and exporters keep generated designs structurally editable
VERIFY-026,cand-buildev,op-ast-design-as-code,Tests one graph across canvas code CLI MCP and exports,included,2026-08-12,Pinned OP schema engine visual IDE parsers agent orchestration Git and framework exporters establish bidirectional design-as-code authority
VERIFY-026,cand-designpowers,observable-multiagent-design-process,Tests decisions and handoffs rather than static design advice,included,2026-08-12,Pinned router specialist agents shared design state debate debt review verification and retrospective skills produce traceable repository artifacts
VERIFY-026,cand-design-for-ai,gated-research-mock-build-loop,Tests candidate approval and real-pixel review before delivery,included,2026-08-12,Pinned workflow agents prototype skill seeded design DNA palette and detection scripts establish an executable agent design system
VERIFY-026,cand-stitch-kit,stitch-orchestration-and-materialization,Tests native remote canvas operations plus production delivery,included,2026-08-12,Pinned MCP schemas orchestrator skills ID wrappers session helper and framework converters keep Stitch screens editable before code materialization
VERIFY-026,cand-whiteport-design-studio,strategic-design-delivery-pipeline,Tests product strategy through visual and implementation evidence,included,2026-08-12,Pinned agents phase workflows artifact folders signoffs design-system guides MCP bridges and handoff contracts operationalize the full method
VERIFY-026,cand-penpot-mcp-server,native-penpot-api-authority,Tests direct structured mutation of real Penpot files,included,2026-08-12,Pinned tool server covers revisions shapes pages components teams comments media and export over the host graph
VERIFY-026,cand-penpot-ai-kit,official-governed-agent-surface,Tests human checkpoints audit schemas and artifact promotion on Penpot MCP,included,2026-08-12,Pinned AGENTS router skills pipeline schema reports evals and scripts constrain real native mutations and require previews
VERIFY-026,cand-exfig,cross-platform-design-asset-compiler,Tests repeatable multi-target materialization from Figma or Penpot,included,2026-08-12,Pinned CLI config cache checkpoint reports and agent integration compile native design assets into governed platform source
VERIFY-026,cand-penpot-skills,independent-penpot-workflow-library,Tests executable scripts and QA over the host MCP,included,2026-08-12,Pinned skills implement code-to-library screen generation token inference Figma intermediate representation migration and evidence checks
VERIFY-026,cand-design-ruler,measurement-first-runtime-correction,Tests numerical proof separately from visual hints,included,2026-08-12,Pinned Playwright CDP measure screenshot and ghost overlay commands let an agent quantify and verify CSS changes against external design evidence
VERIFY-026,cand-visionary-claude,algorithmic-variant-and-taste-loop,Tests divergence selection memory and browser correction,included,2026-08-12,Pinned commands style embeddings token output accepted-store critics accessibility and Playwright tools produce inspectable candidates and fixes
VERIFY-026,cand-uicanvas,html-artboard-agent-surface,Tests browser-resident design authority and MCP mutation,included,2026-08-12,Pinned project file canvas history component spec and MCP tools let agents create inspect screenshot and edit live HTML artboards
VERIFY-026,cand-ppt-master,native-powerpoint-delivery-authority,Tests whether generated slides remain deeply editable,included,2026-08-12,Pinned skill design locks SVG preview pipeline converter template routes and native chart table animation narration tooling materialize real PowerPoint objects
VERIFY-026,cand-ipollowork,local-general-agent-design-surface,Tests an independently editable visual result inside a broader workbench,included,2026-08-12,Pinned client runtime skills editor infrastructure and artifact verification establish design slide website and video surfaces controlled by the same local agent workspace
VERIFY-026,cand-pinvou-agent,dedicated-editable-design-mode,Tests structural correction after a general agent generates visual output,included,2026-08-12,Pinned visual-design skill design runtime inspector artifact store and smoke tests show element-level design editing rather than preview only
VERIFY-026,cand-cc-design,cross-agent-multiformat-design-skill,Tests approval visual iteration and delivery across artifact types,included,2026-08-12,Pinned skill workflow manifests preview rules verification scripts and exporters govern HTML slides motion video and document outputs
VERIFY-026,cand-agent-office-suite,shared-human-agent-office-graphs,Tests same-object collaboration with reversible agent edits,included,2026-08-12,Pinned MCP content tools editor actions gateway and revision tools operate native slide canvas diagram and video models with pre-edit snapshots
VERIFY-026,cand-superdesign-skill-current,current-product-identity,Controls for a maintained distribution of an existing canonical product,duplicate,2026-08-12,Official README explicitly binds skill CLI and hosted canvas to current Superdesign while the census dossier already represents that lineage
VERIFY-026,cand-naim-challenge,method-template-boundary,Controls for educational workflows that call third-party products,excluded,2026-08-12,Repository owns instructions scoring and MOBILE.md logs but neither generates nor mutates the Stitch design artifact
VERIFY-026,cand-design-ai-systems-corpus,static-design-document-corpus,Controls for very large inputs mistaken for a runtime,excluded,2026-08-12,Repository distributes hundreds of markdown design references but executes no artifact loop
VERIFY-026,cand-webtwin,deterministic-extractor-boundary,Controls for AI-adjacent tools whose agent step is manual advice,excluded,2026-08-12,Flask Selenium pipeline only downloads and zips website resources and offers no implemented agent mutation or verification interface
VERIFY-027,cand-abu-cowork,local-agent-code-canvas,Tests whether visual creation is a saved editable workspace rather than an inline chat novelty,included,2026-08-12,Pinned widget design system preview editor reconciliation canvas snapshots and built-in design skills operate versioned source files with rollback
VERIFY-027,cand-slides-grab,context-selected-html-deck,Tests scoped agent correction and hard delivery gating,included,2026-08-12,Pinned bbox selector direct edit subprocess HTML source validator rendered evidence receipts and export guards connect ordinary-user review to delivery
VERIFY-027,cand-kin3o,git-native-motion-artifact,Tests generation refinement validation and rendering over one portable animation authority,included,2026-08-12,Pinned CLI prompt system validators auto-fix dotLottie packager hot preview versioned paths and exporters operate JSON source rather than opaque video alone
VERIFY-027,cand-aniya-studio,dual-mode-slide-source,Tests direct and agent editing without divergent artifact copies,included,2026-08-12,Pinned GrapesJS adapter selected-DOM chat save-version restore export services and end-to-end tests preserve original HTML as the common authority
VERIFY-027,cand-tractstack,adaptive-site-node-compositor,Tests AI section creation inside a manually editable publishing graph,included,2026-08-12,Pinned node store compositor creative panels history patches AI design steps and save path establish one governed web artifact
VERIFY-027,cand-kleva,voice-and-code-site-workspace,Tests whether public builder claims have source-backed generation editing and delivery,included,2026-08-12,Pinned AI service voice routing code editor iframe preview component canvas persistence APIs ZIP export and publishing routes form a working source-authority loop
VERIFY-027,cand-claude-design-system-prompt,cross-agent-design-behavior-layer,Tests a runnable method against a static prompt dump,included,2026-08-12,Pinned host-specific system prompts and operational skills cover direction variants direct tweakability prototypes decks extraction accessibility and correction
VERIFY-027,cand-garden-skills,templated-web-and-video-skills,Tests independent executable visual workflows inside a broader skill collection,included,2026-08-12,Pinned scaffold themes token registries source templates recording guidance and web-design verification produce and assess runnable artifacts
VERIFY-027,cand-vibma,historical-native-figma-bridge,Tests independent implementation and lifecycle despite an acknowledged upstream base,included,2026-08-12,Pinned generated MCP schemas relay Figma handlers lint system native version save and deprecation notice establish both the mechanism and historical status
VERIFY-027,cand-aionui,agent-platform-office-surface,Tests preview and editable delivery inside a general Cowork host,included,2026-08-12,Pinned workspace tracking preview bridges assistant catalog integration and OfficeCLI-backed editable PPTX path provide a persistent user-facing visual loop
VERIFY-027,cand-officecli,headless-native-office-authority,Tests structural editability beyond raster or bundled-file generation,included,2026-08-12,Pinned command schemas MCP server Open XML handlers examples and morph-presentation skill manipulate native PowerPoint structures directly
VERIFY-027,cand-presentation-ai,rich-slide-graph-and-agent,Tests outline approval direct editing persistence history and export as one product,included,2026-08-12,Pinned agent graph Plate slide editor Prisma storage history snapshots theme import diagrams and DOM-to-PPTX materializer establish the complete loop
VERIFY-027,cand-openmontage,governed-video-production-filesystem,Tests multi-stage creative authority checkpoints and delivery proof,included,2026-08-12,Pinned pipeline manifests artifact schemas checkpoint library Backlot approval board renderer lock and post-render review preserve traceable production state
VERIFY-027,cand-genoffice,native-office-editor-with-agent,Tests whether the agent shares the same object model as manual presentation editing,included,2026-08-12,Pinned slides application history layout master render package and QC tests establish direct native editing and agent regeneration over one deck
VERIFY-028,cand-claude-code-video-toolkit,agent-video-production-workspace,Tests whether files preserve the creative process beyond a final MP4,included,2026-08-12,Pinned registry commands templates media tools project structures render examples and review guides establish an executable filesystem production loop
VERIFY-028,cand-design-dna,portable-design-specification,Tests whether visual style becomes a reusable authority rather than prose inspiration,included,2026-08-12,Pinned schema and generation guide require complete quantified Design DNA JSON and self-contained implementations with explicit refinement
VERIFY-028,cand-presentation-builder,agent-html-presentation-workflow,Tests whether a repository convention forms a repeatable deck product,included,2026-08-12,Pinned Claude rules scripts executable style references and finished HTML deck preserve input choice implementation and delivery
VERIFY-028,cand-mobile-app-ui-design,instruction-only-boundary,Tests whether generic design guidance owns an artifact loop,excluded,2026-08-12,Repository contains one advice-oriented skill without a schema executable validator persisted project or host mutation contract
VERIFY-028,cand-ai-slide-editor,pptx-scene-graph-editing,Tests native presentation roundtrip with review and undo,included,2026-08-12,Pinned parser schemas planner executor validator review session preview diff and writer connect uploaded PPTX to edited PPTX
VERIFY-028,cand-timholden-figma-mcp-server,raw-read-wrapper-boundary,Tests whether planned design-system operations are current product facts,excluded,2026-08-12,Pinned tool registry implements get-file and list-files only while mutation and token management are documented as potential functionality
VERIFY-028,cand-pix,visual-implementation-correction,Tests reference extraction implementation and rendered comparison as one loop,included,2026-08-12,Pinned skill sequences Figma metadata tokens Code Connect screenshots source edits Chrome screenshots computed styles and recursive correction
VERIFY-028,cand-uspec,component-documentation-roundtrip,Tests portable documentation as authority between Figma capture and Figma annotation,included,2026-08-12,Pinned plugin phases base schema Markdown contract staging hashes and render skills establish the roundtrip
VERIFY-028,cand-reqwise-figma-mcp,guarded-native-figma-proxy,Tests whether safety and verification move below agent prompting,included,2026-08-12,Pinned server validation executor leader election plugin serialization design-system utilities layout math and tests enforce native writes
VERIFY-028,cand-prototype-to-figma-skill,prototype-flow-to-native-figma,Tests system-aware materialization rather than screenshot tracing,included,2026-08-12,Pinned operational steps require component mapping flow explosion native instances annotations and Code Connect
VERIFY-028,cand-figma-mcp-write-server,typed-figma-write-bridge,Tests breadth and maturity of native graph mutation,included,2026-08-12,Pinned MCP handlers plugin dispatcher schemas functional tests and twenty-four operation families establish the pre-release write surface
VERIFY-028,cand-claude-design-auditor-skill,multimodal-design-audit-and-fix,Tests whether review produces actionable artifact changes,included,2026-08-12,Pinned skill and reference library define scored findings priority matrix reports code diffs and optional direct Figma repair
VERIFY-028,cand-claude2figma,design-system-compliant-figma-writing,Tests whether tokens and components constrain every write,included,2026-08-12,Pinned four-skill contract preflights libraries builds registries reuses instances binds values and performs post-write QA
VERIFY-028,cand-ux-ui-agent-skills,portable-design-governance-runtime,Tests whether a knowledge distribution has executable artifact contracts,included,2026-08-12,Pinned CLI DTCG token sets adapters workflows validators and rendered example implementations exceed an advice-only prompt pack
VERIFY-028,cand-edenspiekermann-figma-design-system-skills,figma-design-system-maintenance,Tests bounded apply audit and repair operations against native system assets,included,2026-08-12,Pinned three canonical skills inspect shared assets emit findings and repair one selected integration issue through host Figma tools
VERIFY-028,cand-thedesign-agent-skills,cross-artifact-design-skill-suite,Tests independently executable design outputs inside a broader skill collection,included,2026-08-12,Pinned metadata generator scripts extractor Figma writer presentation builder and audit skills retain explicit artifacts and checks
VERIFY-028,cand-naksha-studio,role-routed-design-operating-system,Tests multi-stage creative coordination with persisted checkpoints,included,2026-08-12,Pinned role references YAML pipelines hooks schemas and delivery instructions route research systems components brand motion and release work
VERIFY-028,cand-noemuch-bridge,compiler-enforced-figma-system,Tests construction-time guarantees over prompt-only compliance,included,2026-08-12,Pinned CSpec schema resolver validator compiler lint KB synchronization fix learning and archive paths establish a governed lifecycle
VERIFY-028,cand-sitepins,content-only-cms-boundary,Tests whether content governance is being mistaken for Design authoring,excluded,2026-08-12,Pinned product boundary explicitly excludes design CSS and structure editing
VERIFY-028,cand-openpage,json-first-agent-human-editor,Tests one typed authority across generation manual editing history and delivery,included,2026-08-12,Pinned SiteConfig validation block registry editor stores version snapshots renderer HTML exporter and secure deploy path share JSON
VERIFY-028,cand-vibe-otter-lite,educational-ai-visual-hybrid,Tests whether the open distribution itself contains the claimed loop,included,2026-08-12,Pinned Anthropic generation example GrapesJS hybrid component injection visual editing and HTML export run independently despite simplified persistence
VERIFY-028,cand-craftflow,html-authority-ai-visual-builder,Tests real source paths behind a single-file product demo,included,2026-08-12,Pinned server AI route project APIs HTML editor state autosave publishing and deployment code establish an early but implemented loop
VERIFY-028,cand-intellibuild,dual-mode-html-builder,Tests synchronization between generation code visual reorder and deployment,included,2026-08-12,Pinned Gemini client DOM parser drag engine local project store live preview ZIP creation and Netlify API path share HTML
VERIFY-028,cand-jihan-ai-web-builder,section-json-generation-and-apply,Tests explicit acceptance before generated content becomes stored page state,included,2026-08-12,Pinned Ollama service JSON parser apply action Mongo page schema renderer and published flag establish an early structured loop
VERIFY-028,cand-shopnest,local-business-structured-site-builder,Tests breadth from constrained intake to editable portable delivery,included,2026-08-12,Pinned Zod schemas Gemini generation section services editor actions Supabase records renderer JSON roundtrip and static ZIP export establish the loop
VERIFY-028,cand-ai-cms,selected-node-surgical-generation,Tests direct canvas control and bounded AI mutation over shared state,included,2026-08-12,Pinned GrapesJS editor selected component prompt controller DOM guard page JSON save and public render path share the page artifact
VERIFY-028,cand-webora,html-generation-inline-correction,Tests persistence history manual changes and delivery over one document,included,2026-08-12,Pinned OpenRouter controller existing-code revision history inline editor Mongo project APIs publishing and HTML download establish the loop
VERIFY-028,cand-fusionspace,unimplemented-ai-claim-boundary,Tests source against README generation claims,excluded,2026-08-12,Pinned README states OpenAI is ready to integrate and directs implementers to replace placeholder functions; current surface cannot execute the claimed loop
VERIFY-028,cand-launchlayer-ai,stored-json-chat-versioning,Tests an early SaaS scaffold for an implemented artifact core,included,2026-08-12,Pinned generation route fallback schema Prisma page and SiteVersion models chat edit action and renderer preserve JSON snapshots despite missing production services
VERIFY-028,cand-figma-design-system-to-design-md,token-source-to-agent-contract,Tests whether deterministic source extraction yields a portable design authority,included,2026-08-12,Pinned skill detects token sources classifies values optionally enriches from Figma and confirms before writing structured design.md
VERIFY-029,cand-agentic-design-canvas,shared-agent-human-vector-graph,Tests co-editing semantics rather than one-way generation,included,2026-08-12,Pinned scene store semantic tools SVG raster perception loop verification revisions and concurrency specification establish a working shared canvas
VERIFY-029,cand-floorplan-interior-render,structurally-consistent-interior-generation,Tests whether multi-view identity and catalog truth survive image generation,included,2026-08-12,Pinned schemas immutable scene hash geometry rasterizer catalog binding BOM patch and independent judge with measured caveats establish the loop
VERIFY-029,cand-genable,provider-agnostic-native-figma-agent,Tests one engine across in-plugin and external MCP use,included,2026-08-12,Pinned product contract plus genable-mcp 0.2.1 relay and 117 KB typed tool schema support the loop; absent plugin source limits evidence to architecture
VERIFY-029,cand-eostudio,multi-domain-design-project,Tests whether broad claims resolve to a shared persistent artifact,included,2026-08-12,Canonical pinned project format LLM JSON validators UI 3D CAD generators editors codegen and exporters share EoStudio scene and component records
VERIFY-029,cand-physgate,robot-execution-boundary,Tests physical verification relevance to Design,excluded,2026-08-12,Pinned artifact is a robot action plan and safety simulation gate rather than a designed product model drawing or creative artifact
VERIFY-029,cand-better-design,agent-design-system-resolution,Tests semantic system selection and review grounded in executable assets,included,2026-08-12,Pinned product contract and open registry contain CSS tokens and component payloads while hosted MCP server source is absent so runtime claims remain architecture-level
VERIFY-029,cand-ui-craft,persistent-design-engineering-and-gates,Tests whether taste guidance becomes enforceable project state,included,2026-08-12,Pinned Go installer skill commands memory files deterministic MCP scoring gates review agents backup and rollback provide a governed runtime
VERIFY-029,cand-reveal-presentations,design-system-constrained-html-decks,Tests a repeatable presentation artifact rather than presentation advice,included,2026-08-12,Pinned plugin command slide archetypes CSS variable system and standalone Reveal template produce navigable editable HTML
VERIFY-029,cand-design-system-inspection-kit,evidence-labeled-system-and-product-inspection,Tests assessment continuity into implementable migration work,included,2026-08-12,Pinned three skills station files evidence labels dated reports catalog-verified mappings sizing and build schedules establish the inspection loop
VERIFY-029,cand-design-system-agents,cross-platform-component-transformation,Tests generated converted and refactored components as explicit source artifacts,included,2026-08-12,Pinned Next routes system prompts schemas endpoint handler and three dedicated workspaces implement model-backed source transformations
VERIFY-029,cand-pilot-marketing-ai-design-system,agent-readable-brand-authority,Tests a first-party system prepared for agent consumption,included,2026-08-12,Pinned canonical Markdown visualizer fonts icons imagery logos and slide exports make one public system usable by humans and agents
VERIFY-029,cand-master-ai-design-system,scaffolded-design-migration-runtime,Tests durable context plans and QC around agent source changes,included,2026-08-12,Pinned npm CLI templates master workflow modules component registry audit migration and update commands preserve project state
VERIFY-029,cand-ai-design-system-remix,exported-product-artifact-identity,Tests whether a handoff bundle is a new team or product,duplicate,2026-08-12,Pinned README explicitly identifies a Claude Design export containing chats and project files from one user session
VERIFY-029,cand-chip,agentic-design-system-operations-cockpit,Tests approval visibility and traceability for system drift,included,2026-08-12,Pinned working cockpit phase state approve reject reset simulation and audit log plus optional managed-agent proxy establish a prototype while source labels external integrations mocked
VERIFY-029,cand-enterprise-ai-design-system,multi-deliverable-brand-governance,Tests whether a static framework defines executable production paths,included,2026-08-12,Pinned routing skill decision policy tokens components templates prompts pipelines gates and checked-in HTML result exceed an unstructured guide
VERIFY-029,cand-brand-booklet,resumable-brand-system-production,Tests strategic gating coherent asset generation and recoverability,included,2026-08-12,Pinned skill defines mode-specific intake approval gates fixed folders per-phase logs asset lineage audit regeneration and final HTML PDF documentation
VERIFY-029,cand-intlayer,localization-versus-design-boundary,Tests whether visual editing alone makes an AI Design product,excluded,2026-08-12,Pinned core authority is translation dictionaries and locale delivery; the visual editor changes content rather than owning a Design artifact model
VERIFY-029,cand-mcp-link-fusion,native-parametric-cad-agent-bridge,Tests arbitrary host API reach with transaction and discovery support,included,2026-08-12,Pinned Fusion add-in MCP relay API introspection online documentation add-in discovery and Python execution mutate the native design session
VERIFY-029,cand-massing,ifc-native-ai-assisted-bim-lifecycle,Tests one authoritative engineering model across generation manual authoring QA and delivery,included,2026-08-12,Pinned IFC recipes GUID preservation prechecks history AI command MCP tools drawing generation validation and CDE state establish the breadth over a shared model
VERIFY-030,cand-codex-slides,durable-image-native-deck,Tests one steerable project across outline render edit version present and export,included,2026-08-12,Pinned project types store pipeline mark edits immutable deck versions and export routes expose the complete local artifact lifecycle
VERIFY-030,cand-brand-design-skill,approval-bound-brand-assets,Tests whether a skill makes human selection and resulting files authoritative,included,2026-08-12,Pinned workflow forbids implicit approval locks the selected source image preserves invariants and gates final assets applications and HTML manual
VERIFY-030,cand-styleseed,compiled-design-method-and-gates,Tests whether a design guidance project owns reproducible decisions and evidence,included,2026-08-12,Pinned resolver emits source-hashed bundles from a persistent lock while Studio selection score and rendered verification control repository work
VERIFY-030,cand-ppt-design-prompt,medium-specific-design-translation,Tests deterministic governance artifacts without a native canvas,included,2026-08-12,Pinned parser CLI outputs and manifest establish reproducible web-DESIGN.md to presentation-image-DESIGN.md translation with provenance
VERIFY-030,cand-rampstack-skills,composable-brand-production-contract,Tests a skill library with explicit candidate selection and file deliverables,included,2026-08-12,Pinned logo identity and design-system skills define distinct alternatives application tests owner selection fixed output trees and downstream implementation
VERIFY-030,cand-generative-media-skills,generic-media-recipe-boundary,Controls for design-labeled recipes over generic model endpoints,excluded,2026-08-12,Pinned recipes and shell wrappers produce media through MuAPI but no independent editable persistent Design artifact; graph execution resolves to Vibe Workflow
VERIFY-030,cand-pronghorn,managed-project-and-native-canvas,Tests whether software architecture and presentations share governed project evidence,included,2026-08-12,Pinned React Flow graph persistence Supabase project RPCs presentation blackboard checkpoints direct slide edits and export establish two linked artifact authorities
VERIFY-030,cand-microsoft-skills,static-design-guidance-boundary,Controls for official skill text mistaken for a Design product,excluded,2026-08-12,Pinned frontend review module provides principles and review format but no independent mutation persistence rendering or artifact schema
VERIFY-030,cand-shokunin,bundled-skill-distribution-boundary,Tests whether a general agent distribution adds an independent Design authority,excluded,2026-08-12,Pinned bundle vendors known upstream skills and supplies static brand guidance while upstream projects or the external agent own visual artifacts
VERIFY-030,cand-mano,presentation-playback-versus-authoring,Tests spatial presentation interaction without AI Design creation,excluded,2026-08-12,Pinned AI route controls stage intent while sample deck gestures and annotations drive delivery; AI deck generation remains roadmap-only
VERIFY-030,cand-bagidea-office,agent-workplace-versus-design-artifact,Tests a rich visual agent surface against the Design boundary,excluded,2026-08-12,Pinned product visualizes agents office layout and workflow execution but its graph coordinates general work rather than a Design artifact
VERIFY-030,cand-anthropic-frontend-design,upstream-guidance-only-boundary,Tests the source explicitly acknowledged by Microsoft and Impeccable,excluded,2026-08-12,Pinned official skill is one prose guidance file and leaves all artifact authority mutation and persistence to the host coding agent
VERIFY-030,cand-kami,content-ir-to-verified-delivery,Tests structured factual authority before visual typesetting,included,2026-08-12,Pinned content schema HTML templates build dispatch rendering and visual checks preserve content through PDF image and optional PPTX delivery
VERIFY-030,cand-impeccable,browser-source-correction-loop,Tests reversible live visual edits mapped back to repository authority,included,2026-08-12,Pinned project locks browser session scripts manual edit staging commit discard source mapping detectors and finish review form an independent runtime-correction loop
VERIFY-031,cand-tool4boxology,domain-boundary,Tests a visual editor whose subject is agent-system diagrams,excluded,2026-08-12,Structured boxology graph models AI systems but no AI assists the user in a Design-authoring loop
VERIFY-031,cand-agency-agents,static-persona-boundary,Tests whether packaged role prompts form a product,excluded,2026-08-12,Markdown personas and installers leave artifact authority and execution with the host agent
VERIFY-031,cand-contains-agents,static-persona-boundary,Tests whether a persona library implements Design,excluded,2026-08-12,Repository contains role documents without runtime mutation persistence or visual authority
VERIFY-031,cand-interface-design,instruction-skill-boundary,Tests design guidance against independent artifact ownership,excluded,2026-08-12,Host coding agent owns the application while this skill only supplies instructions and optional notes
VERIFY-031,cand-designer-skills,static-skill-corpus,Tests a large design skill catalog for executable authority,excluded,2026-08-12,Static documents and commands provide no independently operated artifact loop
VERIFY-031,cand-ai-agency-agents,static-persona-boundary,Tests a multi-role prompt pack,excluded,2026-08-12,No product-owned Design runtime artifact schema or persistence path is implemented
VERIFY-031,cand-addy-agent-skills,instruction-skill-boundary,Tests engineering skills that include frontend guidance,excluded,2026-08-12,External coding agent remains the sole authority for generated interfaces
VERIFY-031,cand-presenton,editable-deck-loop,Tests generation through direct edit and portable delivery,included,2026-08-12,Pinned outline models slide editor state and PPTX export establish a recoverable deck workflow
VERIFY-031,cand-hugoblox,portable-source-site-loop,Tests hosted generation against user-owned open authority,included,2026-08-12,Generated structured Markdown remains editable portable source rendered by the open block kit
VERIFY-031,cand-onlyoffice-documentserver,native-office-ai-loop,Tests AI mutation inside a mature native editor,included,2026-08-12,Pinned first-party plugin creates themes slides drawings charts images and text through native editor commands
VERIFY-031,cand-pptist,stream-to-native-deck,Tests whether AIPPT output remains editable,included,2026-08-12,Pinned dialog streams outline and slide JSON into the same slide store history and export path as manual edits
VERIFY-031,cand-univer,ai-adjacency-boundary,Tests an office editor SDK without built-in AI participation,excluded,2026-08-12,Core repository supplies an editor kernel but the separately identified MCP owns AI control
VERIFY-031,cand-onlyoffice-desktopeditors,same-lineage-client,Tests server and desktop repositories for double counting,duplicate,2026-08-12,Desktop and web distributions share native editor components and the same first-party AI plugin lineage
VERIFY-031,cand-affine,native-edgeless-ai-loop,Tests AI staging against a persistent collaborative graph,included,2026-08-12,Edgeless actions stage preview and commit generated slides mindmaps images and prototypes into BlockSuite documents
VERIFY-031,cand-minimax-skills,instruction-skill-boundary,Tests a vendor skill pack for bundled execution,excluded,2026-08-12,Referenced conversion utilities are external and the host agent owns deck generation and persistence
VERIFY-031,cand-draftdeckai,scene-authority-loop,Tests AI documents against an implemented visual engine,included,2026-08-12,Pinned scene types engine editor store version history and exports form one editable artifact path
VERIFY-031,cand-solidworks-automation-skill,native-cad-evidence-loop,Tests skill branding against executable engineering control,included,2026-08-12,Capability truth source desktop contracts MCP server and preview evidence operate native and headless CAD
VERIFY-031,cand-fluidcad,code-parametric-loop,Tests source authority through visual and agent control,included,2026-08-12,Canonical fluid.js source rebuilds exact geometry and supports inspect screenshot rollback and STEP delivery
VERIFY-031,cand-cli-anything,collection-authority-test,Tests a general harness collection for concrete Design mechanisms,included,2026-08-12,Multiple shipped harnesses maintain truthful state undo preview and native or structured exports for real Design applications
VERIFY-031,cand-vcad,exact-browser-cad-loop,Tests one artifact across kernel UI cloud history and AI,included,2026-08-12,Pinned vcad model exact geometry engine visual editor and MCP mutate the same parametric authority
VERIFY-031,cand-onshape-mcp,live-cloud-cad-loop,Tests agent control of an established CAD authority,included,2026-08-12,Tools mutate real Onshape documents features sketches assemblies variables analyses and exports
VERIFY-031,cand-jarvis-onshape-mcp,independent-derivative-test,Tests whether a fork adds a material product mechanism,included,2026-08-12,Truth-returning mutations visual decomposition multi-view evidence and geometric diffs establish a distinct maintained control layer
VERIFY-031,cand-sketchforge,local-scene-agent-loop,Tests live editor and development MCP convergence,included,2026-08-12,Scene history booleans treatments screenshots and exports are shared between direct and agent operations
VERIFY-031,cand-partmode,preview-commit-cad-loop,Tests exact geometry with staged agent changes,included,2026-08-12,Schema-versioned parametric document BRep evidence and preview commit protect one browser and MCP authority
VERIFY-031,cand-solidpilot,semantic-ir-roundtrip,Tests deterministic intent above raw CAD API calls,included,2026-08-12,Feature Graph IR compiles to SolidWorks and measured round-trip comparison detects divergence
VERIFY-031,cand-cae-agent-hub,solver-result-evidence-loop,Tests agent orchestration of real simulation artifacts,included,2026-08-12,MCP servers run established solvers and structured result meshes enter a visual evidence surface
VERIFY-031,cand-cad-cae-copilot,auditable-engineering-package,Tests semantic intent exact geometry and solver validation together,included,2026-08-12,Typed package IR stable topology diffs approval and FEA evidence preserve engineering decisions
VERIFY-032,cand-onlyoffice-ai-plugin,component-versus-product,Tests whether the first-party plugin is separately countable,duplicate,2026-08-12,Plugin is the AI mutation layer of the canonical ONLYOFFICE editor product
VERIFY-032,cand-univer-mcp,spreadsheet-versus-design-boundary,Tests real AI artifact control against the Design-specific job requirement,excluded,2026-08-12,MCP automates spreadsheet operations while visual chart tools remain incomplete and no Design framing or artifact-governance loop is evidenced
VERIFY-033,cand-presentation-app,conversational-deck-state,Tests HTML slide sessions beyond one-shot generation,included,2026-08-12,Pinned session files multi-turn mutations preview renderer and PPTX converter establish durable deck state
VERIFY-033,cand-starrykit,hosted-mcp-native-editor,Tests a plugin repository against a closed visual authority,included,2026-08-12,First-party workflow proves hosted MCP creation element editing manual editor continuation and portable exports at architecture level
VERIFY-033,cand-slidefinder,retrieval-as-design-decision,Tests whether curated source slides form an editable deck workflow,included,2026-08-12,Outline editing agent critique provenance favorites and native slide merging implement an explicit selection and promotion loop
VERIFY-033,cand-seaslides,source-deck-quality-gates,Tests agent-authored Typst as portable authority,included,2026-08-12,Pinned toolchain compiles canonical source and records manifests page renders contact sheets validation and delivery exports
VERIFY-033,cand-pptx-viewer,ai-adjacency-boundary,Tests powerful editor infrastructure without AI participation,excluded,2026-08-12,Parsing rendering and editing libraries expose no implemented agent or AI-native product loop
VERIFY-033,cand-director,approved-production-graph,Tests AI-first production with irreversible capture gates,included,2026-08-12,Versioned storyboard approval dailies manifest final video and editable deck form one local production authority
VERIFY-033,cand-chilldeck,multi-agent-editable-deck,Tests research generation against persistence and export,included,2026-08-12,Pinned agents services database models editor and export code connect the full loop
VERIFY-033,cand-slideflow,html-to-vector-deck,Tests whether generated pages remain editable outside HTML,included,2026-08-12,LangGraph workspace Playwright rendering and DOM-to-pptx reconstruction produce editable vector elements
VERIFY-033,cand-ppt-saas,implemented-versus-claimed-editor,Tests broad README claims against source gaps,included,2026-08-12,Generation template editor history and PPTX paths exist while incomplete chat wiring is explicitly bounded in the dossier
VERIFY-033,cand-zero-build-slides,agent-readable-source-deck,Tests minimal renderer plus external agent ownership,included,2026-08-12,Data schema layouts themes runtime and skill give data.js a stable portable artifact contract
VERIFY-033,cand-frontend-slides-editable,material-derivative-test,Tests whether a fork adds independent authority,included,2026-08-12,Browser editor persistence undo pages media and sanitized source export materially extend the upstream read-only product
VERIFY-033,cand-rocketsmith,physical-closed-loop,Tests CAD generation against simulation and manufactured evidence,included,2026-08-12,OpenRocket build123d slicing DFAM and measured mass calibration close an engineering design loop
VERIFY-033,cand-fusionmcp,native-cad-mutation,Tests model responses against real application authority,included,2026-08-12,Validated actions execute through a Fusion add-in and native feature APIs
VERIFY-033,cand-scad-webmcp,browser-source-cad-loop,Tests WebMCP as more than a protocol demo,included,2026-08-12,Canonical SCAD store Monaco direct editing agent tools WASM render details and export share one live project
VERIFY-033,cand-cad-solver,kernel-agent-pdm-loop,Tests a kernel repository as an independently usable Design system,included,2026-08-12,BRep operations addressable topology MCP PDM robustness checks viewer and STEP round-trip form a complete product mechanism
VERIFY-033,cand-omnimcp,concrete-design-harnesses,Tests a general automation server against Design-specific implemented paths,included,2026-08-12,Native office image vector CAD 3D and game tools plus test artifacts establish multiple real artifact authorities
VERIFY-033,cand-ai-cad,unified-parametric-authority,Tests whether chat visual features code and MCP converge,included,2026-08-12,Pinned store history engine feature codegen exact kernel and tool handlers operate one model
VERIFY-033,cand-ai-parametric-cad,bounded-generator-test,Tests a small project without overstating maturity,included,2026-08-12,Implemented schemas parser validation CadQuery builders geometry check viewer and engineering exports satisfy the narrow loop
VERIFY-033,cand-hagma-flowlet,ai-ready-versus-ai-native,Tests a manual product with planned AI hooks,excluded,2026-08-12,First-party README explicitly defers provider-backed AI and documents only future insertion points
VERIFY-034,cand-tylina,rendered-source-bidirectionality,Tests the independently recommended editor rather than merging it into SeaSlides,included,2026-08-12,First-party product contract exposes WYSIWYG rendered-page edits synchronized to standard Typst plus ACP agent access and local history
VERIFY-035,cand-mira-animator,rendered-animation-loop,Tests whether the agent can inspect and correct its authored animation,included,2026-08-12,Pinned source exposes plugin source authority rendered-frame evidence and iterative correction
VERIFY-035,cand-paper2any,editable-office-authority,Tests whether generated papers become revisable native artifacts,included,2026-08-12,Pinned source implements structured generation and editable office delivery rather than flattened output
VERIFY-035,cand-knowledge-cat-ppt,deck-production-loop,Tests whether a skill crosses generation render inspection and correction,included,2026-08-12,Pinned workflow materializes editable PPTX and requires visual validation
VERIFY-035,cand-rw-consulting-ppt,deck-production-loop,Tests whether the repository defines a reusable presentation job,included,2026-08-12,Pinned source stages consulting narrative layout and editable slide materialization
VERIFY-035,cand-sparo-os,stateful-generated-apps,Tests whether generated UI remains connected to task state,included,2026-08-12,Pinned source implements stateful Mini Apps and native artifact production inside an agent workspace
VERIFY-035,cand-tellr,editable-deck-authority,Tests whether the product owns a revisable deck rather than static images,included,2026-08-12,Pinned source preserves editable slide structures and iterative regeneration
VERIFY-035,cand-hands-on-deck,shared-slide-canvas,Tests whether human review and agent mutation meet in one artifact,included,2026-08-12,Pinned source implements governed canvas coordination and source-backed deck output
VERIFY-035,cand-ppt-as-code,source-render-delivery-loop,Tests whether code authority crosses visual QA and native export,included,2026-08-12,Pinned source renders authored slide code and materializes editable PowerPoint output
VERIFY-035,cand-graphcompose,ai-participation-boundary,Tests whether deterministic rendering alone meets the inclusion boundary,excluded,2026-08-12,Pinned source contains a renderer but no implemented AI or agent role in the Design job
VERIFY-035,cand-deckestra,independent-derivative-boundary,Tests whether the PPT Master derivative adds its own product loop,included,2026-08-12,Pinned source adds maintained orchestration validation and editable deck output
VERIFY-035,cand-competition-ppt-template,template-governance-loop,Tests whether templates participate in a governed agent workflow,included,2026-08-12,Pinned source requires template selection rendering review and editable artifact production
VERIFY-035,cand-paper2slides,paper-to-deck-loop,Tests whether paper interpretation remains visually correctable,included,2026-08-12,Pinned source creates slide source and rendered evidence for iterative repair
VERIFY-035,cand-codeck,source-preview-synchronization,Tests whether agent and user share an editable presentation authority,included,2026-08-12,Pinned source synchronizes presentation source live preview and native deck output
VERIFY-035,cand-amaroad,code-native-deck-workspace,Tests whether delegated creation remains visually editable,included,2026-08-12,Pinned source couples deck code live preview direct revision and export
VERIFY-035,cand-tiangong-ai-decks,native-deck-materialization,Tests whether generation ends in an editable presentation,included,2026-08-12,Pinned workflow constructs and checks PowerPoint artifacts rather than screenshots
VERIFY-035,cand-eigendeck,portable-deck-authority,Tests whether history and agent operations share one document,included,2026-08-12,Pinned SQLite model unifies elements assets semantic history and LLM-facing commands
VERIFY-035,cand-editable-presentation-studio,html-to-native-translation,Tests whether generated HTML becomes editable slide objects,included,2026-08-12,Pinned source exposes visual inspection conversion and correction over native presentation elements
VERIFY-035,cand-cyclecad,multi-control-cad-authority,Tests whether broad claims resolve to implemented editable geometry,included,2026-08-12,Pinned browser CLI and MCP paths operate on persisted OpenCascade project state
VERIFY-035,cand-embodied-scene-generation,structured-scene-correction,Tests whether generation supports relational edits and visual repair,included,2026-08-12,Pinned Scene JSON constraints history agent pipeline and MCP operations form one editable loop
VERIFY-035,cand-mcp-cad,native-host-mutation,Tests whether MCP tools address stable native CAD entities,included,2026-08-12,Pinned Inventor provider uses typed operations and persistent tags against the native document
VERIFY-035,cand-robosimtools-mcp,design-artifact-boundary,Tests whether simulation utilities define an editable Design job,excluded,2026-08-12,Pinned source offers conversion and validation utilities without an AI-native artifact correction loop
VERIFY-035,cand-resonance-ai,cad-to-analysis-loop,Tests whether generated geometry crosses engineering feedback,included,2026-08-12,Pinned schema executor preview meshing and modal analysis implement the bounded proof of concept
VERIFY-035,cand-ruth-v3,physical-delivery-loop,Tests whether assistant output remains revisable before fabrication,included,2026-08-12,Pinned build123d source geometry viewer slicer and printer paths establish the loop
VERIFY-035,cand-ohmyposh-configurator,ai-participation-boundary,Tests whether a prompt editor alone is AI-native Design,excluded,2026-08-12,Pinned source implements manual configuration but no model or agent participation
VERIFY-035,cand-n8n-desk,design-job-boundary,Tests whether a general workflow assistant defines a Design artifact,excluded,2026-08-12,Pinned source has no Design-specific artifact authority or ordinary-user design loop
VERIFY-035,cand-glyphic,artifact-domain-boundary,Tests whether agent-pipeline construction itself is a Design product,excluded,2026-08-12,Pinned visual surface governs agent configuration rather than a Design artifact
VERIFY-035,cand-blender-mcp-n8n,replayable-native-scene-loop,Tests whether visual orchestration stays attached to Blender state,included,2026-08-12,Pinned tools session history and Studio replay operate on the live Blender scene graph
VERIFY-035,cand-tastebuddy,product-boundary,Tests whether internal design-system documentation is an independent Design product,excluded,2026-08-12,Pinned repository is a consumer dining application and exposes no separate Design product
VERIFY-035,cand-design-os,persisted-gated-workflow,Tests whether prompts are backed by enforceable artifact state,included,2026-08-12,Pinned run-state schema runtime and hard gates govern fixed phase outputs
VERIFY-035,cand-ai-design-system-starter,runtime-boundary,Tests whether a toolkit implements an independent artifact system,excluded,2026-08-12,Pinned content is workshop material templates and prompts without runtime authority
VERIFY-035,cand-brand-manual-app,structured-brand-authority,Tests whether generated brand content remains persistently editable,included,2026-08-12,Pinned typed flows module graph persistence and phase gates implement a governed brand workspace
VERIFY-035,cand-milestone-designer,review-gated-handoff,Tests whether agent-produced screens become explicit repository artifacts,included,2026-08-12,Pinned orchestration writes specs and HTML screens behind an unskippable review gate
VERIFY-035,cand-figmalint,native-governance-mutation,Tests whether audit findings can repair the authoritative design,included,2026-08-12,Pinned analyzers and approved fixers directly mutate Figma nodes variables and names
VERIFY-036,cand-paper-to-any-studio,separate-commercial-boundary,Tests the first-party claim that hosted Studio is not Paper2Any,included,2026-08-12,Official README and desktop release channel establish a separate private-source workspace at architecture depth
VERIFY-036,cand-reversa,independent-upstream-boundary,Tests whether Mira dependency is separately usable,included,2026-08-12,Pinned framework owns checkpoint state visual inspection and generated specification artifacts independently
VERIFY-036,cand-bitfun,independent-predecessor-boundary,Tests whether Sparo foundation remains its own released product,included,2026-08-12,Pinned desktop source implements independently usable session-bound Mini Apps filesystem authority and delivery paths
VERIFY-037,cand-kanvas-obsidian,visual-coordination-boundary,Tests whether a project board directly coordinates agent work,included,2026-08-12,Pinned canvas CLI watcher and workflow rules make the versioned visual plan a shared governed artifact
VERIFY-037,cand-review-gate,visual-review-relay,Tests whether images participate in an implemented correction gate,included,2026-08-12,Pinned MCP and extension block completion and return uploaded visual feedback into the active agent turn
VERIFY-037,cand-instruckt,runtime-annotation-loop,Tests whether browser feedback survives as agent-addressable evidence,included,2026-08-12,Pinned core and Laravel adapter persist element anchors notes screenshots and MCP resolution state
VERIFY-037,cand-comfyui-easy-color-corrector,ai-assisted-finishing,Tests whether automatic analysis remains manually correctable,included,2026-08-12,Pinned ComfyUI node combines content analysis grading controls preview and persistent workflow parameters
VERIFY-037,cand-genjutsu,visual-approval-gates,Tests whether a skill system materializes design intent before source changes,included,2026-08-12,Pinned cast and paint pipelines require thesis variant and identity evidence before implementation
VERIFY-037,cand-deskcraft,inspectable-product-boundary,Tests whether a named repository contains an implemented product,excluded,2026-08-12,Pinned commit contains no product files README or ordinary-user implementation
VERIFY-037,cand-openada,engineering-evidence-contract,Tests whether agent intent is checked by native tools rather than model assertion,included,2026-08-12,Pinned schemas drivers result envelopes and conformance tests preserve native artifact provenance
VERIFY-037,cand-eng-mcp-suite,collection-versus-product,Tests whether an executable installer owns a Design artifact,excluded,2026-08-12,Pinned suite installs and configures separately released products but performs no design mutation itself
VERIFY-037,cand-decibel-designer,persistent-design-rationale,Tests whether design memory is structured and grounded in a live system,included,2026-08-12,Pinned file store tools and Figma adapter persist decisions principles tokens and component evidence
VERIFY-037,cand-get-shit-pretty,gated-design-chain,Tests whether repository skills preserve a complete brand-to-product artifact chain,included,2026-08-12,Pinned phase state templates preview artifacts critique build and verdict stages establish the loop
VERIFY-037,cand-spaceui,ai-participation-boundary,Tests whether AI-facing components make a design system AI-native,excluded,2026-08-12,Pinned source is an internal component library whose AI package renders agent UI but does not design the system
VERIFY-038,cand-lineforge,shared-engineering-authority,Tests whether agent and GUI use the same deterministic design model,included,2026-08-12,Pinned solvers typed inputs project format web studio and MCP tools implement transmission-line iteration
VERIFY-038,cand-mcp-emc-regulations,artifact-boundary,Tests whether reference lookup defines a Design product,excluded,2026-08-12,Pinned tools retrieve regulatory facts but create or revise no design artifact
VERIFY-038,cand-drawio-engineering-mcp,domain-diagram-authoring,Tests whether the extension adds an independent editable engineering loop,included,2026-08-12,Pinned generators and redlining tools produce native draw.io XML from domain inputs
VERIFY-038,cand-rfingadam-mcp-blender,native-scene-refinement,Tests whether broad Blender control includes visual iterative correction,included,2026-08-12,Pinned host handlers and refinement sessions mutate and evaluate the live Blender scene
VERIFY-038,cand-mcp-remote-access,design-job-boundary,Tests whether generic device connectivity is a Design product,excluded,2026-08-12,Pinned SSH and serial server exposes transport control without design-specific authority
VERIFY-038,cand-copper-mountain-vna-mcp,measurement-versus-design,Tests whether instrument automation itself owns a design loop,excluded,2026-08-12,Pinned server configures a VNA and exports measurements but owns no editable design
VERIFY-038,cand-mcp-openems,simulation-feedback-loop,Tests whether agent-generated jobs retain inspectable physics evidence,included,2026-08-12,Pinned typed server materializes openEMS scripts artifacts and results for parameter revision
VERIFY-038,cand-mcp-nec2-antenna,parametric-antenna-loop,Tests whether native models cross simulation and revision,included,2026-08-12,Pinned tools generate NEC geometry and parse impedance and radiation evidence for the next iteration
VERIFY-038,cand-mcp-pcb-emcopilot,native-pcb-review,Tests whether findings resolve to actual board entities,included,2026-08-12,Pinned KiCad parsers correlate schematic layout and BOM before producing review findings and simulation intents
VERIFY-038,cand-mcp-ltspice-qucs,spec-driven-circuit-loop,Tests whether optimization is grounded in real simulator output,included,2026-08-12,Pinned circuit IR durable jobs analytical synthesis and independent-simulator gates implement the loop
VERIFY-038,cand-mcp-cst-studio,native-commercial-host-loop,Tests whether the open wrapper reaches a canonical CST project,included,2026-08-12,Pinned tools generate inspectable VBA offline and directly execute geometry simulation and optimization when CST is present
VERIFY-038,cand-mcp-rs-spectrum-analyzer,measurement-versus-design,Tests whether trace acquisition defines a Design artifact,excluded,2026-08-12,Pinned server automates measurement and export but does not create or revise an engineering design
VERIFY-038,cand-mcp-rs-cmw500,measurement-versus-design,Tests whether radio-tester automation defines a Design artifact,excluded,2026-08-12,Pinned tools control test hardware rather than a design model
VERIFY-038,cand-mcp-rs-siggen,stimulus-versus-design,Tests whether bench-signal generation defines a Design artifact,excluded,2026-08-12,Pinned tools configure hardware stimuli but own no editable engineering design
VERIFY-038,cand-mcp-rf-test,public-evidence-boundary,Tests a private catalog-only component,excluded,2026-08-12,First-party manifest marks it private and exposes no independently inspectable implementation or product surface
VERIFY-038,cand-doc-testplan-generator,public-evidence-boundary,Tests a private catalog-only component,excluded,2026-08-12,First-party manifest supplies only a description and no independently inspectable implementation
VERIFY-038,cand-mcp-eng-requirements,public-evidence-boundary,Tests a private catalog-only component,excluded,2026-08-12,First-party manifest supplies only a description and no independently inspectable implementation
VERIFY-038,cand-mcp-eng-verification,public-evidence-boundary,Tests a private catalog-only component,excluded,2026-08-12,First-party manifest supplies only a description and no independently inspectable implementation
VERIFY-038,cand-rflect,visual-engineering-evidence,Tests whether deterministic analysis can be orchestrated by an agent without blurring provenance,included,2026-08-12,Pinned GUI engine MCP tools plots and report path separate computed antenna evidence from agent prose
VERIFY-039,cand-drawio-mcp,official-editable-diagram-loop,Tests the upstream product independently from its engineering extension,included,2026-08-12,Pinned shared XML contract app server tool server and plugins converge on editable native draw.io files
VERIFY-040,cand-kicad-mcp-server,native-electronics-authoring,Tests whether the server owns bounded operations over real EDA artifacts,included,2026-08-12,Pinned registry and schematic board routing rule and export tools converge on native KiCad project files
VERIFY-040,cand-lamaalrajih-kicad-mcp,read-only-engineering-review,Tests whether nonmutating access still forms an independent Design verification loop,included,2026-08-12,Pinned BOM netlist DRC pattern validation export and thumbnail tools jointly ground review without hidden writes
VERIFY-040,cand-montevive-penpot-mcp,read-only-design-grounding,Tests whether screenshots are joined to structured design identity,included,2026-08-12,Pinned normalized tree schemas screenshots and exports preserve both hierarchy and appearance from Penpot
VERIFY-040,cand-eda-agent,multihost-eda-loop,Tests whether backend automation is governed by a reusable design discipline,included,2026-08-12,Pinned bridge design checkpoint snapshot review routing and manufacturing modules establish an autonomous native-artifact loop
VERIFY-040,cand-agents365-drawio-skill,governed-diagram-source,Tests whether the skill produces reviewable structure rather than prompt-only advice,included,2026-08-12,Pinned skill style schema validators diffs and render scripts operate on editable draw.io source
VERIFY-040,cand-next-ai-draw-io,versioned-diagram-workspace,Tests proposed edits validation and user recovery,included,2026-08-12,Pinned edit gate XML validator page tools history implementation and restore tests share one native diagram authority
VERIFY-040,cand-diagram-design,semantic-diagram-workflow,Tests whether diagram choice and revision are operationalized,included,2026-08-12,Pinned type-specific references extraction helper and skill require structured editable Draw.io output
VERIFY-040,cand-lgazo-drawio-mcp-server,live-browser-canvas-bridge,Tests an independent mutation route into a running Draw.io host,included,2026-08-12,Pinned architecture extension compatibility package proxy and tool catalog establish live graph relay
VERIFY-040,cand-yank-note,source-visual-editor-loop,Tests whether AI output returns to a durable editor document,included,2026-08-12,Pinned editor extension loader and official Copilot component insert results into Markdown with preview and undo
VERIFY-040,cand-drawio-ai-kit,declarative-diagram-compiler,Tests topology catalog layout validation and visual repair as one mechanism,included,2026-08-12,Pinned catalogs layout engine validator and render workflow compile editable XML and inspect its projection
VERIFY-040,cand-drawio-scientific-illustrator,successor-identity,Tests whether the older repository is still an independent current product,duplicate,2026-08-12,Maintainer README explicitly names Scientific Illustrator as the integrated upgrade and future development location
VERIFY-040,cand-drawio2go,human-ai-diagram-editor,Tests selected context multipage edits and version recovery,included,2026-08-12,Pinned editor context MCP types and versioned canvas contract converge on one Draw.io document
VERIFY-040,cand-drawio-diagram-builder-skill,visual-defect-closure,Tests whether valid XML must also pass visual review,included,2026-08-12,Pinned skill mandates visual spec local preview screenshot comparison defect ledger repair and editable handoff
VERIFY-040,cand-terravision,infrastructure-to-diagram-materialization,Tests whether source relationships become a native editable coordination artifact,included,2026-08-12,Pinned provider maps and Draw.io emitter deterministically materialize Terraform resources into XML
VERIFY-040,cand-aws-architecture-diagram-skill,cloud-vocabulary-governance,Tests reusable templates icons and validation across agent hosts,included,2026-08-12,Pinned skill cloud references native templates and validator create editable AWS architecture diagrams
VERIFY-040,cand-clawphd,scholarly-visual-production,Tests whether research outputs retain editable representations and revision,included,2026-08-12,Pinned workflows iterate diagrams and export SVG PPTX and Draw.io packs alongside rendered evidence
VERIFY-040,cand-flowforge-skill,deterministic-diagram-layout,Tests whether the skill constrains positions themes and serialization,included,2026-08-12,Pinned coordinate formulas XML reference renderer and validator produce editable workspace files
VERIFY-040,cand-openscad-agent,source-render-manufacture-loop,Tests whether visual feedback stays grounded in precise source and export validation,included,2026-08-12,Pinned workflow versions SCAD source renders PNG feedback and validates the chosen STL
VERIFY-040,cand-code2world,research-versus-product,Tests whether a GUI world-model benchmark exposes an ordinary Design job,excluded,2026-08-12,Repository evaluates research tasks but does not provide an independently surfaced user artifact workflow
VERIFY-040,cand-figmirror,measured-figure-reconstruction,Tests whether reference matching preserves editable code and accepted properties,included,2026-08-12,Pinned Drawer Reviewer preserve-list scoring and browser iteration artifacts converge on Matplotlib source
VERIFY-040,cand-deepdiagram,multiartifact-visual-workspace,Tests domain renderers session state and editable outputs,included,2026-08-12,Pinned dispatcher SSE code streams renderer switchboard and stores preserve diagrams and traces across sessions
VERIFY-040,cand-officebuddy,native-office-render-truth,Tests structural edits against the real layout engines,included,2026-08-12,Pinned typed operations native Word or Excel renderer page diff and stateless verifier gate baseline advancement
VERIFY-040,cand-claude-office-skills,canonical-upstream-identity,Tests whether redistributed skills represent a separate team product,duplicate,2026-08-12,Repository declares copied Anthropic Office skills and the official canonical source is independently inspectable
VERIFY-040,cand-blender-mcp-vxai,live-scene-agent-control,Tests whether agent operations mutate Blender native state and return evidence,included,2026-08-12,Pinned MCP server and version-paired add-on execute Blender operations render and export the live scene
VERIFY-040,cand-cad-agent,containerized-cad-feedback,Tests a complete modeling sight and production boundary,included,2026-08-12,Pinned CAD engine VTK renderer blueprint dimensioner MCP server and export endpoints share one container authority
VERIFY-040,cand-3dcodebench,executable-3d-evaluation,Tests visual quality together with runnable source and geometry,included,2026-08-12,Pinned Blender runner render path shape metrics image metrics taxonomy and agent adapters evaluate executable scripts
VERIFY-040,cand-cadgenbench,kernel-grounded-cad-evaluation,Tests engineering validity topology shape and interfaces beyond screenshots,included,2026-08-12,Pinned baseline agent artifact packager CAD validity and evaluation modules operate on real solids
VERIFY-040,cand-cadsmith,agentic-cad-production,Tests whether generated geometry is executed rendered and validated,included,2026-08-12,Pinned retrieval agent pipeline executor renderer validator and benchmark scripts form one closed engineering loop
VERIFY-040,cand-claude-code-workflows,responsive-runtime-review,Tests real interaction and visual evidence across target viewports,included,2026-08-12,Pinned Playwright design-review agent captures desktop tablet and mobile behavior against repository principles
VERIFY-040,cand-jezweb-claude-skills,persistent-design-delivery-loop,Tests whether design decisions and visual acceptance survive multiagent work,included,2026-08-12,Pinned design files baton screenshot command review and hard-gated UX evidence manifest control progression
VERIFY-040,cand-arc-kit,architecture-artifact-governance,Tests product identity and linked diagram review lifecycle,included,2026-08-12,Compatibility entry resolves to current ArcKit source with numbered artifacts diagram commands stale hooks and Git authority
VERIFY-040,cand-optiaxiom,agent-native-design-system,Tests component identity across model context JSON UI code and Figma,included,2026-08-12,Pinned MCP metadata tokens Proteus schema renderer visual designer and Code Connect share governed Axiom components
VERIFY-040,cand-github-copilot-agent-skills,packaged-live-diagram-workflow,Tests whether installation includes both skill contract and execution dependency,included,2026-08-12,Pinned APM manifests wire Draw.io and Excalidraw MCPs to detailed authoring skills and editable exports
VERIFY-040,cand-poco,published-artifact-collaboration,Tests persistence permissions preview and reuse beyond one agent reply,included,2026-08-12,Pinned model APIs runtime tools and UI create a channel artifact tree without exposing private filesystems
VERIFY-040,cand-simonkurtz-drawio-mcp-server,direct-xml-transaction-model,Tests independent product identity and coherent multioperation generation,included,2026-08-12,GitHub identifies a nonfork repository and pinned model tools icons layers and transaction design own a distinct XML path
VERIFY-040,cand-mcpyats,network-evidence-to-visual-artifact,Tests whether live operational facts become a reusable editable topology,included,2026-08-12,Pinned pyATS service Draw.io server event bridge and sample XML connect network evidence to diagram delivery
VERIFY-040,cand-heroui,design-system-agent-surface,Tests whether agents access current governed component and theme authority,included,2026-08-12,Pinned official component skills plus extraction MCP expose docs source styles themes and migrations from HeroUI
VERIFY-040,cand-blade,cross-boundary-system-governance,Tests component identity from Figma through agent code and handoff,included,2026-08-12,Pinned Blade MCP Figma-to-code coverage plugin token workflow and handoff widget establish measurable governance
VERIFY-040,cand-figma-mcp-server,official-external-native-control,Tests the external server separately from the built-in Design Agent,included,2026-08-12,Official pinned skills cover new files native node writes libraries variables FigJam Slides design-to-code and Code Connect
VERIFY-040,cand-reicon,governed-icon-materialization,Tests canonical asset identity across preview design host and code targets,included,2026-08-12,Pinned catalog search view apply codegen Figma and framework packages resolve the same icons
VERIFY-040,cand-tempad-dev,budgeted-figma-semantic-bridge,Tests exact structure visual evidence assets and context limits,included,2026-08-12,Pinned semantic tree normalization screenshot token resolver asset exporter budget preflight and sandbox permissions ground code generation
VERIFY-040,cand-archondev,documented-design-governance,Tests product behavior while respecting the packaged-source evidence ceiling,included,2026-08-12,Public README VSIX truth layer and commands establish DESIGN.md visual QA review checkpoints and ship gates but not internal source
VERIFY-040,cand-claude-terminal,source-attached-rich-preview,Tests whether visual artifacts remain recoverable through workspace state,included,2026-08-12,Pinned preview protocol rich renderer webapp tools checkpointing worktrees and Git UI preserve source authority
VERIFY-040,cand-mcp-rubber-duck,generic-deliberation-boundary,Tests vision and MCP Apps without a Design artifact,excluded,2026-08-12,Source implements multi-model consultation but no independent visual creation correction or persistence loop
VERIFY-040,cand-super-agent-party,generic-desktop-agent-boundary,Tests companion UI against Design-specific inclusion,excluded,2026-08-12,Desktop agent orchestration and automation do not own a visual Design artifact
VERIFY-040,cand-physics-notebook,external-link-boundary,Tests whether AI buttons implement the product workflow,excluded,2026-08-12,Reviewed application delegates AI actions outward and provides no independent governed Design artifact
VERIFY-040,cand-harness-terminal,agent-monitor-boundary,Tests whether visual process monitoring is Design work,excluded,2026-08-12,Terminal monitoring and themes visualize agent execution rather than a Design artifact or correction target
VERIFY-040,cand-qwen3-coder,model-versus-product,Tests a foundation coding model against product inclusion,excluded,2026-08-12,Repository publishes a general model and code-agent guidance without a separate Design workspace
VERIFY-040,cand-modern-web-guidance,guidance-versus-runtime,Tests reference rules against an implemented visual evidence loop,excluded,2026-08-12,Guidance can inform other agents but owns no artifact runtime or persistence mechanism
VERIFY-040,cand-interactive-resume-template,artifact-versus-authoring-product,Tests a completed visual application against tool inclusion,excluded,2026-08-12,Repository is a template output rather than a reusable agentic Design workflow
VERIFY-040,cand-endless-memory-gym,benchmark-domain-boundary,Tests whether a general memory benchmark measures Design,excluded,2026-08-12,Tasks concern agent memory and do not create review or verify a Design artifact
VERIFY-040,cand-trina-grid,implementation-evidence-boundary,Tests ambiguous search ranking at source,excluded,2026-08-12,Reviewed source does not establish an independent AI-native Design loop
VERIFY-040,cand-front-end-checklist,static-checklist-boundary,Tests checklist knowledge against runtime inclusion,excluded,2026-08-12,Static checklist has no agent execution visual evidence or owned artifact
VERIFY-040,cand-awesome-gui-agents,curated-list-boundary,Tests a research collection against product identity,excluded,2026-08-12,Repository catalogs external GUI agents and does not implement one Design product
VERIFY-040,cand-piebald-system-prompts,prompt-archive-boundary,Tests extracted prompts against an independently operable product,excluded,2026-08-12,Archive contains prompts but no owned artifact authority or ordinary-user Design loop
VERIFY-040,cand-multi-agent-shogun,generic-orchestration-boundary,Tests multiagent packaging against domain-specific work,excluded,2026-08-12,Orchestration system does not expose a Design-specific artifact or visual correction path
VERIFY-040,cand-claude-octopus,generic-orchestration-boundary,Tests a Claude manager against independent Design inclusion,excluded,2026-08-12,Source coordinates general agent tasks without an evidenced Design surface
VERIFY-040,cand-novatech-demo,course-demo-boundary,Tests educational sample against independent product identity,excluded,2026-08-12,Repository is a course demonstration and lacks a maintained Design artifact contract
VERIFY-040,cand-laravel-claude-code-setup,integration-reference-boundary,Tests referenced external design tools against owned capability,excluded,2026-08-12,Setup files mention Figma integration but implement no independent visual Design authority
VERIFY-040,cand-wilwaldon-frontend-design-toolkit,curated-toolkit-boundary,Tests prompts and links against implemented artifact control,excluded,2026-08-12,Reviewed toolkit assembles external advice and tools without an independently owned Design runtime
VERIFY-041,cand-konnect,successor-architecture-identity,Tests whether successor status is a rename or an independent implementation,included,2026-08-12,Pinned Rust router schematic editor native KiCad IPC CLI verification and viewer materially differ while remaining separately installable
VERIFY-041,cand-scientific-illustrator,current-integrated-product,Tests the canonical endpoint for the older Draw.io-only repository,included,2026-08-12,Maintainer declaration and pinned PowerPoint WPS Draw.io bridges and skills establish the current product
VERIFY-041,cand-anthropic-agent-skills,official-upstream-product,Tests the canonical identity behind a third-party Office skill copy,included,2026-08-12,Pinned Anthropic repository states that its document skills power Claude and includes format validators renderers and creative workflows
VERIFY-041,cand-yank-note-extension,component-versus-product,Tests whether the extension owns a separate artifact authority,duplicate,2026-08-12,Official extension is loaded by Yank Note and inserts outputs into the same current editor document
VERIFY-041,cand-arckit-claude,current-source-versus-compatibility-entry,Tests two repositories for one product lineage,duplicate,2026-08-12,Current repository and compatibility repository use one ArcKit name commands artifacts and release path
VERIFY-041,cand-heroui-mcp,component-versus-design-system,Tests whether official MCP extraction creates another product,duplicate,2026-08-12,MCP tools expose HeroUI component and theme authority and the main product documents them as its UI-for-agents surface
VERIFY-042,cand-higgsfield-skills,approval-aware-brand-system,Tests whether a skill collection owns durable Design decisions,included,2026-08-12,Pinned state helper stores approved brand foundations and dependency-aware editable deliveries
VERIFY-042,cand-crafter,scientific-figure-reconstruction,Tests candidate generation against editable artifact authority,included,2026-08-12,Pinned schemas pipeline and judge reconstruct raster figures into coordinate-faithful SVG
VERIFY-042,cand-agent-vision-toolkit,visual-agent-infrastructure,Tests generic vision tools against repeatable Design correction,included,2026-08-12,UI graphic and structure restoration workflows connect pixel evidence to editable repository artifacts
VERIFY-042,cand-skillstead,portable-svg-authoring,Tests a mixed skill collection through its qualifying visual surface,included,2026-08-12,svg-infographic owns structured SVG lint exact-scale browser rendering and multilingual checks
VERIFY-042,cand-sci-figure,publication-figure-authoring,Tests a compact skill against source and render authority,included,2026-08-12,Plot source and data remain authoritative across editable vector and raster QA exports
VERIFY-042,cand-paper-framework-figure-studio-pro,human-candidate-selection,Tests prompt packages against a real Design decision loop,included,2026-08-12,Audited S0 to S5 contracts preserve two candidate rounds and stop before human finalization
VERIFY-042,cand-premium-vector-icon-designer,icon-system-authoring,Tests instruction source against an editable artifact contract,included,2026-08-12,Grid rules repair gates and clean bitmap-free SVG establish the ordinary-user icon loop
VERIFY-042,cand-layer-first-raster-to-svg,raster-structure-reconstruction,Tests tracing against semantic editable reconstruction,included,2026-08-12,Geometry OCR and primitive tracks fuse into reviewed editable SVG instead of opaque contours
VERIFY-042,cand-powerpoint-business,svg-native-deck,Tests PPT delivery against its working source,included,2026-08-12,Semantic versioned slide SVG and manifest drive validation preview and PPTX export
VERIFY-042,cand-shad-expo-studio,agent-visual-regression,Tests a component starter against a distinct verification product,included,2026-08-12,Deterministic examples generate stories and locked baselines from the same React Native source
VERIFY-042,cand-threejs-game-skills,game-product-delivery,Tests visual generation through playable release evidence,included,2026-08-12,Source scaffold seeded hooks screenshots bot playtests and release checks close the game loop
VERIFY-042,cand-arinspunk-claude-talk-to-figma,figma-derivative-identity,Tests upstream credit against independent implementation,included,2026-08-12,Maintained tools queue relay and plugin mutate native Figma nodes as a separate derivative
VERIFY-042,cand-qt-agent-skills,figma-to-qml-system,Tests official skills as one transformation chain,included,2026-08-12,Tokens and component metadata materialize as QML controls then enter deterministic QML review
VERIFY-042,cand-extract-design-system,website-token-extraction,Tests screenshot mimicry against governed token output,included,2026-08-12,Normalized capture audit token matcher and JSON CSS writers create reviewable local authority
VERIFY-042,cand-multi-agent-cad,typed-cad-handoffs,Tests token-efficiency claims against engineering artifacts,included,2026-08-12,Brief plan executable build123d source kernel output and QA remain separately inspectable
VERIFY-042,cand-forma-ai-service,render-feedback-cad,Tests visual approval against parametric source authority,included,2026-08-12,Control flow cycles specification executable CAD render and Designer feedback
VERIFY-042,cand-cicada,codecad-visual-repair,Tests snapshots against editable engineering intent,included,2026-08-12,Code generation kernel execution multi-view evidence and visual feedback revise the same model source
VERIFY-042,cand-millwright,native-solidworks-control,Tests macro generation against direct host mutation,included,2026-08-12,Structured native tools COM adaptation screenshots confirmation and backup operate SolidWorks authority
VERIFY-042,cand-spark-to-paper-skills,editable-scientific-figure-pipeline,Tests generated imagery against fact-grounded editability,included,2026-08-12,Native SVG redraw and deterministic audit preserve honest hybrid and raster fallbacks
VERIFY-042,cand-nature-skills,journal-figure-system,Tests style guidance against an operated artifact,included,2026-08-12,Plotting source output contracts editable SVG and rendered QA establish a visual production loop
VERIFY-042,cand-circuit-weaver,ai-assisted-eda,Tests programmatic generation against native EDA validation,included,2026-08-12,Design IR dispatcher KiCad artifacts and evidence-tiered validation support patch resume and export
VERIFY-042,cand-nano-scientist,adjacent-research-agent-boundary,Tests optional visual skills against product identity,excluded,2026-08-12,Core user journey is autonomous research reporting and does not expose an independent Design surface
VERIFY-042,cand-playwright-skill,generic-browser-boundary,Tests screenshots and automation against Design authority,excluded,2026-08-12,General Playwright programs own browser automation rather than a Design-specific artifact
VERIFY-042,cand-claude-command-suite,generic-command-boundary,Tests frontend mentions against implemented visual work,excluded,2026-08-12,Command collection has no distinct Design runtime or artifact authority
VERIFY-042,cand-gravity-uikit,traditional-design-system-boundary,Tests visual regression against an AI-native surface,excluded,2026-08-12,Component library remains a traditional design system without evidenced agent participation
VERIFY-042,cand-medplum,domain-platform-boundary,Tests a UI library mention against Design product identity,excluded,2026-08-12,Healthcare platform exposes application infrastructure rather than an agentic Design loop
VERIFY-042,cand-memoh,general-agent-platform-boundary,Tests computer use against a named Design surface,excluded,2026-08-12,Generic desktop and browser authority is not independently Design-specific
VERIFY-043,cand-image-to-svg,measured-vector-reconstruction,Tests raster similarity against real vector authority,included,2026-08-12,Audit and render-diff loop produces bitmap-free editable SVG
VERIFY-043,cand-figedit,hybrid-document-reconstruction,Tests visual fidelity against semantic editability,included,2026-08-12,Manifest separates native text formulas vectors and explicit raster exceptions across SVG and PPTX
VERIFY-043,cand-image-to-shape-safe-svg,office-safe-svg,Tests generic SVG against downstream shape conversion,included,2026-08-12,Hard validator and restricted primitives establish a maintained explicit SVG product
VERIFY-043,cand-figma-editable-dashboard-skill,browser-to-native-figma,Tests SVG preparation against host-native authority,included,2026-08-12,Skill operates an authorized Figma file and documents when native properties require host API mutation
VERIFY-043,cand-nature-figure-studio,origin-scientific-workspace,Tests AI recommendations against editable plotting projects,included,2026-08-12,Structured JSON applies to data-driven figures and Windows automation preserves OPJU source
VERIFY-043,cand-scifig,open-skill-hosted-canvas,Tests flat draft generation against the full product boundary,included,2026-08-12,First-party skill distinguishes its PNG output from hosted layered SVG PPTX and multi-round editing
VERIFY-043,cand-subcortex-visualization-skill,domain-vector-visualization,Tests generic charting against scientific identity constraints,included,2026-08-12,Backend atlas region data and provenance are validated before editable vector export
VERIFY-043,cand-svg-icon-skills,paired-icon-pipeline,Tests image generation against final vector authority,included,2026-08-12,Approved raster candidates are reconstructed and structurally audited as editable SVG
VERIFY-043,cand-svg-factory,deterministic-svg-source,Tests an agent wrapper against operated visual source,included,2026-08-12,JSON or direct SVG definitions drive validation rendering critique and revision
VERIFY-043,cand-svg-creation-skill,raster-to-vector-generation,Tests tracing against editable delivery,included,2026-08-12,Explicit generation removal tracing and preview stages produce vector paths with a stated semantic ceiling
VERIFY-043,cand-ian-nuttall-skills,collection-visual-surface,Tests one qualifying skill without multiplying collection folders,included,2026-08-12,png2svg measures geometric logos and delivers compact rendered editable vectors
VERIFY-043,cand-proofshot,human-proof-workspace,Tests browser automation against independent review artifacts,included,2026-08-12,Synchronized video screenshots actions errors viewer diff and PR bundle form a reusable verification product
VERIFY-043,cand-game-creator,browser-game-delivery,Tests asset generation through playable release,included,2026-08-12,Source assets QA agents Playwright baselines and deployment stay in one game project loop
VERIFY-043,cand-work-with-design-systems,figma-governance-lifecycle,Tests audit against native build and code sync,included,2026-08-12,Read-only and mutation modes are user-gated and optional code materialization remains explicit
VERIFY-043,cand-design-system-extraction,mixed-evidence-governance,Tests screenshots against source-aware system claims,included,2026-08-12,Input routing limits hidden-state claims and produces reviewable specification and handoff artifacts
VERIFY-043,cand-design-system-builder,structured-system-authoring,Tests style guidance against coordinated deliverables,included,2026-08-12,Tokens specification preview and agent instructions create one inspectable local system
VERIFY-043,cand-d2c,current-figma-code-lineage,Tests repository grounding and runtime correction,included,2026-08-12,Current project materializes Figma and token context into source then iterates through rendered comparison
VERIFY-043,cand-figma-to-design-codestate,old-versus-current-repository,Tests similar readmes against authorship and history,duplicate,2026-08-12,Same author moved the workflow to d2c-ai and continued feature development there
VERIFY-043,cand-claude-figma-kit,brief-to-native-system,Tests generated specs against real Figma objects,included,2026-08-12,Reviewed brief gates variable component and page construction through Figma MCP
VERIFY-043,cand-ui-from-references,reference-to-code-authority,Tests Figma-free Design against durable constraints,included,2026-08-12,Approved token and asset locks constrain source and runtime screenshot iteration
VERIFY-043,cand-prd-to-ui-automation-agent,structured-prd-design,Tests narrative requirements against inspectable stage artifacts,included,2026-08-12,Four agents and workbench expose journey wireframe high-fidelity and token JSON with exchange exports
VERIFY-043,cand-agentic-ui-design-poc,book-demo-product-boundary,Tests a POC against an independently runnable loop,included,2026-08-12,Pinned Figma extraction persistent context HTML generation and visual QA operate end to end
VERIFY-043,cand-claude-to-print,derivative-manufacturing-loop,Tests upstream reuse against consequential independent mechanisms,included,2026-08-12,Direct skills multi-color splitting 3MF delivery and human slicer acceptance extend the parametric source loop
VERIFY-043,cand-onetool-mcp,tool-aggregator-boundary,Tests bundled Excalidraw access against owned Design authority,excluded,2026-08-12,Aggregator delegates visual work to external tools among many unrelated utilities
VERIFY-043,cand-wordinweb,non-agent-editor-boundary,Tests a visual document editor against AI participation,excluded,2026-08-12,Current source establishes collaborative editing but no agentic Design loop
VERIFY-043,cand-agentic-qe,generic-quality-boundary,Tests agentic testing against visual Design specificity,excluded,2026-08-12,Quality fleet is general software verification rather than a visual artifact product
VERIFY-043,cand-tokensbruecke,deterministic-plugin-boundary,Tests agent-readable output against AI-native operation,excluded,2026-08-12,Figma JSON import and export is deterministic and does not involve an agent in authoring
VERIFY-043,cand-democrito,agent-readable-library-boundary,Tests AI documentation against operated Design work,excluded,2026-08-12,Component registry and token files guide agents but remain a traditional design-system library
VERIFY-043,cand-agentic-sdlc-pipeline,generic-delivery-boundary,Tests optional Figma tokens against a Design product,excluded,2026-08-12,Pipeline automates software stages without a visual correction or artifact-authoring surface
VERIFY-044,cand-image-to-pptx,native-successor-format,Tests successor identity and PowerPoint authority,included,2026-08-12,Separate skill directly constructs and validates native OOXML text and shapes while the predecessor remains SVG-specific
VERIFY-045,cand-resource2skill,resource-distillation-runtime,Tests a general framework against real visual artifact operation,included,2026-08-12,Runnable domain servers retrieve distilled skills and produce web PowerPoint and Blender artifacts
VERIFY-045,cand-image-svg-pptx-pro,editable-deck-reconstruction,Tests bitmap embedding against semantic editable delivery,included,2026-08-12,Layout plan canonical SVG native PPTX route and QA outputs establish a recoverable workflow
VERIFY-045,cand-consulting-deck,evidence-bearing-presentation,Tests visual polish against argument and source traceability,included,2026-08-12,Evidence ledger chart specifications native objects and slide renders preserve both reasoning and delivery
VERIFY-045,cand-appautomaton-presentation,composable-deck-authority,Tests one suite with multiple render authorities,included,2026-08-12,Storyboard and identity hand off to distinct HTML PDF and native PowerPoint renderers
VERIFY-045,cand-presentation-skill,source-compiled-deck,Tests JSON workspace and rendered QA against screenshot-only output,included,2026-08-12,Semantic outline and composition grammar compile into native PPTX with geometric and visual review
VERIFY-045,cand-presenton-skills,official-interface-identity,Tests agent distribution against a new product count,duplicate,2026-08-12,Skill calls the existing Presenton API and returns the same editable presentation and preview surface
VERIFY-045,cand-shield-design,same-author-current-product,Tests repository name against product lineage,duplicate,2026-08-12,README names Slide ProMax and installation resolves to the current same-author product repository
VERIFY-045,cand-image-ppt-king,layered-ppt-authority,Tests semantic layers and text ownership before PowerPoint delivery,included,2026-08-12,Separate manifests and text schema feed an explicit artifact or pptxgenjs backend with QA
VERIFY-045,cand-imagegen-pptx-pipeline,candidate-to-native-deck,Tests image-led style exploration against editable delivery,included,2026-08-12,Approved comps are measured then rebuilt with native PowerPoint objects and package-level QA
VERIFY-045,cand-pradaslides,capability-aware-presentation,Tests format routing and hidden planning state,included,2026-08-12,One brief and visual contract governs format-specific authorities and a public HTML benchmark
VERIFY-045,cand-img2pptx,conversion-aware-vector-deck,Tests SVG preparation against claimed native editability,included,2026-08-12,Reports embedding conversion readiness and actual conversion separately while preserving semantic modules
VERIFY-045,cand-aurelius,gated-design-to-code,Tests broad agent framework against a complete visual delivery route,included,2026-08-12,Token lock implementation visual diff browser checks and build report form a closed Figma or conversation-to-code path
VERIFY-045,cand-figma-to-astro-pipeline,project-calibrated-handoff,Tests reusable architecture while retaining snapshot limitations,included,2026-08-12,Section work files deterministic layout comparison perceptual QA and bounded review are fully disclosed
VERIFY-045,cand-whipui,design-routing-contract,Tests orchestration layer without claiming a new model or editor,included,2026-08-12,Project DNA fingerprints evidence captures and Playwright repair persist across host agents
VERIFY-045,cand-design-agents-flow,multi-agent-ui-handoff,Tests prompt collection against durable artifact and visual correction,included,2026-08-12,Task files design system code changes and breakpoint screenshots preserve ownership across stages
VERIFY-045,cand-design-harness,specification-as-product,Tests design specification before downstream implementation,included,2026-08-12,DESIGN.md component and view registries plus schemas create a portable source of truth
VERIFY-045,cand-sdd-de,spec-driven-design-engineering,Tests installer methodology and UI acceptance cycle,included,2026-08-12,Specification branch Figma extraction visual verification adversarial review and token synchronization close the loop
VERIFY-045,cand-figma-to-webflow-starter,live-target-canvas,Tests code export against ordinary Webflow editability,included,2026-08-12,Agent mutates Webflow variables pages and sections then corrects against Figma before approved publish
VERIFY-045,cand-vibe-design-system-starter,repo-local-governance,Tests static guidance against enforced UI decision routing,included,2026-08-12,Agent instructions taxonomy tokens component contracts and review scripts govern visible feature work
VERIFY-045,cand-cxdesign-agents,phase-gated-cx-system,Tests persona quantity against persistent coordination mechanism,included,2026-08-12,MCP server shared memory phase artifacts and five approval gates connect research through visual handoff
VERIFY-045,cand-super-design-skills,option-driven-methodology,Tests method-only product against durable design decisions,included,2026-08-12,Meta-skill forces multiple directions and emits specs critique QA stakeholder and handoff artifacts
VERIFY-045,cand-agent-svgtools,agent-visual-feedback,Tests similarity metrics against semantic SVG authority,included,2026-08-12,CLI returns localized scores and images while forbidding trace output from becoming final geometry
VERIFY-045,cand-clean-vector-reconstruction,semantic-vector-rebuild,Tests auto-tracing against bounded structure-first correction,included,2026-08-12,Semantic objects remain authoritative and fixed reference boundaries only localize repair
VERIFY-045,cand-icon-design,addressable-candidate-lineage,Tests image generation against deliberate selection and packaging,included,2026-08-12,Stable IDs explicit human choice manifests and reproducible asset suite define state transitions
VERIFY-045,cand-jonfermin-cadsmith,parametric-preview-boundary,Tests browser model against CAD source authority,included,2026-08-12,Parameterized Python and CAD kernel exports remain authoritative while Three.js is labeled approximate
VERIFY-045,cand-agentic-3d-printing,printable-part-loop,Tests prose generation against manufacturing constraints and inspection,included,2026-08-12,Requirements parametric script printability review and viewer iteration form a recoverable product route
VERIFY-045,cand-3d-modeling-skill,consequence-aware-cad,Tests deterministic gates and specialist judgment boundaries,included,2026-08-12,Frozen contracts certified domains isolated review packets and receipts state both checks and omissions
VERIFY-045,cand-bmad-skills-marketplace,mixed-marketplace-boundary,Tests repository identity against coherent visual product,excluded,2026-08-12,Top-level marketplace mixes unrelated engineering documentation and creative skills while two visual components have their own contracts
VERIFY-045,cand-simplecore-skills-marketplace,mixed-marketplace-boundary,Tests repository identity against coherent visual product,excluded,2026-08-12,Top-level marketplace mixes Korean authoring visual boards diagrams and backend handbooks while visual components are separable
VERIFY-045,cand-book-reread,incidental-visual-delivery,Tests content transformation against Design as primary product,excluded,2026-08-12,Book distillation and rewriting drive the product while page style and SVG illustration are supporting output
VERIFY-045,cand-3d-stuff,consumer-workspace-boundary,Tests project use of agent CAD against reusable product identity,excluded,2026-08-12,Repository stores personal parts and delegates agent operation to the independently reviewed Text to CAD plugin
VERIFY-045,cand-ok-skills,curated-corpus-boundary,Tests collected skills against one operated artifact authority,excluded,2026-08-12,Repository curates cross-domain third-party playbooks without a coherent Design runtime
VERIFY-045,cand-awesome-agent-skills-voltagent,discovery-registry-boundary,Tests catalog visibility against product operation,excluded,2026-08-12,Registry indexes third-party skills but does not author or correct their visual artifacts
VERIFY-045,cand-awesome-html-slide-skills,discovery-registry-boundary,Tests slide catalog against a presentation engine,excluded,2026-08-12,Repository is a curated list without its own generation rendering or revision authority
VERIFY-045,cand-agent-firewall,query-false-positive,Tests matching vocabulary against Design scope,excluded,2026-08-12,Security system contains incidental SVG audit language and no visual artifact workflow
VERIFY-046,cand-slide-promax,current-product-source,Tests older Shield surface against current named repository,included,2026-08-12,Current repository owns the installable product and multi-format design protocols
VERIFY-046,cand-bmad-slide-maker,independent-marketplace-component,Tests a nested skill for its own artifact graph,included,2026-08-12,Token design layer HTML review source and four delivery routes are independently installable
VERIFY-046,cand-bmad-slides-generator,independent-marketplace-component,Tests sibling skill against Slide Maker identity,included,2026-08-12,Separate React workspace browser verification and standalone HTML authority establish a different product
VERIFY-046,cand-simplecore-svg-diagrams,independent-marketplace-component,Tests nested skill for an owned visual artifact,included,2026-08-12,Semantic SVG authoring JSON layout and render audit form an independent route
VERIFY-046,cand-simplecore-wireframe-boards,independent-marketplace-component,Tests nested skill for an owned board artifact,included,2026-08-12,Offline HTML frames durable IDs viewport behavior and handoff contract form an independent route
VERIFY-046,cand-simplecore-board-parity-walk,independent-verification-component,Tests nested skill for long-running visual correction,included,2026-08-12,Parity list handover facts cluster reviews and parked decisions persist audit state
VERIFY-046,cand-text-to-cad,reusable-upstream-product,Tests consumer workspace reference against upstream ownership,included,2026-08-12,Official library owns creation viewing robot files slicing G-code and cautious printer handoff
VERIFY-046,cand-image-split,independent-preparation-product,Tests Image-PPT dependency against independent usability,included,2026-08-12,Separate repository skill scripts manifests OCR evidence and QA can feed multiple downstream renderers
VERIFY-047,cand-webflow-skills-official,official-product-surface,Tests official agent skills against existing Webflow identity,duplicate,2026-08-12,Skills operate Webflow MCP CMS Designer audit transfer and publish authorities already represented by Webflow AI
VERIFY-047,cand-delements-web-stack,cross-host-handoff,Tests multi-platform claims for explicit artifact ownership,included,2026-08-12,Figma Webflow and Shopify workspaces have distinct contracts plus registry and handoff rules
VERIFY-047,cand-webstudio-mcp,unofficial-native-host-control,Tests generated code against mutation of the real Webstudio graph,included,2026-08-12,Fifteen action-grouped tools inspect mutate audit and refactor native instances styles tokens resources and assets with two-stage push
VERIFY-047,cand-webflow-project-template,project-scaffold-boundary,Tests reusable source workflow against official Webflow skills,included,2026-08-12,Independent scaffold owns local source conventions style extraction page logs and explicit host transfer
VERIFY-047,cand-effective-html,html-artifact-suite,Tests skill collection for a coherent authoring authority,included,2026-08-12,Six routed specialists share self-contained editable HTML and browser verification while preserving distinct fidelity contracts
VERIFY-047,cand-mengto-agent-skills,maintainer-suite-boundary,Tests large skill corpus against a generic marketplace,included,2026-08-12,Author-owned reference extraction interaction translation build capture and originality checks form a recurring visual loop
VERIFY-047,cand-swe-atlas,living-visual-spec,Tests wireframe commands against incidental planning aids,included,2026-08-12,Reviewed wireframes and prototypes become a living HTML specification with recorded decisions before code
VERIFY-047,cand-intent-design,end-to-end-ux-practice,Tests advisory knowledge against generated reviewable artifacts,included,2026-08-12,Specialists create research blueprints journeys wireframes evaluations and handoff packages under ethical gates
VERIFY-047,cand-claude-design-skill-jiji,independent-derivative,Tests copied prompt lineage against independently operable product,included,2026-08-12,Repository owns portable instructions templates HTML canvas demos selection gate and ongoing maintenance while declaring its inspiration
VERIFY-047,cand-power-platform-full-stack-skills,domain-delivery-loop,Tests wireframing against complete managed-app delivery,included,2026-08-12,UX agents wireframes data and implementation specialists browser checks and ALM transitions share one workflow state
VERIFY-047,cand-design-jarvis,persistent-design-team,Tests personas for stateful design coordination,included,2026-08-12,Tiered memory artifact skills and review gates preserve accepted and unresolved decisions across specialist agents
VERIFY-047,cand-figma2webflow-aw,role-separated-host-transfer,Tests documentation against executable state and correction loop,included,2026-08-12,Persistent workspace approval gate chunked operator mutation architect DOM inspection and error log form an independent route
VERIFY-047,cand-cad-coworker,human-parametric-refinement,Tests viewer infrastructure for an agent-oriented edit and export loop,included,2026-08-12,Annotated function parameters become live controls while CadQuery source and STEP remain authoritative
VERIFY-047,cand-cad-khana,diagnostics-first-cad,Tests plausible render against structural evidence,included,2026-08-12,Pure declarations assertions mechanism metadata drawings and exports expose separate failure modes
VERIFY-047,cand-fastbuild123d,live-parametric-editor,Tests renderer for persistent editable state and failure semantics,included,2026-08-12,Function annotations state log last-good geometry and headless export support recoverable human-agent iteration
VERIFY-047,cand-flow-cad,project-local-cad-authority,Tests viewer cache against source and STEP provenance,included,2026-08-12,Geometry authority module review bundles and exports keep parametric source distinct from derived projections
VERIFY-047,cand-freecad-modeling-skill,reproducible-freecad-route,Tests prompt instructions for materialization validation and inspection,included,2026-08-12,Python source FreeCADCmd FCStd STEP checks and CAD Explorer define a complete architecture-level route
VERIFY-047,cand-build123d-cad,multi-domain-hardware-suite,Tests many skills for a shared product boundary,included,2026-08-12,Typed module handoffs shared schemas previews and physical-action gates connect specialist engineering authorities
VERIFY-047,cand-alice-sdf,implicit-geometry-runtime,Tests text-to-3D claims for preserved mathematical authority,included,2026-08-12,Compiled SDF instructions constraints GPU projection bindings and exports share one geometry runtime
VERIFY-047,cand-ruflow,vendored-corpus-boundary,Tests orchestration size against independent Design ownership,excluded,2026-08-12,Repository vendors and trains over other products without one coherent visual artifact authority of its own
VERIFY-047,cand-baoyu-skills-top-level,mixed-marketplace-boundary,Tests top-level collection against separately counted visual product,excluded,2026-08-12,Cross-domain utility and content skills do not form one Design runtime while Baoyu Design remains independently counted
VERIFY-047,cand-bkit-codex,query-false-positive,Tests process vocabulary against Design scope,excluded,2026-08-12,PDCA and context engineering do not create inspect or correct a visual artifact
VERIFY-047,cand-morilab-txt2cad,consumer-upstream-identity,Tests installed workspace against reusable source ownership,duplicate,2026-08-12,Workspace delegates CAD behavior to earthtojake Text to CAD
VERIFY-047,cand-vatsalya-text2cad-agent,copied-source-identity,Tests renamed agent repository against upstream code and attribution,duplicate,2026-08-12,Skill tree and README reproduce and credit earthtojake Text to CAD
VERIFY-047,cand-lzm-text-to-cad,copied-source-identity,Tests repository fork surface against independent maintenance,duplicate,2026-08-12,README assets and complete skill graph reproduce the upstream CAD Skills product
VERIFY-047,cand-adagora-cad-tools,copied-source-identity,Tests renamed repository against independent mechanism,duplicate,2026-08-12,Source and operating contract reproduce earthtojake Text to CAD
VERIFY-047,cand-nludd-text-to-cad,copied-source-identity,Tests repository badges and install targets against product ownership,duplicate,2026-08-12,Public identity and skill graph continue to point to earthtojake Text to CAD
VERIFY-047,cand-costrict-earthtojake-cad,automated-mirror-boundary,Tests registry mirror against a product team,duplicate,2026-08-12,Repository explicitly declares itself an auto-generated mirror
VERIFY-047,cand-ecologica-earthtojake-cad,copied-source-identity,Tests full copied tree against independent product identity,duplicate,2026-08-12,Earthtojake name links badges documentation and skills are preserved unchanged
VERIFY-048,cand-plannotator,independent-review-companion,Tests Effective HTML recommendation for a separate product authority,included,2026-08-12,Local review sessions attach structured annotations and return approval or denial to multiple agent hosts
VERIFY-048,cand-tot-page,publishing-infrastructure-boundary,Tests artifact versioning against Design authoring or correction,excluded,2026-08-12,Living and frozen share links publish bytes but do not create evaluate or revise the artifact
VERIFY-049,cand-self-review,visual-self-critique,Tests whether screenshot critique closes a reusable correction loop,included,2026-08-12,Skill turns implementation evidence into structured findings and follow-up corrections
VERIFY-049,cand-claw-design,standalone-design-agent,Tests agent-owned artifacts variants previews and delivery,included,2026-08-12,Repository owns a reusable generation revision rendering and handoff graph
VERIFY-049,cand-manalkaff-opendesign,creator-qualified-agent,Tests identity and independent operation against the separate Nexu product,included,2026-08-12,Creator repository owns its maintained agent workflow source templates and artifact lifecycle
VERIFY-049,cand-ai-design-engineer,plugin-design-pipeline,Tests reusable coordination across research creation review and handoff,included,2026-08-12,Installable plugins persist and pass design artifacts across specialized roles
VERIFY-049,cand-sumi,multi-artifact-production,Tests governed source rendering correction and delivery across formats,included,2026-08-12,Source tree implements reusable artifact generators checks and delivery operations
VERIFY-049,cand-office-design-toolkit,native-office-artifacts,Tests current native artifact implementation against roadmap claims,included,2026-08-12,DOCX pipeline is implemented while richer PPTX and XLSX presets remain explicitly bounded roadmap work
VERIFY-049,cand-design-eng-skills,design-engineering-loop,Tests system extraction implementation visual QA and delivery as one product,included,2026-08-12,Maintained skill graph connects system evidence rendered comparison correction and handoff
VERIFY-049,cand-cuellar-design-skills,design-governance-toolkit,Tests reusable visual judgment and system consistency rather than static advice,included,2026-08-12,Installable skills define evidence-bearing critique system and delivery operations
VERIFY-049,cand-claude-webkit,managed-web-project,Tests whether the agent operates a persistent rendered project,included,2026-08-12,Managed project state source projection preview correction and publication form a closed loop
VERIFY-049,cand-gstack-game,game-visual-verification,Tests independent game-specific visual review and correction,included,2026-08-12,Maintained workflow translates screenshots and play state into governed implementation decisions
VERIFY-049,cand-shain-designer-kit,agent-design-platform,Tests composed research system generation runtime and handoff authority,included,2026-08-12,Repository packages an operated multi-stage design system with persistent artifacts and review gates
VERIFY-049,cand-codex-game-studio,codex-native-game-studio,Tests independent port ownership and persistent role handoffs,included,2026-08-12,Codex-native skills and artifacts implement the upstream methodology as a separately maintained product
VERIFY-049,cand-cad-as-code-template,parametric-cad-authority,Tests recoverable source preview repair and manufacturing export,included,2026-08-12,Parametric code remains authoritative through rendered inspection and exported geometry
VERIFY-049,cand-3dmodel-skill,portable-3d-authoring,Tests editable 3D source validation rendering and export across hosts,included,2026-08-12,Skill contract requires recoverable model source visual checks and deliverable formats
VERIFY-049,cand-text-to-cad-coach,interactive-cad-coaching,Tests iterative parametric feedback against one-shot conversion,included,2026-08-12,Coach preserves source and couples guided revisions with visual and exported outputs
VERIFY-049,cand-ada-v2-nazir,multimodal-cad-assistant,Tests original source execution repair and artifact persistence,included,2026-08-12,Assistant writes build123d Python retries execution failures and saves timestamped STL output
VERIFY-049,cand-ada-v2-syed,independent-cad-derivative,Tests maintenance and mechanism beyond copied identity,included,2026-08-12,Derivative maintains a tested provider factory while retaining its own repository and release surface
VERIFY-049,cand-opencad,recoverable-ai-cad,Tests feature authority patchability preview and export,included,2026-08-12,Feature DAG CAID JSON OCCT execution and patch contract support recoverable iterative CAD
VERIFY-049,cand-ee-circuit-design-skills,electrical-design-pipeline,Tests constraint checks simulation native handoff and traceability,included,2026-08-12,SKiDL ERC SPICE and KiCad stages are connected by explicit gates and artifact provenance
VERIFY-049,cand-emdash-skills,maintained-artifact-skill-system,Tests current product identity and reusable runtime delivery,included,2026-08-12,Current Emdash distribution owns maintained skill contracts runtime checks and outputs
VERIFY-049,cand-tonone,multi-team-design-system,Tests independently operated bundles against a loose skill collection,included,2026-08-12,Installable team bundles share governed artifacts system translation review and handoff
VERIFY-049,cand-plannotator-design-artifact,exact-component-duplicate,Tests standalone repository blobs against Effective HTML component identity,duplicate,2026-08-12,Skill blob hash exactly matches the component already represented by Effective HTML
VERIFY-049,cand-yy-design-archived,archived-successor-identity,Tests former repository against the maintained successor,duplicate,2026-08-12,Archive redirects all installation development and releases to Design Agent Skills
VERIFY-049,cand-parametric-canvas-hook,exact-source-duplicate,Tests renamed CAD repository against independent ownership,duplicate,2026-08-12,README agent contract and export implementation blobs exactly match CAD-as-Code Template
VERIFY-049,cand-cad-power-animations,consumer-showcase-boundary,Tests a project using CAD skills against a reusable product,excluded,2026-08-12,Repository demonstrates one downstream project without owning the consumed skill or general workflow
VERIFY-049,cand-ai-agent-team-mobile-app,project-template-boundary,Tests application scaffolding against a visual Design artifact loop,excluded,2026-08-12,Project skeleton lacks reusable artifact authority rendered evaluation and correction
VERIFY-049,cand-intent-driven-template,specification-template-boundary,Tests textual intent governance against visual Design operation,excluded,2026-08-12,Template governs development specifications without creating evaluating or revising visual artifacts
VERIFY-049,cand-productspec,software-intent-standard-boundary,Tests product specification against Design artifact authority,excluded,2026-08-12,Standard structures implementation intent but owns no visual artifact runtime or correction loop
VERIFY-049,cand-latex-paper-skills,incidental-styling-boundary,Tests academic writing tooling against visual Design product ownership,excluded,2026-08-12,Paper composition is the product and styling remains incidental to the writing workflow
VERIFY-049,cand-atlas-agent-teams,mixed-marketplace-boundary,Tests umbrella repository against independently operated components,excluded,2026-08-12,Top level is a mixed marketplace while qualifying Design UX and 3D plugins have separate manifests and graphs
VERIFY-049,cand-proflead-codex-agents-library,persona-library-boundary,Tests broad agent descriptions against a coherent artifact system,excluded,2026-08-12,Static personas share no owned visual authority runtime evidence or delivery graph
VERIFY-049,cand-lion-agent-templates,workflow-collection-boundary,Tests broad templates against a maintained Design product,excluded,2026-08-12,Collection lacks a coherent operated visual artifact lifecycle
VERIFY-050,cand-design-agent-skills,current-successor-product,Tests archived YY Design identity against the maintained product,included,2026-08-12,Current repository owns releases installation and the live-projection variant and delivery skill graph
VERIFY-050,cand-atlas-design-ux,independent-umbrella-component,Tests separate installability and product authority inside Atlas,included,2026-08-12,Component has its own plugin manifest commands agents skills hooks and persistent team log
VERIFY-050,cand-atlas-3d-design,independent-umbrella-component,Tests distinct 3D artifact graph inside Atlas,included,2026-08-12,Separate plugin owns 3D generation preview correction and export operations
VERIFY-050,cand-shain-design-system-skill,independent-system-companion,Tests separately released system authority used by Shain Designer Kit,included,2026-08-12,Repository independently packages token and Figma system operations for agent use
VERIFY-050,cand-simcorrect,independent-cad-correction,Tests OpenCAD-linked correction against a mere internal component,included,2026-08-12,Product accepts faults emits parameter patches reloads simulation and validates corrected artifacts
VERIFY-050,cand-claude-code-game-studios,upstream-game-studio,Tests source methodology as an independently operated product,included,2026-08-12,Repository owns persistent specialist roles shared artifacts visual checkpoints and handoffs
VERIFY-050,cand-design-driven-development,figma-native-delivery-system,Tests linked methodology against reusable artifact and memory contracts,included,2026-08-12,Figma remains authoritative while per-agent memory and explicit handoffs drive implementation
VERIFY-051,cand-fabricio-skills,mixed-skill-collection,Tests visual operations inside a broad collection against a static catalog,included,2026-08-12,DESIGN.md validation and system authoring skills own explicit governed artifacts
VERIFY-051,cand-ux-reviewer,code-derived-ux-review,Tests path reconstruction and report persistence without screenshot claims,included,2026-08-12,Skill maps roles and flows then writes a durable structured critique into the project
VERIFY-051,cand-ios-design-agent-skill,native-platform-critique-port,Tests independent SwiftUI operation beyond copied web guidance,included,2026-08-12,Port owns native constraints prioritized audit output and concrete SwiftUI mutation guidance
VERIFY-051,cand-s-stack,brief-to-critique-loop,Tests whether a broad skillpack closes a Design correction cycle,included,2026-08-12,USERS.md and DESIGN.md feed implementation critiques tracked findings and repeat review
VERIFY-051,cand-supercharge-ai-design-skills,workshop-skill-distribution,Tests contributed skills against a passive workshop archive,included,2026-08-12,Current skills emit tokens component docs responsive code accessibility findings and critique
VERIFY-051,cand-ives,design-reasoning-system,Tests contextual judgment against generic principle guidance,included,2026-08-12,Four-lens critique is an operated review artifact connected to host implementation
VERIFY-051,cand-taste-skills,visual-judgment-system,Tests screenshot evidence ranking and critique as a reusable decision loop,included,2026-08-12,Visual audit screenshot surgery and design ranking create explicit review outputs
VERIFY-051,cand-anti-ai-design,structured-ui-authoring,Tests bundle authority update isolation and pre-delivery self-review,included,2026-08-12,Skill writes layered HTML CSS JS source with frozen tokens asset rules and critique
VERIFY-051,cand-better-web-ui,composable-frontend-operation,Tests setup generation critique and refinement over host source,included,2026-08-12,Focused skills share learned stack context and route evidence back into source mutation
VERIFY-051,cand-psenger-agent-skills,broad-collection-review-surface,Tests one visual workflow without multiplying every collection skill,included,2026-08-12,Design Critique is independently invokable and produces prioritized review evidence
VERIFY-051,cand-abvx-agent-skills,evidence-gated-visual-skillpack,Tests creation plus browser and motion proof before delivery,included,2026-08-12,Frontend HTML SVG and Lottie outputs pass retained verification and promotion gates
VERIFY-051,cand-amplitude-builder-skills,roadmap-only-design-surface,Tests advertised Design category against current source,excluded,2026-08-12,README marks Design and research skills as coming soon
VERIFY-051,cand-universal-design-principles,static-guidance-boundary,Tests deep reference skills against owned artifact operation,excluded,2026-08-12,Principle marketplace teaches judgment but owns no creation review mutation or delivery artifact
VERIFY-051,cand-gpt-image2-skill,generic-media-generation-boundary,Tests prompt gallery and image CLI against a Design-specific editable loop,excluded,2026-08-12,Generated images remain one-shot media with no Design artifact authority or revision graph
VERIFY-051,cand-qwen-mm-plugins,mixed-capability-umbrella,Tests top-level collection against independently installed Design components,excluded,2026-08-12,Blender FreeCAD and Video Edit have distinct manifests runtimes and artifact graphs
VERIFY-051,cand-blender-mcp-vinhelysia,native-blender-control,Tests inspect mutate render verify and export against a tool wrapper,included,2026-08-12,MCP drives the running native scene and returns object state screenshots and saved outputs
VERIFY-051,cand-opticalmodeler,physically-audited-scene,Tests 2D reconstruction through machine-readable physical acceptance gates,included,2026-08-12,Saved scene manifests hashes renders and ray BVH load-path checks can block release
VERIFY-051,cand-videococo,physical-video-pipeline,Tests released research code as an independently usable artifact graph,included,2026-08-12,Skills produce plan Blender simulation proxy edit prompt and final video through explicit stages
VERIFY-051,cand-clawatar,avatar-runtime-boundary,Tests agent animation and speech control against ordinary-user Design authoring,excluded,2026-08-12,User operates an avatar experience while scene-building scripts remain implementation internals
VERIFY-051,cand-aerolab-silicon-baires,one-off-showcase-boundary,Tests generated visual source against reusable product identity,excluded,2026-08-12,Repository publishes one isometric demonstration without a distributable agent Design loop
VERIFY-051,cand-timecode-agent,evidence-ledger-editing,Tests video understanding separation from editorial authority,included,2026-08-12,Checkpoint and sequence ledgers deterministically derive EDL FCPXML and OTIO handoffs
VERIFY-051,cand-bambu-studio-ai,physical-print-delivery,Tests model generation repair preview printing and monitoring as one loop,included,2026-08-12,Mesh and parametric artifacts cross printability gates before slicer printer and camera feedback
VERIFY-051,cand-opentopos,code-authoritative-3d,Tests reproducible source against opaque generated meshes,included,2026-08-12,Standalone Blender Python design and part contracts regenerate renders GLB and URDF under a vision fix loop
VERIFY-051,cand-auteur,directed-web-production,Tests retained art direction and executable visual gates around site source,included,2026-08-12,References shots licensed assets source screenshots and system-drift checks form the product graph
VERIFY-051,cand-sceneconductor,single-image-scene-reconstruction,Tests maintained implementation and intermediate 3D authority,included,2026-08-12,Masks object assets layout relation graph blend files and multiview repairs survive stage handoffs
VERIFY-051,cand-rjwalters-kicad-tools,agent-native-kicad-foundation,Tests structured mutation rendering and fabrication against a deterministic parser library,included,2026-08-12,CLI and MCP preserve native files while exposing JSON reasoning repair routing checks and exports
VERIFY-051,cand-pcb-agent-teams,end-to-end-pcb-workspace,Tests persistent state and independent gates from topology to fabrication,included,2026-08-12,Project compass status artifacts KiCad source simulations checks and timestamped release packages carry handoffs
VERIFY-051,cand-electronics-agent-kit,partial-electronics-workflow,Tests implemented verification and delivery without promoting roadmap authoring,included,2026-08-12,Existing-project checks and manufacturing outputs operate now while general schematic generation is explicitly limited
VERIFY-051,cand-ki-stack,multi-substrate-kicad-control,Tests live IPC CLI and offline surgery routing with visual proof,included,2026-08-12,Orientation selects an authoritative substrate and requires render-after-edit plus ERC or DRC evidence
VERIFY-051,cand-kicad-agent-seahan,schematic-contract-and-proof,Tests exact parts structural checks and rendered review as separate gates,included,2026-08-12,Native schematic is reopened checked analyzed footprint-verified and visually inspected
VERIFY-051,cand-michpro-kicad-tools,upstream-integration-companion,Tests independently maintained workflow ownership over a shared engine,included,2026-08-12,Repository owns installation bootstrapping phased operations and failure policy while naming the upstream implementation
VERIFY-051,cand-akcli,transactional-kicad-authoring,Tests versioned operations atomic mutation and reversible evidence,included,2026-08-12,JSON op-lists pass whole-tree net diffs deterministic writes backups undo and multiple verification lanes
VERIFY-051,cand-paper-to-schematic,scan-to-native-electronics,Tests agent vision through human review into recoverable source,included,2026-08-12,Immutable scans become verified graph records native KiCad sheets ERC and discrepancy outputs
VERIFY-051,cand-kicad-pcba-engineering-skills,fail-closed-pcba-release,Tests official checks exports and readiness state as a reusable suite,included,2026-08-12,Automation writes a manifest and cannot claim READY until every required release artifact passes
VERIFY-051,cand-pcba-design-skills,artifact-invalidating-program-state,Tests cross-stage authority and safe order boundary,included,2026-08-12,Program state invalidates dependent artifacts after netlist part package or footprint changes
VERIFY-051,cand-kicad-schematic-kenchan,exact-symbol-geometry,Tests narrow helper-backed authoring against guessed pin placement,included,2026-08-12,Symbol libraries drive coordinate transforms before native generation and ERC
VERIFY-051,cand-kicad-cursor,personal-live-ipc-workspace,Tests real control architecture while preserving portability limits,included,2026-08-12,Design brief library selection live KiCad mutation and CLI checks are inspectable but paths are maintainer-specific
VERIFY-051,cand-kiskill,state-machine-kicad-control,Tests pre-save semantic pixel and rule evidence,included,2026-08-12,Shared engine blocks source publication until session state and multiple review lanes pass
VERIFY-051,cand-nijo-electronics-kit,exact-source-copy,Tests later repository against independent engineering mechanism,duplicate,2026-08-12,Entire repository resolves to the same commit hash as o2scale Electronics Agent Kit
VERIFY-051,cand-misko-circuits,code-generated-pcb-delivery,Tests regenerable source through routing verification and ordering,included,2026-08-12,Python-generated native files cross parity DRC connectivity fabrication and live part gates
VERIFY-051,cand-mash-kicad-skills,functional-versus-visual-stages,Tests source mutation and schematic appearance without connectivity drift,included,2026-08-12,Unified CLI keeps structural editing separate from score-driven rendered cleanup
VERIFY-051,cand-kiclaw,snapshot-constrained-mcp,Tests guarded native mutation against unrestricted GUI automation,included,2026-08-12,Server snapshots source applies typed edits invokes KiCad checks and returns diffs
VERIFY-051,cand-kicadai,evidence-or-refusal-circuit-synthesis,Tests model proposals behind deterministic capability gates,included,2026-08-12,Architecture graph produces native source with provenance or explicit refusal for unsupported content
VERIFY-051,cand-engineering-design-plugin,cross-domain-engineering-authority,Tests mechanical circuit and integration artifacts in one plugin,included,2026-08-12,Parameterized Python STEP SKiDL KiCad previews measurements and interface reports form linked evidence
VERIFY-051,cand-pcie-active-backplane,consumer-hardware-project,Tests one designed board against a reusable agent product,excluded,2026-08-12,Repository delivers a specific backplane rather than a general agent workflow or tool
VERIFY-051,cand-markdown-exporter,template-driven-document-materialization,Tests agent invocation and native office output against generic conversion,included,2026-08-12,Markdown content plus DOCX or PPTX templates produce distributed native artifacts through one implementation
VERIFY-051,cand-brand-docs,fail-closed-brand-profile,Tests template learning generation and visual QA across native formats,included,2026-08-12,Profiles can reference only captured template artifacts and atomic publication waits for checks
VERIFY-051,cand-kimi-skills,declared-upstream-extraction,Tests community distribution against independent product identity,duplicate,2026-08-12,README attributes original implementation and rights to Moonshot AI Kimi
VERIFY-051,cand-adeu,nondestructive-word-redlining,Tests semantic agent edits against native layout preservation,included,2026-08-12,DOCX virtual DOM blocks ambiguous changes and applies accepted edits as Track Changes
VERIFY-052,cand-qwen-blender,independent-umbrella-component,Tests separate install runtime and native Blender graph,included,2026-08-12,Component owns plugin manifests MCP package skill and build refine verify workflow
VERIFY-052,cand-qwen-freecad,independent-umbrella-component,Tests separate parametric object and export authority,included,2026-08-12,Component owns plugin manifests XML-RPC package skill FCStd editing view checks and FEM
VERIFY-052,cand-qwen-video-edit,independent-umbrella-component,Tests media runtime and art-direction assets apart from generic multimodal I/O,included,2026-08-12,Component owns manifests generation tools reusable atom packs previews and media delivery
VERIFY-052,cand-kimi-office,official-source-lineage,Tests attributed community extraction against current first-party product,included,2026-08-12,Official Kimi contracts establish generated editable and downloadable Word spreadsheet PDF and presentation artifacts
VERIFY-053,cand-video-shotcraft,executable-motion-skill,Tests recipe catalog against editable source and render correction,included,2026-08-12,Remotion template shot code previews audio and QA workflow retain source authority through MP4 delivery
VERIFY-053,cand-complete-shelf,one-off-artifact-boundary,Tests a polished agent-built example against a repeatable product,excluded,2026-08-12,Repository distributes one shelf build and recording without an installed authoring runtime or generalized user loop
VERIFY-053,cand-pascal-skills,visual-evidence-skill-suite,Tests whether analysis outputs survive the agent turn,included,2026-08-12,Executable palette extraction and image diff artifacts feed a maintained web-design workflow
VERIFY-053,cand-animal-island-ui,ai-adjacent-component-library,Tests conventional UI code against an agent product boundary,excluded,2026-08-12,Library exposes deterministic components but no agent operation governance correction or visual decision loop
VERIFY-053,cand-ux-writing-skill,governed-interface-copy,Tests UX writing as native product design rather than generic prose,included,2026-08-12,Scoring voice rules flow context and Figma-selected text bind copy decisions to interface artifacts
VERIFY-053,cand-yuv-ai-creative-skills,routed-creative-stack,Tests broad skills as one recurring production system,included,2026-08-12,Shared installer pilot brand authority project root review surfaces and versioned renders connect multiple media outputs
VERIFY-053,cand-stylekit,style-materialization-system,Tests a style catalog against durable project constraints,included,2026-08-12,Agent skill and APIs export named styles into tokens themes CSS variables and agent rules
VERIFY-053,cand-paper2poster,editable-scientific-poster,Tests multi-agent rendering against native downstream editability,included,2026-08-12,Parser spatial tree painter critic and PPTX writer produce a reviewable native poster artifact
VERIFY-053,cand-agentic-awesome-skills,agent-configuration-boundary,Tests a visual Workbench against Design artifact ownership,excluded,2026-08-12,Workbench reviews skill-stack and plan JSON for agent configuration rather than visual creation output
VERIFY-053,cand-notebooklm-py,hosted-artifact-adapter,Tests unofficial orchestration against a separately owned generation authority,included,2026-08-12,Source implements generation polling validation and local download for hosted slides infographics videos and maps
VERIFY-053,cand-dom-to-pptx,dom-native-slide-materializer,Tests whether browser pages become editable shapes instead of screenshots,included,2026-08-12,Computed layout and styles reconstruct native PowerPoint text vectors media animations and transitions
VERIFY-053,cand-open-ptc-agent,generic-agent-boundary,Tests bundled office examples against independent Design specialization,excluded,2026-08-12,General code-execution runtime copies demonstration skills from Anthropic and adds no own artifact authority
VERIFY-053,cand-claude-financial-services,vertical-professional-artifacts,Tests business-agent output as governed deck and spreadsheet work product,included,2026-08-12,Official agents and shared skills author branded decks and native models then stage them for explicit human sign-off
VERIFY-053,cand-cuga-agent,general-enterprise-agent-boundary,Tests manager UI and browser automation against a Design loop,excluded,2026-08-12,Product configures and operates general agents without a visual creation artifact or design-specific authority
VERIFY-053,cand-sensenova-skills,editable-office-workbench,Tests generated office output for retained sources and direct manipulation,included,2026-08-12,PPT workflow keeps page HTML runs VLM checks supports element edits and exports native decks
VERIFY-053,cand-microsoftdocs-agent-skills,documentation-skill-boundary,Tests official skill packaging against artifact operation,excluded,2026-08-12,Azure documentation is precompiled into guidance but target coding agents remain sole implementation authorities
VERIFY-053,cand-kicad-mcp-pro,permissioned-eda-release,Tests review build and manufacturing phases against native checks,included,2026-08-12,Profiles gate mutation while KiCad ERC DRC and export engines remain decisive release evidence
VERIFY-053,cand-kicad-skills-ipc,live-kicad-ipc,Tests skills that mutate the open native document rather than rewriting a shadow model,included,2026-08-12,KiCad 10 IPC scripts inspect modify and export live PCB and project objects through four task boundaries
VERIFY-053,cand-tinystudio,agentic-maker-project,Tests optional assistant against shared visual firmware and hardware state,included,2026-08-12,Permissioned file edits operate Monaco source Wokwi diagram and p5 visualization with build flash and serial feedback
VERIFY-053,cand-zaptrace,proof-carrying-eda-kernel,Tests generated board artifacts against explicit verification evidence,included,2026-08-12,Normalized design produces native and manufacturing outputs plus assumptions checks and proof-pack manifests
VERIFY-053,cand-kicad-copilot,preview-before-apply-layout,Tests agent PCB automation for recovery and promotion gates,included,2026-08-12,Checkpoints and layout IDs prevent unreviewed previews from silently mutating authoritative KiCad files
VERIFY-053,cand-sparkbench,managed-hardware-workbench,Tests one agent across firmware simulation schematic and board state,included,2026-08-12,Full project context native KiCad editor DRC 3D view simulation and routing converge in one managed workspace
VERIFY-053,cand-unreal-agent-harness,viewport-grounded-unreal-loop,Tests scene mutation against cheap spatial and visual feedback,included,2026-08-12,Decoded PNG and actor JSON three-angle sweeps logs and serialized writes close the live editor loop
VERIFY-053,cand-unreal-blender-mcp,cross-dcc-native-authorities,Tests upstream reuse against an independent two-host product,included,2026-08-12,New server and Unreal plugin coordinate separate Blender and Unreal graphs through host-specific connections
VERIFY-053,cand-artclaw-bridge,multi-dcc-tool-lifecycle,Tests raw Python bridges against a managed creative-tool product,included,2026-08-12,Shared core in-editor chat session persistence skill sync and tool publish lifecycle span verified DCC hosts
VERIFY-053,cand-ai-forge-mcp,commercial-multi-dcc-pipeline,Tests architecture claims for full concept-to-engine delivery,included,2026-08-12,Public contract exposes orchestrated DCC stages 3D annotation rig scoring and approve reject redo gates
VERIFY-053,cand-blender-mcp-server-namurokuro,thread-safe-host-adapter,Tests tool quantity against safe native mutation,included,2026-08-12,Embedded queue monitoring and modeled operations resolve agent calls into the authoritative Blender scene
VERIFY-053,cand-blender-orchestrator,spatially-grounded-blender,Tests visual creation for explicit scene reasoning,included,2026-08-12,Semantic queries collision checks dimensions ASCII views and renders provide complementary correction evidence
VERIFY-053,cand-blockout,deterministic-ai-previs,Tests a dedicated planning artifact against downstream video generation,included,2026-08-12,Versionable blocking and shot state deterministically emits motion depth still prompt metadata and ComfyUI packages
VERIFY-053,cand-dcc-mcp-blender,typed-ecosystem-adapter,Tests ecosystem branding against independent host release and artifact graph,included,2026-08-12,Blender extension package dispatcher capability manifest snapshots and render jobs form a complete adapter product
VERIFY-053,cand-blender-scene-agent,multi-transport-scene-agent,Tests chat voice and Teams surfaces for one persistent authority,included,2026-08-12,All transports share a per-conversation VM Blender scene and common screenshot render and save tools
VERIFY-053,cand-rhino-mcp,nurbs-host-bridge,Tests prompt operation against native exact geometry,included,2026-08-12,Rhino-side socket MCP tools layer and screenshot inspection mutate the live document while Grasshopper remains unclaimed
VERIFY-053,cand-serpentine3d,ai-native-nurbs-editor,Tests a full manual editor and agent surface against one precise model,included,2026-08-12,OpenCASCADE BREP scene commands previews analysis recovery and MCP share the versionable serp artifact
VERIFY-053,cand-cr8-xyz,streamed-blender-platform,Tests browser pixels against persistent native scene control,included,2026-08-12,WebRTC viewport BLAZE capability discovery render endpoints and blend storage preserve Blender as authority
VERIFY-053,cand-auroraview,dcc-ui-infrastructure-boundary,Tests agent-managed WebViews against visual authoring,excluded,2026-08-12,Framework embeds and controls DCC UI windows but defines no user creation artifact or correction lifecycle
VERIFY-053,cand-posecode,text-authoritative-motion,Tests a new visual format for deterministic and agentic authoring,included,2026-08-12,Posecode source parser renderer diagnostics eval and MCP share one inspectable movement contract
VERIFY-053,cand-blender-live-agent-build,recorded-build-boundary,Tests reusable scripts against a released authoring system,excluded,2026-08-12,One carriage scene and agentkit are documented while the live operational bridge is omitted and externally owned
VERIFY-053,cand-jithin-blender-skill,independent-workflow-companion,Tests a skill layer that depends on a known transport,included,2026-08-12,Own install manifests modeling patterns milestone rules and viewport utilities add a recurring correction contract
VERIFY-053,cand-dataevolver,visual-dataset-construction,Tests research code for an independently usable visual artifact loop,included,2026-08-12,Bounded VLM actions repair Blender scenes and deliver structured RGB depth normal mask and metadata artifacts
VERIFY-054,cand-adobepy,shared-runtime-product-boundary,Tests a common component against direct standalone host mutation,included,2026-08-12,Broker REPL Python SDK and UXP or CEP bridges directly edit multiple Adobe native document graphs
VERIFY-054,cand-dcc-ai-hunyuan3d,generation-wrapper-boundary,Tests cloud job submission against editable 3D authority,excluded,2026-08-12,Only submit and query tools are published and downstream hosts own all model correction
VERIFY-054,cand-dcc-ai-openai-image,texture-generation-edit-loop,Tests media generation against a Design specific iterative handoff,included,2026-08-12,Separate generate and edit tools preserve reference inputs and emit texture AssetDescriptors for DCC continuation
VERIFY-054,cand-dcc-ai-tripo3d,generation-wrapper-boundary,Tests cloud task handling against editable 3D authority,excluded,2026-08-12,Create inspect and download calls expose no retained model graph or revision operation
VERIFY-054,cand-dcc-asset-ambientcg,asset-provider-boundary,Tests source acquisition against artifact ownership,excluded,2026-08-12,Search and download return third party assets while another DCC owns creation
VERIFY-054,cand-dcc-asset-blender-extensions,asset-provider-boundary,Tests extension discovery against Design authoring,excluded,2026-08-12,Provider installs external extensions and has no editable visual artifact of its own
VERIFY-054,cand-dcc-asset-free-media,asset-provider-boundary,Tests stock media retrieval against creative workspace ownership,excluded,2026-08-12,Media and templates are handed off as inputs with no internal correction loop
VERIFY-054,cand-dcc-asset-geospatial,asset-provider-boundary,Tests geospatial sourcing against scene authoring,excluded,2026-08-12,Provider returns source assets and delegates every scene mutation downstream
VERIFY-054,cand-dcc-asset-gltf-samples,asset-provider-boundary,Tests validation fixtures against a user creation loop,excluded,2026-08-12,Sample assets support testing but the repository owns no user artifact
VERIFY-054,cand-dcc-asset-godot-store,asset-provider-boundary,Tests store access against project editing,excluded,2026-08-12,Search and download stop before any Godot scene or project operation
VERIFY-054,cand-dcc-asset-google-scanned,asset-provider-boundary,Tests scanned object retrieval against model authoring,excluded,2026-08-12,Repository supplies external meshes without edit or refinement state
VERIFY-054,cand-dcc-asset-kenney,asset-provider-boundary,Tests pack retrieval against game authoring,excluded,2026-08-12,Downloaded packs are inputs and no project graph is created or changed
VERIFY-054,cand-dcc-asset-nasa3d,asset-provider-boundary,Tests public resource retrieval against Design ownership,excluded,2026-08-12,Tools preserve usage notices and files but expose no authoring authority
VERIFY-054,cand-dcc-asset-objaverse,asset-provider-boundary,Tests corpus browsing against editable model work,excluded,2026-08-12,Annotation and GLB download capabilities are read and retrieval only
VERIFY-054,cand-dcc-asset-pirate-nation,asset-provider-boundary,Tests sparse first-party repository against evidenced product loop,excluded,2026-08-12,Repository identity indicates an asset package and documents no authoring surface
VERIFY-054,cand-dcc-asset-polyhaven,asset-provider-boundary,Tests CC0 library access against Design authoring,excluded,2026-08-12,Model HDRI and texture downloads are handed to other products for editing
VERIFY-054,cand-dcc-asset-quaternius,asset-provider-boundary,Tests asset inspection against artifact mutation,excluded,2026-08-12,Pack search and inspection never create or revise a scene
VERIFY-054,cand-dcc-asset-sketchfab,asset-provider-boundary,Tests licensed download against an independent loop,excluded,2026-08-12,Attribution aware download still leaves the model graph entirely external
VERIFY-054,cand-dcc-asset-smithsonian3d,asset-provider-boundary,Tests open collection access against creation,excluded,2026-08-12,CC0 file retrieval is acquisition rather than Design work
VERIFY-054,cand-dcc-cua,exact-window-correction-runtime,Tests generic computer use against a Design specific visual loop,included,2026-08-12,Fresh observation fences exact window grants screenshots and Maya or Unreal profiles support verified correction
VERIFY-054,cand-dcc-lookdev,cross-host-workflow-product,Tests a workflow package against independent install and artifact effects,included,2026-08-12,Turntable skill builds a calibrated PBR stage and two phase review sequence in the active DCC
VERIFY-054,cand-dcc-materialx,portable-material-authority,Tests a skill against a durable domain artifact,included,2026-08-12,Tools create inspect and validate Standard Surface MTLX documents used across host pipelines
VERIFY-054,cand-dcc-mcp-3dsmax,typed-ecosystem-adapter,Tests host package against a complete native artifact loop,included,2026-08-12,Typed mesh material animation scene and render skills mutate and persist 3ds Max state
VERIFY-054,cand-dcc-mcp-aftereffects,typed-ecosystem-adapter,Tests Adobe bridge against motion authoring and delivery,included,2026-08-12,Composition layer text keyframe effect and render queue operations form a native project loop
VERIFY-054,cand-dcc-mcp-agent-plugins,distribution-identity,Tests current Skill ownership against a second product graph,duplicate,2026-08-12,Plugin suite packages operator and creator instructions for the DCC-MCP Core runtime
VERIFY-054,cand-dcc-mcp-cache-inspector,disabled-parser-boundary,Tests claimed inspection against usable public behavior,excluded,2026-08-12,README states parsing is disabled and every nonempty cache raises UnsupportedFormatError
VERIFY-054,cand-dcc-mcp-cinema4d,typed-headless-adapter,Tests headless automation against a native scene lifecycle,included,2026-08-12,Staged C4D documents are created validated rendered exported and atomically promoted
VERIFY-054,cand-dcc-mcp-comfyui,workflow-graph-adapter,Tests generator access against structured artifact authority,included,2026-08-12,Workflow JSON is validated submitted and traced to job outputs while ComfyUI retains graph semantics
VERIFY-054,cand-dcc-mcp-core,creative-control-plane,Tests shared infrastructure against an independent user product boundary,included,2026-08-12,Gateway CLI Admin UI jobs artifacts policies and Skills form a separately released operating product
VERIFY-054,cand-dcc-mcp-fpt,production-coordination-adapter,Tests nonvisual records against Design coordination and delivery,included,2026-08-12,Typed CRUD notes batch and schema operations mutate the shared production project graph
VERIFY-054,cand-dcc-mcp-freecad,parametric-host-adapter,Tests native CAD mutations and failure semantics,included,2026-08-12,FCStd creation recompute validation dependency safe edits and atomic copy preserve engineering authority
VERIFY-054,cand-dcc-mcp-gimp,read-only-adapter-boundary,Tests active image inspection against an ordinary correction loop,excluded,2026-08-12,README explicitly defers image mutation and export beyond the first release
VERIFY-054,cand-dcc-mcp-godot,game-authoring-adapter,Tests engine control against scene creation and delivery,included,2026-08-12,Typed editor scene UI animation runtime QA and export operations use undo save and validation
VERIFY-054,cand-dcc-mcp-houdini,procedural-host-adapter,Tests node automation against scene authority and evidence,included,2026-08-12,Embedded main thread tools author node chains run HDAs render outputs and save projects
VERIFY-054,cand-dcc-mcp-illustrator,vector-host-adapter,Tests DOM coverage against editable vector authority,included,2026-08-12,Artwork tools edit text and path points while document and export skills persist AI PDF EPS SVG and raster outputs
VERIFY-054,cand-dcc-mcp-katana,read-only-adapter-boundary,Tests project save against actual node authoring,excluded,2026-08-12,Current tool set only inspects lists and saves unchanged Katana projects
VERIFY-054,cand-dcc-mcp-krita,read-only-adapter-boundary,Tests image inspection against painting or export,excluded,2026-08-12,README explicitly limits the first release to bridge status image listing and active image inspection
VERIFY-054,cand-dcc-mcp-mari,texture-authoring-adapter,Tests production host bridge against native lookdev work,included,2026-08-12,Project geometry channel layer node shader and texture export groups support end to end mutation
VERIFY-054,cand-dcc-mcp-marmoset,lookdev-host-adapter,Tests renderer integration against reviewable scene work,included,2026-08-12,Model import PBR assignment camera framing diagnostics rendering and save were validated in a live Toolbag case
VERIFY-054,cand-dcc-mcp-material-maker,read-only-adapter-boundary,Tests procedural material branding against implemented tools,excluded,2026-08-12,Published tools only report bridge state and inspect an item while mutation remains future work
VERIFY-054,cand-dcc-mcp-maya,broad-host-adapter,Tests mature adapter against native scene and pipeline authority,included,2026-08-12,Progressively loaded mesh UV material rig animation dynamics render export and project skills operate Maya
VERIFY-054,cand-dcc-mcp-maya-advancedskeleton,independent-rigging-skill,Tests companion package against a distinct artifact workflow,included,2026-08-12,FitSkeleton creation configuration Build and ReBuild produce reusable rigs with a recorded animation acceptance case
VERIFY-054,cand-dcc-mcp-maya-mgear,independent-rigging-skill,Tests companion package against install and template authority,included,2026-08-12,Separate marketplace package creates Shifter guides builds rigs and imports or exports templates
VERIFY-054,cand-dcc-mcp-maya-procedural-architecture,independent-procedural-skill,Tests domain workflow against a generic Maya adapter component,included,2026-08-12,Seeded style and look parameters generate bounded Bifrost houses with PBR assets lighting and orbit evidence
VERIFY-054,cand-dcc-mcp-mobu,read-only-adapter-boundary,Tests save support against scene authoring,excluded,2026-08-12,Inspect list and save are the entire public surface and no model or animation edit exists
VERIFY-054,cand-dcc-mcp-nuke,compositing-host-adapter,Tests node graph control against a visual correction loop,included,2026-08-12,Layer scoped grades Gizmo packaging live validation render and explicit script save form a compositor workflow
VERIFY-054,cand-dcc-mcp-openscad,parametric-pipeline-adapter,Tests nonediting CLI control against parameter driven engineering output,included,2026-08-12,Bounded parameters drive validation PNG preview and atomic multi format geometry export from SCAD authority
VERIFY-054,cand-dcc-mcp-openusd,portable-scene-authority,Tests headless tooling against native structured authoring,included,2026-08-12,Stage prim transform material camera light animation composition validation and packaging tools own USD changes
VERIFY-054,cand-dcc-mcp-photoshop,raster-host-adapter,Tests Adobe bridge against layered document authority,included,2026-08-12,Document layer text selection filter smart object save and export operations are typed through UXP
VERIFY-054,cand-dcc-mcp-premiere,read-only-adapter-boundary,Tests sequence listing against timeline editing,excluded,2026-08-12,Adapter has no clip sequence effect or render mutation beyond saving the project
VERIFY-054,cand-dcc-mcp-renderdoc,visual-verification-adapter,Tests profiler tooling against durable visual decision evidence,included,2026-08-12,Frame capture inspection thumbnail timeline and resource exports preserve hashable review artifacts
VERIFY-054,cand-dcc-mcp-shogun,read-only-motion-boundary,Tests trajectory access against visual review or authoring,excluded,2026-08-12,Host rejected mutation APIs and released tools return only metadata marker and bone data
VERIFY-054,cand-dcc-mcp-sketchup,unvalidated-adapter-boundary,Tests experimental repository against release and live operation,excluded,2026-08-12,README marks it read only outside the catalog and requires a future real host smoke
VERIFY-054,cand-dcc-mcp-substance3d-designer,procedural-material-adapter,Tests narrow tool surface against a complete material artifact,included,2026-08-12,Embedded main thread skill creates a rendered procedural PBR material package and exposes session state
VERIFY-054,cand-dcc-mcp-substance3d-painter,texture-painting-adapter,Tests host integration against authoring and export,included,2026-08-12,Project skill creates fill layers applies resources saves SPP and exports texture presets
VERIFY-054,cand-dcc-mcp-tiled,read-only-adapter-boundary,Tests map editor branding against implemented map changes,excluded,2026-08-12,README exposes only bridge state and active item inspection and defers mutation
VERIFY-054,cand-dcc-mcp-touchdesigner,node-graph-host-adapter,Tests scripting bridge against visual project authority,included,2026-08-12,Operator hierarchy parameter writes project file operations and TOP or viewport captures close the loop
VERIFY-054,cand-dcc-mcp-tracy,performance-evidence-adapter,Tests trace analysis against visual product verification,included,2026-08-12,Owned capture and CSV summarization create durable comparative timing evidence for games and DCC runtimes
VERIFY-054,cand-dcc-mcp-unity,game-authoring-adapter,Tests engine bridge against source scene QA and delivery,included,2026-08-12,CAS source edits Undo backed scene changes compile tests Game View capture and player builds share persistent jobs
VERIFY-054,cand-dcc-mcp-unreal,game-authoring-adapter,Tests engine package against broad native project authority,included,2026-08-12,Actors assets Blueprints levels materials cinematics Niagara MetaSound automation and packaging are typed skills
VERIFY-054,cand-dcc-mcp-wwise,interactive-audio-adapter,Tests nonvisual media against an editable design graph,included,2026-08-12,WAAPI tools create SFX music containers events switches RTPC curves previews SoundBanks and Work Unit saves
VERIFY-054,cand-dcc-mcp-zbrush,sculpt-host-adapter,Tests prealpha label against implemented native correction,included,2026-08-12,Subtool selection refine remesh bake export and turntable tools operate through a tested main thread bridge
VERIFY-054,cand-dcc-mcp-docs,documentation-surface-identity,Tests website repository against independent artifact ownership,duplicate,2026-08-12,Portal aggregates Core ecosystem docs marketplace and showcases without a second runtime or artifact graph
VERIFY-054,cand-dcc-pipeline-publish,delivery-workflow-product,Tests orchestration instructions against durable artifact output,included,2026-08-12,Publish manifests release packages runtime acceptance and exact window capture produce hash bound handoffs
VERIFY-054,cand-dcc-texture-pipeline,deterministic-texture-workflow,Tests processing utility against Design specific artifact governance,included,2026-08-12,OIIO and OCIO skills inspect convert validate and create tiled mipmapped renderer textures
VERIFY-054,cand-dcc-ui-qt-actions,legacy-ui-correction-bridge,Tests shared UI component against a standalone correction loop,included,2026-08-12,Widget selectors drive click action value and event mutations while scoped screenshots verify results
VERIFY-054,cand-dcc-ui-qt-inspector,read-only-component-boundary,Tests selector discovery against independent Design operation,excluded,2026-08-12,Inspector only lists describes snapshots and waits and explicitly delegates mutations to another package
VERIFY-054,cand-dcc-ui-workflow-memory,supporting-state-boundary,Tests workflow persistence against direct artifact work,excluded,2026-08-12,JSON recipes and failures support other UI tools but cannot observe or change a DCC alone
VERIFY-054,cand-dcc-fpt-cli,execution-component-identity,Tests independent binary against wrapped adapter product,duplicate,2026-08-12,DCC-MCP FPT downloads the pinned CLI and exposes the same project records through its typed surface
VERIFY-054,cand-dcc-marketplace,catalog-infrastructure-boundary,Tests discover and install behavior against Design artifact ownership,excluded,2026-08-12,Repository stores immutable catalog metadata and leaves every workflow to installed products
VERIFY-054,cand-dcc-org-metadata,repository-metadata-boundary,Tests organization scaffolding against product identity,excluded,2026-08-12,Profile templates and community files have no executable or user artifact surface
VERIFY-055,cand-easyeda-copilot,engineering-host-sibling,Tests whether the EasyEDA release is only a KiCad Copilot alias,included,2026-08-12,Separate extension package host-native circuit graph checkpoints DRC and PCB preview approval establish an independent product
VERIFY-055,cand-kicad-happy,engineering-review-governance,Tests deterministic analysis plus semantic review against generic prompt documentation,included,2026-08-12,Executable parsers normalized finding schemas diff analysis and fabrication release gates create a durable design-review loop
VERIFY-055,cand-motion-previs-studio,film-previsualization,Tests source-video transformation against visual decision and correction authority,included,2026-08-12,Users select range and reference intent inspect camera pose depth and quality diagnostics restore sessions and regenerate deterministic packs
VERIFY-055,cand-stem-studio,media-transformation-boundary,Tests polished media pipeline against the visual or interactive Design boundary,excluded,2026-08-12,The product separates and remuxes audio stems but exposes no evidenced visual Design artifact authority or iterative design decision graph
VERIFY-055,cand-blendermcp,upstream-bridge-identity,Tests the widely referenced upstream against downstream extensions and forks,included,2026-08-12,Released addon and server own a two-way Blender transport with scene inspection screenshots and native mutations
VERIFY-055,cand-preso-ai,homonym-and-native-deck,Tests open-source Preso AI against the unrelated Preso hosted product,included,2026-08-12,Independent maintainer product stores deck state locally and supports direct canvas editing history AI remix and editable exports
VERIFY-055,cand-deeppcb,hosted-engineering-authority,Tests autonomous routing against a one-shot solver API,included,2026-08-12,Official editor preserves DRC-constrained revisions and supports manual move delete protect stop resume review and selected-solution download
VERIFY-055,cand-unreal-mcp,first-party-feature-boundary,Tests an engine feature against an independently surfaced Design workspace,included,2026-08-12,Named experimental plugin embeds a local MCP server and extensible toolsets that execute native editor mutations serially on the game thread
VERIFY-055,cand-gemini-notebook,hosted-deck-versioning,Tests slide generation against ordinary-user revision and artifact control,included,2026-08-12,Per-slide text layout visual deletion and ordering edits are staged then materialized as a new loadable deck with PDF and PPTX export
VERIFY-055,cand-office-raccoon,hosted-skill-boundary,Tests the closed office agent against the separately counted open skill bundle,included,2026-08-12,First-party product surface owns sessions assets PPT generation configuration and a direct workbench while the source distribution remains separately installable
VERIFY-056,cand-wasserman-blockout-mcp,execution-component-identity,Tests standalone distribution against the bundled product control surface,duplicate,2026-08-12,Bridge drives the same running Blockout app and project graph without independent state
VERIFY-056,cand-call-sheet,suite-launcher-boundary,Tests cross-product recents and updates against Design artifact ownership,excluded,2026-08-12,Application launches downloads and indexes other products but never authors or evaluates their artifacts
VERIFY-056,cand-circle-take,dailies-decision-workspace,Tests media organization against explicit candidate promotion and correction evidence,included,2026-08-12,Local gates side-by-side comparison prompt diffs circled winners and recipe-bearing reshoot lists create a durable decision loop
VERIFY-056,cand-cork-board,story-planning-canvas,Tests a traditional cork wall against agent-native project mutation and delivery,included,2026-08-12,Local project graph supports cards acts arcs images prompts undo checkpoints imports exports and a writable MCP surface
VERIFY-056,cand-wasserman-hermes-agent,generic-agent-boundary,Tests a forked agent distribution for an independently surfaced Design workspace,excluded,2026-08-12,Repository is a generic agent fork and this account adds no separate visual artifact authority
VERIFY-056,cand-hermes-davinci-resolve-plugin,overlapping-host-plugin,Tests Hermes-only packaging against the broader same-maintainer Resolve product,duplicate,2026-08-12,Plugin repeats a strict subset of live timeline and FCPXML operations already owned by Unofficial DaVinci MCP
VERIFY-056,cand-hermes-world-landing,marketing-site-boundary,Tests product presentation against user creation and correction,excluded,2026-08-12,Static landing page markets a future Agent MMO and owns no user Design workspace
VERIFY-056,cand-hermes-world-scroll,marketing-site-boundary,Tests image-composed frontend architecture against a Design product,excluded,2026-08-12,Repository explicitly says all visual content is baked into marketing images with no product backend
VERIFY-056,cand-hermesworld,marketing-site-boundary,Tests second product landing implementation against ordinary-user artifact work,excluded,2026-08-12,Feature claims remain marketing content and the repository contains no creation or correction loop
VERIFY-056,cand-master-canvas,film-planning-canvas,Tests visual asset arrangement against generic mood-board storage,included,2026-08-12,Shots prompts references order and assets share a local board that emits deterministic generator-specific handoff packages and accepts agent edits
VERIFY-056,cand-master-canvas-hermes-plugin,execution-component-identity,Tests client plugin against the Master Canvas project authority,duplicate,2026-08-12,Plugin operates canonical project data and adds no independent artifact lifecycle
VERIFY-056,cand-master-canvas-mcp,execution-component-identity,Tests standalone headless server against the bundled bridge,duplicate,2026-08-12,Both surfaces read edit and reimport the same master-canvas-project JSON
VERIFY-056,cand-motion-previs-mcp,execution-component-identity,Tests standalone transport against the Motion Previs product,duplicate,2026-08-12,Bridge forwards tools to the running app's token-gated control server and owns no session
VERIFY-056,cand-neon-serpent,finished-output-boundary,Tests a coded visual artifact against a product for Design work,excluded,2026-08-12,Repository is a playable snake game rather than an authoring or decision surface
VERIFY-056,cand-sam-pdf-studio,document-correction-authority,Tests traditional PDF editing against agent-native versioned artifact control,included,2026-08-12,In-place editing routes every change through a private version stack preserves the original until save and exposes the same engine to agents
VERIFY-056,cand-sam-pdf-studio-mcp,execution-component-identity,Tests thin headless wrapper against the owning desktop editor,duplicate,2026-08-12,Server spawns Sam PDF Studio's installed engine and writes derived paths without its own document state
VERIFY-056,cand-sams-dailies-run,finished-output-boundary,Tests a themed arcade game against filmmaking Design workflow,excluded,2026-08-12,Single HTML game does not expose production authoring review or delivery controls
VERIFY-056,cand-scriptbreak,screenplay-production-model,Tests static parser output against editable governed preproduction artifacts,included,2026-08-12,Versionable project links script drafts scenes bibles elements shots schedules and look constraints to scoped prompt-pack delivery
VERIFY-056,cand-slate,prompt-authority-and-continuity,Tests prompt helper copy against a persistent filmmaking project,included,2026-08-12,Locked lines structured shot controls continuity checks version history and target preflight make prompts governed native artifacts
VERIFY-056,cand-storyboard-reference-studio,reference-board-authority,Tests reference extraction against interactive board and correction control,included,2026-08-12,Users select and reorder frames edit crops metadata annotations and prompts review an animatic and reopen diffable projects
VERIFY-056,cand-unofficial-davinci-mcp,agent-editing-runtime,Tests host automation against deterministic creative evidence and mutation gates,included,2026-08-12,Live and interchange tiers preview every mutation while beat color dialogue loudness and FCPXML engines emit inspectable plans previews and files
VERIFY-056,cand-wasserman-org-metadata,repository-metadata-boundary,Tests organization profile against product identity,excluded,2026-08-12,Repository is a linked product catalog with no executable user artifact surface
VERIFY-056,cand-wassermans-filmmaker-suite,catalog-installer-boundary,Tests one-command suite installation against shared product authority,excluded,2026-08-12,Repository installs and documents independently counted apps but defines no common editable project or runtime
VERIFY-057,cand-quilter,engineering-candidate-search,Tests automated placement and routing against a one-shot solver,included,2026-08-12,Users define floorplan and constraints inspect hundreds of physics-validated candidates review uncovered concerns and finish in the originating EDA tool
VERIFY-057,cand-seko,video-project-authority,Tests generic video generation against editable storyboard and timeline control,included,2026-08-12,First-party application exposes script and outline confirmation saved storyboard changes history undo node workflows timeline replacement and final pacing preview
VERIFY-057,cand-davinci-resolve,native-host-ai-surface,Tests a traditional NLE against independently evidenced AI-native workspaces,included,2026-08-12,Current release embeds adjustable AI search focus face speech and enhancement tools into the same native timeline node group-version and collaboration authority
VERIFY-058,cand-comfyui-mcp,live-node-graph-control,Tests prompt generation against durable graph authoring and target safety,included,2026-08-12,Source edits graph nodes through a live panel pins the intended workflow refuses target drift and records exact queued workflow snapshots
VERIFY-058,cand-figsor,native-host-mutation,Tests an MCP relay against direct structured Figma authority,included,2026-08-12,Plugin creates reads restructures and modifies native nodes components variables vectors fills and auto-layout in the open Figma document
VERIFY-058,cand-trace-pcb,engineering-source-projection,Tests an AI assistant claim against the actual circuit authority and validation loop,included,2026-08-12,Official architecture synchronizes AI-oriented trace files with retained standard KiCad files and versions every edit behind planning DRC and ERC controls
VERIFY-058,cand-aicanva,prototype-executability,Tests source presence against a working generation-to-edit journey,excluded,2026-08-12,Checked frontend posts prompt and expects layers while the backend requires currentPrompt and returns nested Fabric objects with no matching hydration path
VERIFY-058,cand-clai,physical-product-project,Tests one-shot 3D generation against editable packaging and persistent versions,included,2026-08-12,Source persists multi-stage project snapshots and product-model versions while the dieline editor and export service retain user-adjustable manufacturing artifacts
VERIFY-058,cand-open-design-nexu,roadmap-boundary,Tests a declared agentic Design vision against currently executable product evidence,excluded,2026-08-12,Repository self-identifies as pre-alpha with first internal alpha planned and contains documentation examples and research rather than application source
VERIFY-058,cand-fablecut,shared-timeline-authority,Tests an agent video claim against human-agent concurrency and deterministic delivery,included,2026-08-12,One revision-counted project JSON is edited through UI file REST and MCP then hot reloads into a direct NLE and frame-accurate export pipeline
VERIFY-058,cand-figma-to-ai-prompter,prompt-template-boundary,Tests design advice files against an implemented host mutation surface,excluded,2026-08-12,Repository provides manual prompt templates and explicitly leaves an automated Figma plugin as future work
VERIFY-058,cand-code2video,research-system-boundary,Tests a paper implementation against an independently runnable artifact workflow,included,2026-08-12,Released scripts persist outline storyboard Manim source renders and critic feedback and can regenerate failed or visually weak sections
VERIFY-058,cand-fluxwing-skills,installable-design-workflow,Tests instruction bundles against durable user-owned design artifacts,included,2026-08-12,Six skills write UXM metadata ASCII templates screens and rendered examples into the project and validate or revise them conversationally
VERIFY-058,cand-uxscii,artifact-format-boundary,Tests a specification against a usable parser validator and versioned visual representation,included,2026-08-12,Repository ships schema examples CLI validator template processor and extension model for the paired UXM and ASCII artifact
VERIFY-058,cand-kintsugi,governed-edit-surface,Tests annotations against enforceable authoring permissions history and rollback,included,2026-08-12,Core parser creates a manifest with human and agent access modes while filesystem revisions record author channel time and support rollback
VERIFY-058,cand-cxdesigner,local-project-authority,Tests a broad product vision against concrete project data migration and edit services,included,2026-08-12,Electron main process owns split page files image versions slice selections assets comments save conflict checks ZIP export and local Git initialization
VERIFY-058,cand-pigcasso-canvas,canvas-persistence,Tests prompt-to-asset marketing against direct edit history and stored graph state,included,2026-08-12,Source persists tldraw snapshots and chat in Postgres while direct canvas and Fabric controls keep selection edits undo export and publishing in the same project
VERIFY-058,cand-sandyup-comfyui-mcp,repository-identity,Tests a non-fork GitHub copy against independent product authority,duplicate,2026-08-12,README package badges docs deployment links and product copy all identify artokun comfyui-mcp and the snapshot exposes no second workflow namespace
VERIFY-059,cand-comfyui,native-workflow-host,Tests a generative runtime against a directly authored reusable design graph,included,2026-08-12,Open source retains node links widgets subgraphs templates execution metadata and saved workflow JSON as the editable authority across media outputs
VERIFY-059,cand-comfy-cloud,managed-host-identity,Tests hosted execution and persistence against an independent artifact definition,duplicate,2026-08-12,Cloud runs and stores the same ComfyUI workflows and opens them on the same graph canvas while changing deployment account and GPU ownership
VERIFY-059,cand-comfy-mcp-official,official-agent-bridge,Tests external generation tools against workflow discovery versioning and canvas recovery,included,2026-08-12,Cloud connection can inspect save update version share and reopen workflows while local source validates and runs the installed graph through the same named product
VERIFY-059,cand-comfy-in-app-agent,native-agent-surface,Tests a private alpha announcement against a defined artifact mutation loop,included,2026-08-12,Official current page states that chat builds and edits the visible Comfy Cloud graph and explicitly separates this in-app experience from external MCP
VERIFY-059,cand-comfy-skills,distribution-boundary,Tests installable commands against independent state and execution,duplicate,2026-08-12,Plugin manifest points at hosted Comfy MCP and commands deliberately query its live catalog while all workflows tasks outputs and auth remain server-owned
VERIFY-059,cand-comfy-cli,execution-component,Tests a broad CLI against a separate design project authority,duplicate,2026-08-12,CLI manages and runs the canonical ComfyUI workspace and is the documented engine wrapped by Local Comfy MCP
VERIFY-059,cand-quiverai,structured-vector-artifact,Tests image generation against reusable source delivery candidate review and recovery,included,2026-08-12,App creates or vectorizes SVGs retains completed creations in Gallery supports multi-output review and exports source SVG plus render derivatives
VERIFY-059,cand-quiverai-mcp,agent-surface-identity,Tests hosted MCP tasks against a second product workspace,duplicate,2026-08-12,MCP OAuth scopes the same QuiverAI account and reads Gallery creations while creating the same generation vectorization and animation tasks
VERIFY-059,cand-quiverai-agent-plugins,distribution-boundary,Tests client bundles against independent execution or artifact storage,duplicate,2026-08-12,Official docs say plugins only package manifests MCP configuration and instructions while QuiverAI hosts every operation and artwork
VERIFY-059,cand-quiverai-api,developer-surface-identity,Tests REST access against an independent product lifecycle,duplicate,2026-08-12,API invokes QuiverAI models and emits the same structured SVG responses without a separate project gallery or authoring contract
VERIFY-059,cand-quiver-arrow-models,model-product-boundary,Tests named foundational models against an independently usable Design project,excluded,2026-08-12,Arrow variants are selectable inference capabilities inside QuiverAI app API MCP and integrations and expose no standalone artifact lifecycle
VERIFY-059,cand-trace-cli,multi-interface-identity,Tests terminal authoring against a separate EDA product,duplicate,2026-08-12,Official docs state desktop and CLI share engine backend account quota versions teams and local KiCad and Trace project files
VERIFY-059,cand-trace-mcp,multi-interface-identity,Tests hosted and local servers against separate circuit authority,duplicate,2026-08-12,Both expose Trace review generation and checks and local mode scopes directly to the existing project directory
VERIFY-059,cand-trace-plugin,distribution-boundary,Tests installable knowledge against independent EDA execution,duplicate,2026-08-12,Plugin installs Trace skills and configures MCP but requires Trace CLI and account for every project operation
VERIFY-059,cand-trace-sdks,multi-interface-identity,Tests programmatic agent clients against independent product state,duplicate,2026-08-12,SDKs execute the same Trace tool loop and share the product backend file formats and version services
VERIFY-059,cand-trace-github-action,automation-component,Tests CI packaging against an authoring product,duplicate,2026-08-12,Action installs and authenticates Trace CLI so repository checks and exports still operate the canonical circuit project
VERIFY-059,cand-trace-partner-api,developer-surface-identity,Tests partner endpoints against an independent user product,duplicate,2026-08-12,Endpoints expose Trace component schematic and validation capabilities and create no distinct project authority or review surface
VERIFY-059,cand-trace-symbols-library,component-artifact-platform,Tests a catalog against a complete AI generation review validation and handoff loop,included,2026-08-12,Users describe a component preview generated symbol data copy native canvas or library forms download and contribute validated KiCad artifacts
VERIFY-059,cand-trace-footprints-library,shared-platform-identity,Tests the paired footprint site against a separate product architecture,duplicate,2026-08-12,Symbols and footprints use one documented platform architecture account contribution path and paired EDA component lifecycle
VERIFY-060,cand-remotion,code-authoritative-motion,Tests whether agent generation visual correction and delivery share a durable editable artifact,included,2026-08-12,Official skills edit React compositions Studio writes compatible direct manipulation back to source and renderers execute that same source
VERIFY-060,cand-canvoss,shared-operation-canvas,Tests whether direct and agent edits converge on one hostable document model,included,2026-08-12,LayoutDocument EditorOp reducer editor history agent tool loop validation and Playwright rendering are implemented across the public packages
VERIFY-060,cand-huashu-design,cross-medium-agent-workflow,Tests an installable skill for a complete variant review refinement and delivery loop,included,2026-08-12,Artifact-specific source workflows require multiple directions critique verification and delivery of editable files plus derived previews
VERIFY-060,cand-homeverse,structured-interior-authority,Tests generated candidates against a directly editable and persisted scene lifecycle,included,2026-08-12,Blueprint and brief parsing generate structured data while SQL projects designs and objects support direct 3D edits and copilot graph mutations
VERIFY-060,cand-hangover,engineering-canvas-agent,Tests model-generated electronics against deterministic repair direct editing and persistence,included,2026-08-12,Cognee and OpenAI integrations generate circuit graphs derivePins normalizes handles and the XYFlow project canvas autosaves to MongoDB
VERIFY-060,cand-cova,constrained-config-agent,Tests real model participation against a shared editable product object,included,2026-08-12,OpenAI-compatible responses are parsed clamped merged into the manual editor state undoable and rendered from that same persisted configuration
VERIFY-060,cand-logo-generator-skill,filesystem-variant-workflow,Tests an agent skill for explicit alternative comparison source refinement and handoff,included,2026-08-12,The skill requires six or more SVG directions a comparison artifact user selection refinement PNG conversion and optional showcase generation
VERIFY-060,cand-framerdashboard,simulated-ai-boundary,Tests AI-labeled product behavior for actual model or agent participation,excluded,2026-08-12,Repository documentation and implementation identify a deterministic mock rules engine rather than an AI runtime
VERIFY-060,cand-esim-kicad-health-analyzer,simulated-ai-boundary,Tests an engineering copilot for actual model or agent participation,excluded,2026-08-12,Chat and copilot handlers dispatch keywords to fixed recommendations without a model call or agent execution loop
VERIFY-060,cand-awatif,marketing-source-gap,Tests an AI-native label against the current executable architecture,excluded,2026-08-12,Public source contains structural analysis visualization and editing but no prompt model chat or agent integration
VERIFY-060,cand-opencut-rewrite,future-interface-boundary,Tests a planned agent surface against the current executable product,excluded,2026-08-12,The rewrite roadmap names MCP and agent control as future work and the pinned source does not yet implement AI participation
VERIFY-061,cand-remotion-agent-skills,agent-interface-identity,Tests installable agent knowledge against a separate video artifact lifecycle,duplicate,2026-08-12,Skills are generated from the monorepo and instruct external agents to edit preview and render canonical Remotion source
VERIFY-061,cand-remotion-cursor-plugin,distribution-boundary,Tests an official client plugin against an independent product,duplicate,2026-08-12,README identifies the repository as generated from the Remotion monorepo and directs all source changes back there
VERIFY-061,cand-remotion-codex-plugin,distribution-boundary,Tests an official client plugin against an independent product,duplicate,2026-08-12,Package distributes canonical Remotion skills and has no separate project state or visual authority
VERIFY-061,cand-remotion-kimi-code-plugin,distribution-boundary,Tests an official client plugin against an independent product,duplicate,2026-08-12,Package distributes canonical Remotion skills and operates ordinary composition files
VERIFY-061,cand-remotion-claude-code-plugin,distribution-boundary,Tests an official client plugin against an independent product,duplicate,2026-08-12,Package distributes canonical Remotion skills and operates ordinary composition files
VERIFY-061,cand-remotion-studio,visual-interface-identity,Tests direct visual editing against a separate canvas document,duplicate,2026-08-12,Studio evaluates React compositions and writes supported timeline and interactivity changes back to the same project source
VERIFY-061,cand-remotion-browser-studio,visual-interface-identity,Tests browser hosting against a separate product authority,duplicate,2026-08-12,Internal package runs Studio in a browser workspace and saves compatible changes into Remotion source
VERIFY-061,cand-remotion-renderer,delivery-interface-identity,Tests rendering against an independent visual product,duplicate,2026-08-12,Renderer executes the canonical composition and produces media without owning authoring state
VERIFY-061,cand-remotion-lambda,delivery-interface-identity,Tests serverless orchestration against an independent visual product,duplicate,2026-08-12,Lambda distributes rendering of the canonical source and returns derivative output
VERIFY-061,cand-remotion-cloudrun,delivery-interface-identity,Tests cloud orchestration against an independent visual product,duplicate,2026-08-12,Cloud Run packages the same renderer and composition model for another infrastructure target
VERIFY-061,cand-remotion-vercel-rendering,delivery-interface-identity,Tests sandbox rendering against an independent visual product,duplicate,2026-08-12,Vercel path deploys and renders ordinary Remotion projects without a second authoring graph
VERIFY-061,cand-remotion-player,embedding-interface-identity,Tests embeddable playback against an independent Design surface,duplicate,2026-08-12,React component projects a Remotion composition inside a host and adds no AI or durable artifact
VERIFY-061,cand-remotion-editor-starter,embedding-interface-identity,Tests a paid starter against an independently owned Design product,duplicate,2026-08-12,Starter packages canonical composition Player and editor primitives for host applications rather than owning a distinct artifact lifecycle
VERIFY-061,cand-remotion-component-libraries,authoring-component-identity,Tests visual libraries against independent products,duplicate,2026-08-12,Elements effects shapes and transitions remain components authored inside the canonical composition
VERIFY-061,cand-remotion-prompts-templates,resource-component-identity,Tests official resources against independent workspaces,duplicate,2026-08-12,General prompts and starters only initialize or guide canonical Remotion projects
VERIFY-061,cand-remotion-lambda-sdks,developer-interface-identity,Tests language clients against independent rendering authority,duplicate,2026-08-12,SDKs invoke existing Remotion Lambda jobs and share composition and output semantics
VERIFY-061,cand-remotion-prompt-to-motion-graphics,browser-code-workspace,Tests a template for an independently complete prompt revision preview and delivery loop,included,2026-08-12,Source implements prompt validation skill routing generated React code direct code editing targeted AI revision live compilation and Lambda rendering
VERIFY-061,cand-remotion-ai-video-template,filesystem-timeline-pipeline,Tests a template for an independently complete AI audiovisual artifact loop,included,2026-08-12,CLI materializes generated story images timed narration and timeline JSON which users can edit preview and render as a project
VERIFY-061,cand-remotion-recorder,ai-participation-boundary,Tests a visual editor template for actual AI or agent participation,excluded,2026-08-12,Current source provides recording editing and rendering but no AI-mediated visual creation or correction
VERIFY-061,cand-remotion-ray-so,adjacent-feature-boundary,Tests co-located AI and visual generators for one shared artifact loop,excluded,2026-08-12,AI prompt browsing does not operate the deterministic code-image or icon creation artifacts
VERIFY-061,cand-remotion-github-unwrapped,data-driven-visual-boundary,Tests personalized generation for actual AI participation,excluded,2026-08-12,Data-driven Remotion story generation is visual but source does not evidence model or agent involvement
VERIFY-061,cand-remotion-ask-ai,documentation-agent-boundary,Tests a documentation assistant against visual artifact ownership,excluded,2026-08-12,Question-answering helps use Remotion but does not create mutate review or deliver a Design artifact
VERIFY-062,cand-sitetransformer,future-interface-boundary,Tests advertised AI visual editing against current executable source,excluded,2026-08-12,Pinned code stops at crawl preview local storage and ZIP while AI editing and MCP are future architecture notes
VERIFY-062,cand-vibecraft-ai,incomplete-product-boundary,Tests a design-system scaffold for a usable agent artifact loop,excluded,2026-08-12,Repository explicitly contains only a minimal Change System scaffold without the claimed runtime or complete UI
VERIFY-062,cand-ada-app,design-specificity-boundary,Tests a real general assistant for operation on a Design artifact,excluded,2026-08-12,Gemini chat and productivity functions do not create mutate review or deliver a visual Design object
VERIFY-062,cand-ai-media-canvas,revisioned-agent-canvas,Tests whether direct and agent edits share guarded durable authority,included,2026-08-12,Typed operations and browser screenshots operate one Excalidraw document with optimistic SQLite revisions and disk assets
VERIFY-062,cand-nika-character-studio,structured-character-presentation,Tests role-play software for a distinct visual artifact lifecycle,included,2026-08-12,Character JSON HTML directions sandbox preview reviewed patches snapshots and PNG export form a joined Design object
VERIFY-062,cand-uix-ai-agent,connected-screen-source,Tests generated mockups for editable project source and promotion,included,2026-08-12,Whole-project context and screen-specific refinement update connected Tailwind HTML records with snapshots and ZIP delivery
VERIFY-062,cand-rhino-grasshopper-mcp,parametric-host-authority,Tests remote agent commands for real Grasshopper graph mutation and save,included,2026-08-12,Listener creates connects moves solves and saves native components while Rhino remains the host and geometry authority
VERIFY-062,cand-decora-ai,marketing-source-gap,Tests AI interior claims for executable model participation,excluded,2026-08-12,No provider call inference path or agent tool is present in the pinned visual application source
VERIFY-062,cand-homemaker,filesystem-scene-authority,Tests a coding agent for a shared editable 3D project loop,included,2026-08-12,Direct editor and Claude Agent SDK mutate project files then hot reload and use screenshots to verify the scene
VERIFY-062,cand-lunima,photonic-engineering-authority,Tests natural language control for process-aware domain operations,included,2026-08-12,Anthropic tool calls reuse grid services for placement routing simulation grouping prefabs and downstream export
VERIFY-062,cand-vextra,source-provenance-gap,Tests a deployment shell for independently auditable product source,excluded,2026-08-12,Repository contains no editor implementation and its claimed public upstream was unavailable at review time
VERIFY-062,cand-caret-ide,distribution-identity,Tests a branded IDE distribution against the canonical Design implementation,duplicate,2026-08-12,Distribution builds VSCodium while the linked Caret core owns Design Mode artifact mapping and synchronization
VERIFY-062,cand-shape,source-mapped-visual-ide,Tests visual preview and control for durable source mutation,included,2026-08-12,Exact-span property edits sandbox previews reviewed agent writes and Git recovery preserve repository authority
VERIFY-062,cand-canva-clone,tutorial-lineage-boundary,Tests executable AI canvas features for an independent product definition,excluded,2026-08-12,Implementation explicitly follows a copied commercial course and does not establish a separate team or product lineage
VERIFY-062,cand-data-formulator,semantic-chart-workspace,Tests analytical chat for structured visual artifact authoring,included,2026-08-12,Agent chart specs transformations direct encodings sibling variants and persistent sessions converge on one data workspace
VERIFY-062,cand-resume-matcher,document-lineage-and-delivery,Tests AI wording for a complete editable document lifecycle,included,2026-08-12,Verified diffs derive from a master then remain directly editable recoverable previewed and rendered through a structured resume
VERIFY-062,cand-clypra,local-ai-timeline,Tests an open-core editor for currently wired AI artifact mutation,included,2026-08-12,Whisper segments with word timestamps become ordinary editable caption clips in the atomically persisted timeline
VERIFY-063,cand-caret-core,canonical-implementation,Resolves the Caret distribution to its actual Design Mode source,included,2026-08-12,Core repository contains rendering stable node identity deterministic AST edits scoped agent context and reversible sync
VERIFY-063,cand-vextra-mcp,read-only-agent-bridge,Tests a local design parser for agent-visible hierarchy and visual evidence,included,2026-08-12,MCP tools progressively inspect pages and nodes then render or extract assets from supported native files
VERIFY-063,cand-vextra-core,dependency-product-boundary,Tests the MCP rendering dependency for an independent AI-native workspace,excluded,2026-08-12,Core supplies document import graph layout and rendering but no agent interface or AI-mediated ordinary-user loop by itself
VERIFY-064,cand-signex,future-ai-boundary,Tests a real engineering editor for currently executable AI participation,excluded,2026-08-12,Signal AI is a stub and the copilot belongs to a future version roadmap
VERIFY-064,cand-burnguard-design,local-agent-source-authority,Tests a wrapper around general coding agents for its own recoverable Design contract,included,2026-08-12,HTML authority design-system context comments per-turn checkpoints preview and exporters form an independent harness lifecycle
VERIFY-064,cand-ai-creative-studio,distributed-visual-coordination,Tests concept and prompt coordination without falsely claiming rendered visual media,included,2026-08-12,A2A agents produce a reviewed campaign specification and route critic feedback back to copy or visual concept owners
VERIFY-064,cand-diamond-design-ai,revisioned-jewelry-session,Tests generated images for selection lineage and production handoff,included,2026-08-12,Session records image versions and promotes a chosen concept into workshop PDF and PNG outputs
VERIFY-064,cand-designflow-ai,constrained-native-ui-graph,Tests model JSON for direct artifact editing and code handoff,included,2026-08-12,Parsed elements become editable graph state with undo brand kits deterministic layout and TSX CSS export
VERIFY-064,cand-agentic-design-editor,simulated-ai-boundary,Tests a polished interaction prototype for actual model and source mutation,excluded,2026-08-12,AI progress diffs and publish are explicitly deterministic simulations with no file write
VERIFY-064,cand-substrata,multi-domain-maker-workspace,Tests broad CAD and electronics claims against current source paths,included,2026-08-12,Provider-backed reasoning produces inspectable OpenSCAD Three.js and project outputs while unfinished workers remain disclosed
VERIFY-064,cand-ako-visual-design-agent,deterministic-agent-production,Tests whether non-LLM agency can own a complete visual asset loop,included,2026-08-12,Perception planning mockup confirmation rule review approval and production generate trace-linked deliverables
VERIFY-064,cand-draftwalk,metric-home-plan-authority,Tests agent mutations for exact geometry and recoverable project state,included,2026-08-12,Schema-constrained operations and direct edits share one plan before Blender compile review and JSON SVG delivery
VERIFY-064,cand-visual-agent-designer,local-asset-handoff,Tests generated directions and images for persisted lineage critique and promotion,included,2026-08-12,Local project JSON tracks assets context versions critique repair and selected handoff contents
VERIFY-064,cand-eidos-design-copilot,marketing-source-gap,Tests claimed design workspace against its current implementation,excluded,2026-08-12,The central source canvas is an empty placeholder without artifact creation or correction
VERIFY-064,cand-manim-agent,executable-animation-source,Tests generated code for a rendered visual delivery boundary,included,2026-08-12,Specialist outputs converge on Manim Python which the server renders retries previews and exposes as MP4
VERIFY-064,cand-integrated-saas-design-agent,candidate-selection-system,Tests a design agent whose authority is a ranked evidence-bearing candidate family,included,2026-08-12,Diagnosis schemas filesystem candidates screenshots gates judges tournaments and human calibration form a repeatable decision loop
VERIFY-064,cand-ai-ui-generator,constrained-jsx-projection,Tests a minimal generator for real model participation and live source projection,included,2026-08-12,Groq returns component-bounded JSX consumed by react-live with current-state persistence and rollback
VERIFY-064,cand-open-design-ai-saikiran,fork-lineage-identity,Tests a renamed repository against the canonical Open Design product,duplicate,2026-08-12,Changelog and implementation retain nexu-io Open Design identity and shared authority
VERIFY-064,cand-ai-design-studio,spatial-raster-room-editing,Tests interior generation for grounded correction and durable edit lineage,included,2026-08-12,Room profiles catalog context polygon masks persisted results history and download form one raster workflow
VERIFY-064,cand-ai-design-workspace-catalog,external-agent-print-source,Tests a product without embedded model calls for a real filesystem-agent Design loop,included,2026-08-12,Agent contracts direct preview writeback audit patches checkpoints and print export converge on repository source
VERIFY-064,cand-designcanvas,separate-canvas-and-execution-graphs,Tests a local canvas for explicit executable topology and durable provider outputs,included,2026-08-12,tldraw state and compiled generation graph have separate optimistic SQLite clocks and real provider execution
VERIFY-064,cand-ghost-ai-ahmed,tutorial-product-lineage,Tests customization against independent implementation ownership,duplicate,2026-08-12,Substantial shared Ghost AI paths and workflow identify the same tutorial-derived product authority
VERIFY-064,cand-arch-ai-pranjeet,tutorial-product-lineage,Tests renamed architecture software against the existing Ghost AI lineage,duplicate,2026-08-12,Repository follows the same tutorial and retains its project model
VERIFY-064,cand-collab-planner-next,tutorial-product-lineage,Tests a personalized planner for a new canonical product,duplicate,2026-08-12,README identifies the Ghost AI tutorial and source preserves its authority model
VERIFY-064,cand-ai-architecture-studio,tutorial-product-lineage,Tests a tutorial implementation for independent product identity,duplicate,2026-08-12,Repository explicitly follows Ghost AI and changes branding rather than artifact semantics
VERIFY-064,cand-ux-planner-skill,upstream-design-coordination,Tests a UX planning skill for an independently closed artifact and feedback loop,included,2026-08-12,Markdown specification self-review downstream handoff and lock-in re-entry preserve decisions before visual execution
VERIFY-064,cand-designcopilot-poster,generic-media-generator-boundary,Tests poster history for an editable Design artifact lifecycle,excluded,2026-08-12,Users can replay delete or push finished images but cannot revise a structured poster artifact
VERIFY-064,cand-buildgraph,grounded-engineering-copilot,Tests deterministic visual engineering for real AI participation without numerical authority leakage,included,2026-08-12,Anthropic tool use reads current model facts and traces while event-sourced geometry remains authoritative for calculations and delivery
VERIFY-065,cand-virtuoso-bridge-lite,native-eda-bridge,Tests whether an agent bridge preserves native layout authority and visual correction,included,2026-08-12,Skill commands inspect render and mutate Cadence layouts while the OA database remains authoritative
VERIFY-065,cand-pbi-cli,source-backed-visual-authoring,Tests whether CLI operations round-trip through a native visual BI authoring product,included,2026-08-12,Commands read screenshots and change project source that reopens in Power BI Desktop
VERIFY-065,cand-owox-model-canvas,agent-controllable-data-canvas,Tests a structured model canvas for durable graph and code authority,included,2026-08-12,MCP actions mutate model nodes and connections while export preserves executable SQL
VERIFY-065,cand-autockt,closed-loop-circuit-optimization,Tests simulator-grounded parameter revision as a Design loop,included,2026-08-12,The agent repeatedly adjusts circuit parameters against measured specification error
VERIFY-065,cand-rtl-claw,agentic-rtl-engineering,Tests whether generated RTL is verified and repaired rather than delivered once,included,2026-08-12,Simulation and synthesis failures feed explicit diagnosis and RTL revision roles
VERIFY-065,cand-chateda,claimed-eda-agent,Tests availability of source for the claimed conversational EDA controller,excluded,2026-08-12,Only documentation datasets and API notes are inspectable and no controller runtime is present
VERIFY-065,cand-edacraft,native-electronics-authoring,Tests editable circuit artifacts and engineering-tool feedback,included,2026-08-12,Source generates structured schematic and PCB data with verification and correction operations
VERIFY-065,cand-cad-gpt,code-to-cad-authoring,Tests whether language operations remain revisable native geometry,included,2026-08-12,CAD command source materializes native geometry and supports follow-up transformations
VERIFY-065,cand-claude-eda,eda-agent-skills,Tests an executable skill system across schematic PCB and delivery stages,included,2026-08-12,Skill files bind creation checks correction and manufacturing outputs to durable project files
VERIFY-065,cand-ai-revit-family-maker,parametric-bim-authoring,Tests a structured specification through native family revision and delivery,included,2026-08-12,Parametric constraints drive Revit family creation preview updates and export
VERIFY-065,cand-chipster,verified-digital-design-agent,Tests persistent RTL generation through tool-grounded repair,included,2026-08-12,Generated projects undergo simulation checks and failure-driven revision
VERIFY-065,cand-visual-authoring,visual-decision-coordination,Tests whether visual review produces durable promotable decisions,included,2026-08-12,Review evidence and promoted changes persist as agent-readable workspace artifacts
VERIFY-065,cand-delft-toolkit-prototype,successor-identity,Tests whether the prototype is distinct from its named successor,duplicate,2026-08-12,The prototype explicitly redirects readers to the superseding Delft AI Toolkit
VERIFY-065,cand-neo-studio-v1,version-lineage,Tests whether version one is an independent current product,duplicate,2026-08-12,Version two is the continuation of the same Neo Studio product and artifact model
VERIFY-065,cand-neo-studio-v2,persistent-creative-workspace,Tests AI and manual edits over one durable canvas project,included,2026-08-12,Project layer state generation manual adjustment and export share one local application
VERIFY-065,cand-icezone-studio,creative-project-lifecycle,Tests scenes variants selection editing and delivery in one workspace,included,2026-08-12,Source persists project and scene state through generation canvas changes and export
VERIFY-065,cand-qbic,agent-controlled-visual-graph,Tests MCP mutation of an authoritative structured board,included,2026-08-12,Agent tools and the UI operate on the same nodes connections and board state
VERIFY-065,cand-habitect,vision-without-source,Tests inspectability of the claimed architecture design product,excluded,2026-08-12,Product claims and screenshots are present but implementation source is absent
VERIFY-065,cand-pixelruller,browser-source-visual-loop,Tests visual inspection followed by source correction and remeasurement,included,2026-08-12,MCP operations capture geometry and screenshots then apply revisable source changes
VERIFY-065,cand-gia-co-design,iterative-ui-code-authoring,Tests variants source edits preview and delivery as one loop,included,2026-08-12,Generated UI source remains editable and selected variants continue through preview and export
VERIFY-065,cand-opendesigner,repository-product-identity,Tests whether OpenDesigner source qualifies the brawt product,included,2026-08-12,Package identity and interface branding establish brawt as the implemented product in the repository
VERIFY-065,cand-uml-tool,agent-controlled-diagram,Tests shared structured graph authority between MCP and visual editing,included,2026-08-12,Agents and users edit the same UML graph before deterministic export
VERIFY-065,cand-creative-workframe,specification-only-boundary,Tests implementation of the proposed creative workflow runtime,excluded,2026-08-12,The repository describes itself as specification-first pre-alpha and lacks the runtime
VERIFY-065,cand-cucumber-studio,renamed-source-copy,Tests whether the renamed repository has an independent implementation lineage,duplicate,2026-08-12,Source and structure reproduce Loomic under a different product shell
VERIFY-065,cand-agent-diagram-tool,conversational-architecture-diagram,Tests an editable diagram beyond one-shot image generation,included,2026-08-12,Conversation revises a structured cloud graph with deterministic layout and export
VERIFY-065,cand-codesign-canvas,ai-assisted-structured-canvas,Tests AI and manual revision over durable design objects,included,2026-08-12,The prototype stores canvas objects through generation adjustment comparison and export
VERIFY-065,cand-eos-creative-studio,deferred-creative-shell,Tests whether provider interfaces implement the promised artifact lifecycle,excluded,2026-08-12,AI execution persistence and artifact handling are deferred behind a visual shell
VERIFY-065,cand-synvora-nova-visual,mock-generation-boundary,Tests real generation and correction behind the visible UI,excluded,2026-08-12,The application defaults to mocks and lacks a durable real-backend correction loop
VERIFY-065,cand-fomi-studio,simulated-ai-boundary,Tests whether async generation represents implemented AI behavior,excluded,2026-08-12,Repository documentation explicitly identifies generation and 4K work as simulated
VERIFY-065,cand-loomic-fouad,copied-source-identity,Tests independent product authority for a Loomic fork,duplicate,2026-08-12,The repository contains an archive and copy of the Loomic implementation
VERIFY-065,cand-museiq-studio,one-shot-brand-pack-boundary,Tests critique revision and persistence around generated brand output,excluded,2026-08-12,The app emits a pack and fallback result without a continuing artifact revision loop
VERIFY-065,cand-boutiqaat-creative-studio,campaign-variant-workspace,Tests persistent campaign selection editing and delivery,included,2026-08-12,Campaign and variant records survive generation and continue through composition and export
VERIFY-065,cand-zhuifeng-ai-community,generation-gallery-boundary,Tests whether gallery history creates an editable Design artifact,excluded,2026-08-12,Generated media is stored for display but lacks structured correction semantics
VERIFY-065,cand-solvys,prd-without-runtime,Tests execution of the proposed Change Packet workflow,excluded,2026-08-12,Only a PRD and prototyping skill are present and the product runtime is absent
VERIFY-065,cand-orblyn,readme-only-product,Tests source availability for the claimed product,excluded,2026-08-12,No inspectable implementation exists beyond the README claim
VERIFY-065,cand-lego-front-end-design,paper-only-research,Tests a user-operable implementation behind the paper,excluded,2026-08-12,The repository exposes research description without product source
VERIFY-065,cand-agentforge44,generic-agent-canvas-boundary,Tests whether the authored canvas artifact is itself Design-domain output,excluded,2026-08-12,The canvas configures generic agents and workflows rather than a Design artifact
VERIFY-065,cand-localoffice,multi-artifact-local-workspace,Tests source-backed visual documents under agent and user control,included,2026-08-12,Local canvases and source models support creation inspection revision and export
VERIFY-065,cand-loomic-obunaga,copied-source-identity,Tests independent product authority for another Loomic copy,duplicate,2026-08-12,Repository source reproduces Loomic without a distinct artifact model or team product
VERIFY-065,cand-fusion-runfusion,generic-software-factory-boundary,Tests whether the agent workflow centers on Design artifacts,excluded,2026-08-12,The product orchestrates generic software delivery rather than Design authoring
VERIFY-065,cand-computational-design-skills,executable-design-skills,Tests agent operations over native CAD and simulation artifacts,included,2026-08-12,Skills generate inspect validate and revise durable computational-design files
VERIFY-065,cand-autodesk-platform-services-skills,official-platform-design-skills,Tests reusable authenticated model operations as an agent interface,included,2026-08-12,Official skills execute translation inspection automation and delivery against Autodesk services
VERIFY-065,cand-claude-engineering-skills,engineering-design-skill-library,Tests executable design analysis and verification beyond prompt prose,included,2026-08-12,Skill packages define file-bound generation checks visual review and correction workflows
VERIFY-065,cand-ams-io-agent,analog-mixed-signal-agent,Tests specification through implementation simulation and repair,included,2026-08-12,The agent retains design files and revises them from simulator evidence
VERIFY-065,cand-symxplorer,symbolic-circuit-workspace,Tests persistent equations topology and comparisons as an engineering artifact,included,2026-08-12,Parameters symbolic results plots and topology remain revisable together
VERIFY-065,cand-fpga-design-agent,verified-fpga-project-agent,Tests synthesis and simulation evidence feeding project correction,included,2026-08-12,Planning implementation verification diagnosis and repair act on one persistent FPGA project
VERIFY-065,cand-chili-chiplets,parametric-chiplet-design,Tests constrained visual exploration over structured chiplet state,included,2026-08-12,Placement parameters constraints and views share a revisable engineering model
VERIFY-065,cand-specula-method,futures-design-method-runtime,Tests operational artifacts and decision feedback rather than descriptive methodology alone,included,2026-08-12,Versioned evidence critique selection and delivery artifacts are defined as an executable practice
VERIFY-065,cand-hype,code-native-visual-ide,Tests graph authority source projection preview and agent revision,included,2026-08-12,The same UI graph drives visual editing source output previews and agent commands
VERIFY-065,cand-inlumen,agent-controllable-diagram-canvas,Tests a shared persistent graph across commands manual edits and export,included,2026-08-12,Agent and user operations mutate one validated diagram model
VERIFY-065,cand-monogatari,branching-story-design-workspace,Tests persistent scenes characters branches and iterative revision,included,2026-08-12,Story projects retain structured creative state through AI manual edits and export
VERIFY-065,cand-forge-projects,editable-generated-interface-projects,Tests generated UI as components with variants correction and source delivery,included,2026-08-12,Canvas components and variant choices persist through prompting manual edits and export
VERIFY-065,cand-local-design-canvas,local-ui-source-canvas,Tests prompt creation visual adjustment correction and code output,included,2026-08-12,Source-backed canvas state supports direct edits iterative prompts and export
VERIFY-065,cand-aeromind,non-design-optimization-boundary,Tests whether operational optimization defines a Design artifact product,excluded,2026-08-12,Air-cargo planning outputs do not form a Design-domain authoring lifecycle
VERIFY-066,cand-delft-toolkit-v2,successor-source-followup,Tests the current implementation behind the prototype redirect,included,2026-08-12,The successor provides source for an MCP-addressable structured collaborative canvas
VERIFY-066,cand-spicexplorer-monorepo,extracted-product-followup,Tests the independent circuit-design product behind SymXplorer lineage,included,2026-08-12,Archived source implements persistent topology parameters simulations plots and comparisons
VERIFY-066,cand-specula-bos,product-layer-followup,Tests whether the operating layer defines distinct artifact authority,included,2026-08-12,Project evidence artifact views and delivery boundaries form an independently inspectable layer
VERIFY-066,cand-specula-framework,framework-layer-followup,Tests implemented schemas workflows critique and revision,included,2026-08-12,Source operationalizes reusable artifact and feedback mechanics
VERIFY-066,cand-specula-skill,agent-interface-followup,Tests the installable execution boundary of the Specula system,included,2026-08-12,The skill creates reviews corrects and delivers persistent workspace artifacts
VERIFY-066,cand-acad-cuix-builder,dependency-component-boundary,Tests independent product status for an official skill dependency,duplicate,2026-08-12,The builder is consumed as a component inside the Autodesk agent-skills product boundary
VERIFY-067,cand-spicexplorer-workspace,unavailable-successor-source,Tests a first-party linked successor repository,excluded,2026-08-12,The target cannot be resolved through authenticated GitHub access
VERIFY-067,cand-spicexplorer-platform,unavailable-successor-source,Tests a first-party linked successor repository,excluded,2026-08-12,The target cannot be resolved so implementation and product independence are unverified
VERIFY-067,cand-spicexplorer-ui,unavailable-successor-source,Tests a first-party linked UI repository,excluded,2026-08-12,The target cannot be resolved and source-level qualification is impossible
VERIFY-067,cand-spicexplorer-orchestration,unavailable-successor-source,Tests a first-party linked orchestration repository,excluded,2026-08-12,The target cannot be resolved and its role cannot be verified beyond the archived link
VERIFY-068,cand-owox-data-marts,upstream-governed-analytics-product,Tests whether the Model Canvas push target is a distinct AI-native artifact workspace,included,2026-08-12,Durable mart definitions assistant proposal apply records and bounded MCP report mutations establish a separate governed product lifecycle
VERIFY-069,cand-contextcypher,security-architecture-graph,Tests AI analysis and generation against a persistent editable threat-model graph,included,2026-08-12,React Flow architecture state autosave local providers framework analysis and exports form one closed loop
VERIFY-069,cand-writerflow,collaborative-document-diagrams,Tests inline generated diagrams as durable collaborative document blocks,included,2026-08-12,Yjs documents persist editable Excalidraw elements through collaboration sharing and PDF export
VERIFY-069,cand-markdownflows,local-mermaid-workspace,Tests source editing and AI modification beyond one-shot rendering,included,2026-08-12,Mermaid source persists locally and drives live preview AI revisions and SVG or PNG export
VERIFY-069,cand-boardly-studio,deterministic-ai-label-boundary,Tests whether the advertised AI diagram endpoint calls an AI provider,excluded,2026-08-12,UI and route explicitly say the endpoint is a deterministic placeholder and provider integration is future work
VERIFY-069,cand-archflow,mock-ai-architecture-editor,Tests whether typed graph generation uses a real AI path,excluded,2026-08-12,Source returns a canned diagram regardless of prompt and labels real LLM integration as TODO
VERIFY-069,cand-gitary,git-native-multiformat-authoring,Tests diagrams and notes as agent-readable Git artifacts,included,2026-08-12,AI and manual editors round-trip Excalidraw draw.io mind-map and Markdown source through repository commits
VERIFY-069,cand-asciitecture,ascii-agent-handoff,Tests a visual editor whose native output is designed for external coding agents,included,2026-08-12,Local visual object state exports as durable human-readable Markdown wireframes for continued agent implementation
VERIFY-069,cand-ai-draw-nexus,multi-engine-diagram-workspace,Tests three native authoring engines under one persistent AI project model,included,2026-08-12,Mermaid Excalidraw and draw.io projects preserve versions contextual edits multimodal inputs and export
VERIFY-069,cand-ai-draw-nexus-fxdm,hidden-copy-identity,Tests independent lineage despite absent GitHub fork metadata,duplicate,2026-08-12,Head commit and root tree hashes exactly match the earlier canonical repository
VERIFY-069,cand-ai-draw-nexus-duoge,modified-copy-identity,Tests product independence of a disconnected modified repository,duplicate,2026-08-12,Product name architecture README and source model remain the AI Draw Nexus lineage
VERIFY-069,cand-ai-draw-nexus-itbuff,hidden-copy-identity,Tests independent lineage despite absent GitHub fork metadata,duplicate,2026-08-12,Root tree hash is identical to the earlier AI Draw Nexus source
VERIFY-069,cand-ai-flowchart-doraemon,expanded-copy-identity,Tests whether feature additions create a separate product boundary,duplicate,2026-08-12,The same AI Diagram Hub identity three engines prompts and project schema remain authoritative
VERIFY-069,cand-nexusdraw,renamed-copy-identity,Tests product independence of the NexusDraw reorganization,duplicate,2026-08-12,Repository states its AI Draw Nexus origin and retains the same underlying product architecture
VERIFY-069,cand-smart-mermaid-assistance,git-synchronized-mermaid-desktop,Tests generation manual source correction and versioned persistence,included,2026-08-12,Wails app edits Mermaid source and synchronizes it to GitHub before SVG delivery
VERIFY-069,cand-vibe-mermaid,node-aware-conversational-mermaid,Tests multi-turn correction against visible source,included,2026-08-12,AI sees current code and selected nodes then repairs and refines the authoritative Mermaid artifact
VERIFY-069,cand-mermaid-live-desktop,offline-mermaid-repair,Tests local generation and syntax correction in a native workspace,included,2026-08-12,Ollama changes editable source whose renderer and SVG export provide visual evidence
VERIFY-069,cand-architect-studio-x,proposal-gated-architecture-graph,Tests graph authority against AI mutation proposals,included,2026-08-12,Approve applies a validated structured plan atomically and writes a snapshot while reject leaves the graph unchanged
VERIFY-069,cand-loom-architecture,parametric-kubernetes-canvas,Tests AI creation plus constrained resource design and delivery,included,2026-08-12,Structured nodes resources checks and subgraphs remain editable and materialize into IaC and document exports
VERIFY-069,cand-graphini,persisted-mermaid-team-workspace,Tests chat repair source editing collaboration and handoff,included,2026-08-12,Mermaid text remains visible and persisted beside conversations files collaborators and exports
VERIFY-069,cand-drawloop-skill,bidirectional-excalidraw-file,Tests whether human edits survive the next agent turn,included,2026-08-12,Claude reads a structured summary of the current on-disk Excalidraw scene before applying follow-up changes
VERIFY-069,cand-opendiagram,semantic-spec-to-native-canvas,Tests structured planning deterministic layout and in-place conversational correction,included,2026-08-12,Typed DiagramSpec drives editable Excalidraw elements and project memory preserves later changes
VERIFY-069,cand-ai-diagrammer-scaffold,unimplemented-ai-scaffold,Tests actual Gemini generation and modification calls,excluded,2026-08-12,Source contains TODO stubs for both initial AI generation and follow-up diagram chat
VERIFY-069,cand-umlforge,structured-uml-project,Tests whether a substantial UML editor has an implemented AI generation path,excluded,2026-08-12,The AI service labels itself simulated and returns seeded static diagrams plus canned or random chat responses rather than calling an AI backend
VERIFY-069,cand-diagram-ai-mohamed,raged-plantuml-workspace,Tests grounded generation source editing history and downstream materialization,included,2026-08-12,Ollama or Gemini produces PlantUML that users repair save export and feed to starter-code generation
VERIFY-069,cand-codigram,native-uml-erd-desktop,Tests Gemini output as editable project structure rather than an image,included,2026-08-12,JavaFX objects preserve classes entities relations and JSON before Java or SQL generation
VERIFY-069,cand-ai-diagram-imp,non-ai-editor-prototype,Tests present AI implementation behind the repository name,excluded,2026-08-12,Current-scope documentation and source expose deterministic SVG editing only
VERIFY-069,cand-ai-diagrams-kavish,cloud-plantuml-workspace,Tests multimodal generation repair saved source and delivery,included,2026-08-12,PlantUML code is editable versioned in user storage and rendered or exported after AI fixes
VERIFY-069,cand-ai-diagrammer-eric,structured-roughjs-canvas,Tests AI JSON through manual canvas revision and persistence,included,2026-08-12,Generated elements enter the same history-managed autosaved graph used by direct editing
VERIFY-069,cand-ag0-diagramming-agent,file-watching-agent-canvas,Tests live synchronization between agent file writes and human editing,included,2026-08-12,WebSocket notifications reload the shared Excalidraw file while manual saves return changes to disk
VERIFY-069,cand-techdraw,context-aware-react-flow-authoring,Tests generation and modification of current graph state,included,2026-08-12,Provider responses create or update React Flow nodes that remain editable undoable locally saved and exportable
VERIFY-069,cand-diagrams-bunlong,persisted-mermaid-publishing,Tests source correction persistence sharing and automation,included,2026-08-12,Postgres stores editable Mermaid and settings while shared SVG and API ingress reuse deterministic renderers
VERIFY-069,cand-flowforge,persistent-ai-react-flow,Tests structured generation manual edits history autosave and dashboard recovery,included,2026-08-12,OpenRouter-hosted Claude nodes and edges enter the same Mongoose-backed graph as user operations
VERIFY-069,cand-sketch-chat,native-drawio-agent-bridge,Tests real editor validation and iterative XML modification,included,2026-08-12,MCP chains generate edit validate and export mxGraph XML through the pinned draw.io application
VERIFY-069,cand-silvercraft-ai,agentic-data-model-canvas,Tests LLM plans against constrained persistent dimensional-model state,included,2026-08-12,Staged provider orchestration feeds structured data-model artifacts into editable HITL review and persistent project workflows
VERIFY-069,cand-html-ai-diagram-editor,browser-source-version-loop,Tests AI visual context source editing and reversible local history,included,2026-08-12,Draw.io or Mermaid source snapshots prompt Gemini and each result can be restored edited or downloaded
VERIFY-069,cand-drawio-figure-replicator,reference-to-editable-figure,Tests visual replication with native element authority and comparison,included,2026-08-12,Skill requires editable XML rendered preview inspection and correction rather than embedding the reference bitmap
VERIFY-069,cand-ai-diagrams-toolkit,file-based-semantic-diagrams,Tests executable agent guidance beyond a list of diagram links,included,2026-08-12,Reusable templates command prompts and CLI tests prescribe semantic source generation structural checks and manual render review
VERIFY-069,cand-uml-flow,dsl-canvas-roundtrip,Tests one authoritative model across AI source and visual edits,included,2026-08-12,Custom DSL parses to canvas structures and regenerates source or code after manual modifications
VERIFY-069,cand-sirelia,watched-agent-diagram-file,Tests a low-friction visual feedback surface for external coding agents,included,2026-08-12,File watching and WebSocket broadcast project source into a browser renderer but browser edits do not write back to the watched file
VERIFY-069,cand-auricide,agent-project-visual-surfaces,Tests whether visual artifacts are durable first-class project state inside a broader IDE,included,2026-08-12,Workflow Markdown Obsidian canvas Mermaid and Excalidraw live beside MCP goals and Git operations
VERIFY-069,cand-author-autograph,inline-document-diagrams,Tests generated visual blocks as editable parts of a long-form artifact,included,2026-08-12,Anthropic creates tldraw data mounted in a TipTap node that remains editable within the document
VERIFY-069,cand-mermaidgen,validated-mermaid-generation,Tests Gemini syntax creation through direct source correction and export,included,2026-08-12,Generated code enters the same validating editor and live preview as manual changes
VERIFY-069,cand-apo,research-to-excalidraw-transition,Tests implemented canvas-aware agent tools while separating roadmap claims,included,2026-08-12,Assistant can read current canvas and insert Mermaid or Excalidraw structures though cloud persistence remains absent
VERIFY-069,cand-synthezy,gemini-collaborative-whiteboard,Tests real provider behavior against deterministic fallback and whole-state collaboration,included,2026-08-12,Configured Gemini returns normalized elements appended to the editable canvas while undo stays in memory and Mongo or Socket.IO retain only the latest whole-board state
VERIFY-069,cand-flowbase,ai-productivity-whiteboard,Tests visual insertion separately from assistant command actions,included,2026-08-12,Server-side Gemini JSON becomes native Excalidraw shapes in the board modal while the confirmation-gated assistant only returns diagram data and a link rather than inserting it
VERIFY-069,cand-text2diagram,mermaid-micro-saas,Tests AI source generation with editing rendering persistence and export,included,2026-08-12,OpenAI fills the same localStorage-backed Mermaid editor while Firestore stores only user profile and Pro entitlement rather than diagram projects
VERIFY-069,cand-diagai-manas,external-agent-text-to-graph,Tests an AI-adjacent parser that preserves editable graph authority,included,2026-08-12,Agent-produced notations deterministically materialize into reconnectable nodes with undo JSON persistence and export
VERIFY-069,cand-diagramai-nihal,first-phase-language-diagram,Tests source assembly rather than accepting the completed-phase claim,included,2026-08-12,The OpenAI route D2 editor and Kroki client exist but essential imported store rendering message and shared UI modules are absent from the pinned Git tree
VERIFY-069,cand-flow2go,schema-first-ai-diagram,Tests structural authority and deterministic normalization after generation,included,2026-08-12,Planner JSON and Mermaid are validated before editable React Flow snapshot materialization
VERIFY-069,cand-drawio-codex,generated-native-xml-handoff,Tests whether one-shot generation still delivers an independently editable native artifact,included,2026-08-12,Whole-document mxGraph XML receives only opening and closing tag checks before draw.io becomes the actual editing and rendering authority
VERIFY-069,cand-llmo-diagram-generator,local-mermaid-session-workspace,Tests generated-turn history separately from manual source persistence,included,2026-08-12,Ollama output is transformed previewed and appended to SQLite while textarea corrections are not written back and require MMD download for durability
VERIFY-070,cand-thoth-blueprint,ai-schema-graph,Tests whether agent proposals enter a durable structured data-model authority,included,2026-08-12,Patch operations target typed schema records and checkpoints while IndexedDB and multiple structured exports preserve control
VERIFY-070,cand-viso-mcp,file-native-modeling-canvas,Tests bidirectional authority between agent tools editable graph and watched source,included,2026-08-12,MCP CRUD React Flow edits and file watchers converge on DBML BPMN and system-landscape files with atomic writes
VERIFY-070,cand-careervivid,native-excalidraw-generation,Tests direct model output into an independently editable native canvas,included,2026-08-12,Gemini returns Excalidraw JSON and the same document is edited autosaved and thumbnailed in Firestore
VERIFY-070,cand-architecture-drawio-automation,native-drawio-mcp,Tests granular agent mutation and validation of durable draw.io source,included,2026-08-12,Thirteen MCP tools read create and update mxGraph XML with normalization verification and icon helpers
VERIFY-070,cand-cloud-architecture-diagrams,agent-cloud-diagram-skill,Tests governed icon-aware delivery into native editable formats,included,2026-08-12,The skill compiles a typed architecture brief into Excalidraw or draw.io and requires preview inspection
VERIFY-070,cand-azure-diagram-mcp-server,safe-diagram-code-materialization,Tests agent generation through executable-source controls and a visual handoff,included,2026-08-12,Generated Python diagrams code passes AST and Bandit checks before Graphviz rendering in an MCP Apps viewer
VERIFY-070,cand-interactive-architecture-diagrams,portable-interactive-architecture,Tests whether generated HTML remains a controllable artifact beyond a screenshot,included,2026-08-12,One self-contained document supports dragging and local position persistence while retaining portable source
VERIFY-070,cand-mermaid-chart-vscode,copilot-mermaid-source-loop,Tests proposal repair comparison application and durable source authority,included,2026-08-12,Copilot edits MMD through preview variants diff and explicit apply with optional cloud sync
VERIFY-070,cand-stride-gpt,threat-model-diagram-authority,Tests diagram editing as evidence-bearing security-model work,included,2026-08-12,Embedded draw.io XML and editable Mermaid feed the saved threat model and subsequent analysis
VERIFY-070,cand-diagram-creator-pramit,multiformat-diagram-handoff,Tests one-shot generation that still yields independently editable native output,included,2026-08-12,Eraser source is transformed into PNG DOT and draw.io rather than remaining only an image
VERIFY-070,cand-ai-diagram-copilot-pranav,reviewable-semantic-diagram-plan,Tests real authority and gates behind broad copilot claims,included,2026-08-12,Typed DSL events patches undo and snapshot persistence drive Excalidraw while edit plans require preview approval
VERIFY-070,cand-swark,codebase-to-versioned-diagram,Tests IDE model analysis that persists explainable diagram files,included,2026-08-12,VS Code language-model output is written as dated Mermaid Markdown and accompanied by logs
VERIFY-070,cand-archify,typed-architecture-delivery,Tests semantic IR validation before a broad output matrix,included,2026-08-12,The agent writes a typed architecture model and deterministically delivers HTML PNG SVG WebM and evidence artifacts
VERIFY-070,cand-product-diagram-copilot,persisted-diagram-specification,Tests provider output separately from rendering and object storage,included,2026-08-12,An OpenAI-compatible model emits a stored specification rendered as Mermaid or draw.io with database and MinIO retention
VERIFY-070,cand-diagram-copilot-xidoke,dsl-graph-approval-loop,Tests source authority layout preview approval and reversibility,included,2026-08-12,Langium source feeds ELK and React Flow while proposed mutations require approval and snapshots support undo
VERIFY-070,cand-interview-forge,system-design-whiteboard,Tests validated generation persistence and editable delivery across formats,included,2026-08-12,Mermaid stages persist into a whiteboard and supported flowcharts convert deterministically to draw.io
VERIFY-070,cand-note-gen,local-first-agent-canvas,Tests diagrams as durable parts of a broader note workspace,included,2026-08-12,Markdown files histories canvas modes and agent tools share local storage and synchronization paths
VERIFY-070,cand-litho,repository-documentation-diagrams,Tests file output and repair rather than transient explanation,included,2026-08-12,Analysis writes C4 and Mermaid documentation and a separate fixer revises invalid diagram source
VERIFY-070,cand-codewiki,recursive-codebase-diagrams,Tests persistent generated documentation with validation and partial maintenance,included,2026-08-12,Architecture data-flow and sequence files are produced by recursive analysis and checked through editor and MCP paths
VERIFY-070,cand-openmaic,editable-learning-artifacts,Tests whether generated media remain native revision-bearing classroom artifacts,included,2026-08-12,Slides simulations and whiteboards accept JSON Patch edits retain sessions and export usable office or media outputs
VERIFY-070,cand-chartdb,schema-design-translation,Tests AI against executable schema authority rather than a passive ERD,included,2026-08-12,IndexedDB graph edits and SQL DBML or query imports share normalized schema state that AI translates across dialects
VERIFY-070,cand-codeboarding,incremental-code-visualization,Tests persistent analysis and diagram refresh rather than one-time summaries,included,2026-08-12,Static analysis plus LLM writes analysis JSON and Mermaid documentation with partial regeneration and web exploration
VERIFY-070,cand-bloxai,visual-explanation-boundary,Tests implemented AI behavior without inheriting commented generation claims,included,2026-08-12,Gemini vision explains a persisted Excalidraw board while the Mermaid-generation control is commented out
VERIFY-070,cand-dreamforge,persisted-world-relationship-graph,Tests an AI-authored domain model with a durable visual projection,included,2026-08-12,Generated entities and edges persist in PostgreSQL and project into an explorable React Flow universe
VERIFY-070,cand-live-diagramming-copilot,conversational-diagram-file,Tests continuous dictated change against a versionable diagram authority,included,2026-08-12,Agent instructions translate deltas into one evolving Mermaid Markdown file that humans can edit directly
VERIFY-070,cand-marp-slides-template,agent-authored-editable-slides,Tests slide source diagram assets and visual verification as one workflow,included,2026-08-12,Copilot writes Markdown and draw.io SVG assets while Playwright checks overflow
VERIFY-070,cand-sdd-diagram-copilot,specification-projection,Tests agents editing one authority while visual surfaces remain deterministic,included,2026-08-12,Project YAML owns state and architecture kanban priority and run views are read-only live projections
VERIFY-070,cand-agon,multi-agent-truth-map,Tests structured consensus and current visual output against roadmap claims,included,2026-08-12,Agents negotiate a graph-backed Truth Map and write Mermaid documents while the browser explorer remains future work
VERIFY-070,cand-sre-design,provenance-gated-topology,Tests constrained agent proposals re-grounding and deterministic visual evidence,included,2026-08-12,YAML knowledge state accepts pointer operations then passes provenance gates before Mermaid topology rendering
VERIFY-070,cand-azure-diagram-skill,native-azure-diagram-skill,Tests icon governance native delivery and structural validation,included,2026-08-12,Copilot follows official Azure icon rules writes draw.io validates XML references and opens the editable source
VERIFY-070,cand-strands-tools-diagram,deprecated-agent-diagram-tool,Tests a working artifact tool while preserving its documented lifecycle,included,2026-08-12,Structured tool input renders AWS network UML and basic diagrams to files but the release notes schedule removal
VERIFY-070,cand-learnhouse,iterative-learning-widget-authoring,Tests generated interactive HTML with edit history and publication,included,2026-08-12,Current HTML feeds iterative generation with Redis session history and the editor supports preview save and publish
VERIFY-070,cand-builder-skills-system-architect,whiteboard-to-architecture-spec,Tests a reusable architecture artifact workflow rather than generic advice,included,2026-08-12,The skill converts briefs and whiteboards into buildable specifications with durable Mermaid C4 diagrams
VERIFY-070,cand-copilot-sdd-skills,sdd-artifact-chain,Tests architecture diagrams inside a versioned requirements-to-ticket workflow,included,2026-08-12,Copilot writes requirements architecture analysis refinements and Mermaid as project files
VERIFY-070,cand-ai-factory,evidence-grounded-design-bundle,Tests durable governed research and architecture artifacts,included,2026-08-12,Active Summary limits scope while skills maintain source-backed C4 dependency diagrams and ADRs
VERIFY-070,cand-excalidraw-workflow,declared-upstream-extension,Tests whether the workflow is an independent product or a bounded derivative,duplicate,2026-08-12,The README explicitly starts from the Excalidraw Plugin and adds dark-mode export behavior
VERIFY-070,cand-cate,generic-spatial-agent-ide,Tests whether a canvas alone creates a Design-specific artifact loop,excluded,2026-08-12,The surface spatially arranges coding-agent workspaces but does not define a visual design authority
VERIFY-070,cand-otto,generic-pr-agent-dashboard,Tests visual coordination without a Design artifact,excluded,2026-08-12,The dashboard owns pull-request orchestration rather than visual creation or translation
VERIFY-070,cand-sql-to-snowflake-demo,one-off-migration-demo,Tests reusable product boundary behind a Mermaid-bearing prompt,excluded,2026-08-12,The repository demonstrates one migration exercise and exposes no independently reusable Design system
VERIFY-070,cand-copilot-harness-eng-v1,generic-coding-harness,Tests whether agent infrastructure owns visual work,excluded,2026-08-12,The harness coordinates coding tasks without a Design-specific artifact authority
VERIFY-070,cand-drawdb,traditional-database-editor,Tests verified AI or agent participation in the schema graph,excluded,2026-08-12,The editor is functional but its shipped graph loop is conventional and contains no AI contract
VERIFY-070,cand-erd-agent-automation,unimplemented-erd-plan,Tests implementation evidence beneath specifications,excluded,2026-08-12,README and plans exist but the pinned tree lacks the promised working modules
VERIFY-070,cand-proposal-diagram-copilot,stubbed-diagram-copilot,Tests real inference and editable visual authority,excluded,2026-08-12,The inference worker is stubbed and visual editing is still listed as roadmap work
VERIFY-070,cand-hve-demo,narrative-demonstration,Tests independent reusable product boundaries,excluded,2026-08-12,The repository is a bounded demonstration with no maintained artifact-owning system
VERIFY-070,cand-knowforge,ephemeral-rag-diagram,Tests whether noneditable one-shot visuals still form a product surface,included,2026-08-12,Gemini creates Mermaid from document context and the UI renders it but offers no save or edit path
VERIFY-070,cand-psuedocalls,training-demonstration,Tests independent Design product identity,excluded,2026-08-12,The repository exists to demonstrate and teach calls rather than maintain a visual artifact system
VERIFY-070,cand-mpchenette-copilot,training-corpus,Tests product ownership beyond educational examples,excluded,2026-08-12,The repository is training material and has no independent artifact model or runtime
VERIFY-070,cand-oxdraw,traditional-code-diagram-editor,Tests agent participation rather than keyword proximity,excluded,2026-08-12,The editor renders diagram code but no AI or agent reads or mutates its authority
VERIFY-070,cand-ai-consulting-soyeon,confirmation-gated-consulting-artifacts,Tests durable deliverables and explicit limitations across an agent workflow,included,2026-08-12,Confirmed phases write text XLSX diagrams Power Automate prompts and blueprint JSON with importability caveats
VERIFY-070,cand-dbx,ai-database-schema-authority,Tests diagram relation to executable agent-mutated domain state,included,2026-08-12,AI and MCP execute schema operations and ERD or lineage views project the resulting database authority
VERIFY-070,cand-tabularis,ai-database-visual-workspace,Tests text-to-SQL and MCP against an editable schema and ERD,included,2026-08-12,Database execution visual schema editing interactive ERD notebooks and charts share the same connections and metadata
VERIFY-070,cand-edgeever,adjacent-ai-and-mermaid-features,Tests an evidenced control edge between agent edits and diagram blocks,excluded,2026-08-12,AI edits notes and Mermaid renders but source inspection does not connect AI operations to diagram-specific mutation
VERIFY-070,cand-mermark-editor,proposal-gated-markdown-diagrams,Tests direct agent editing with source snapshots and user control,included,2026-08-12,Document access maps constrain providers and Mermaid source changes appear as proposals with Apply or Discard and snapshot recovery
VERIFY-070,cand-documd-markdown-viewer,passive-ai-output-renderer,Tests native agent participation rather than upstream provenance,excluded,2026-08-12,The app can render AI-authored Markdown but has no model or agent contract in its own workflow
VERIFY-070,cand-grok-build,response-native-mermaid-rendering,Tests visual output as a first-class general-agent surface,included,2026-08-12,Mermaid blocks in responses render inline and to PNG with Open Image Copy Image and Copy Source actions
VERIFY-071,cand-excalidraw-plugin,upstream-reusable-diagram-plugin,Tests the canonical product boundary named by the derivative workflow,included,2026-08-12,The plugin installs a diagrammer agent skill and Excalidraw MCP path for code research native diagram creation and PNG export
VERIFY-072,cand-pad,documentation-only-platform,Tests implementation beneath the claimed SDLC artifact system,excluded,2026-08-12,Pinned tree contains plans and decks but no client server schema or artifact runtime
VERIFY-072,cand-archigen,structured-architecture-generation,Tests model output graph authority fallback and persistence,included,2026-08-12,OpenAI JSON enters deterministic React Flow materialization and Mongo save while a static fallback is explicitly separated
VERIFY-072,cand-yuzudraw,agent-native-ascii-authority,Tests one editable artifact across agent and human interfaces,included,2026-08-12,Compact DSL native canvas layers undo and ASCII PNG SVG delivery converge on the same diagram
VERIFY-072,cand-archie-ea,governed-enterprise-architecture,Tests AI output against portfolio and review-board authority,included,2026-08-12,AI candidate architectures enter TOGAF ArchiMate models and ARB governance with audit state
VERIFY-072,cand-sylang-studio,mbse-agent-workspace,Tests whether the branded engine exposes a Design-specific engineering surface,included,2026-08-12,Sylang adds DSL and diagram editors plus coverage traceability and FMEA to the shared agent IDE
VERIFY-072,cand-smart-workflow,roadmap-only-workflow,Tests source implementation beneath feature claims,excluded,2026-08-12,Repository has only a README and describes future work
VERIFY-072,cand-archischema,collaborative-schema-authority,Tests SQL CRDT visual edits and agent actions against one model,included,2026-08-12,DDL parser graph operations snapshots LiveShare and AI actions all mutate the schema authority
VERIFY-072,cand-mermzen,traditional-mermaid-editor,Tests native AI or agent participation rather than product positioning,excluded,2026-08-12,Source implements local Mermaid editing and export without a model agent or MCP edge
VERIFY-072,cand-mermaid-studio-catfox,local-model-mermaid-loop,Tests local inference visual edits and recoverable versions,included,2026-08-12,Qwen WebGPU and provider adapters generate fix and enhance source retained across fifty versions
VERIFY-072,cand-rpaforge,proposal-gated-executable-process,Tests AI draft control before executable workflow mutation,included,2026-08-12,Text-to-process results show Apply or Discard then compile through validated graph topology to Python
VERIFY-072,cand-lzbot-5000,landing-zone-design-agent,Tests coordinated diagram backlog document and cost deliverables,included,2026-08-12,Strands invokes AWS diagram knowledge and pricing tools and persists the resulting design bundle
VERIFY-072,cand-codoptic,repository-aware-diagram-dsl,Tests clarification diff approval and graph or code authority,included,2026-08-12,Multi-agent planning writes DSL and graph artifacts while explicit gates protect changes
VERIFY-072,cand-unkode,architecture-drift-artifacts,Tests source-derived diagrams and change detection as versioned files,included,2026-08-12,unkode YAML drives Mermaid and HTML projections and architecture diffs on repository changes
VERIFY-072,cand-canopy,mcp-multiformat-rendering,Tests agent source handoff through a real editor and renderer,included,2026-08-12,MCP renders twenty-seven formats and companion editor saves source and exports projections
VERIFY-072,cand-mermaid-agent,validator-mediated-mermaid,Tests iterative validation and review before source application,included,2026-08-12,Provider tool calls run Mermaid validation and expose repaired source before the user applies it
VERIFY-072,cand-cloud-visualizer-pro,cloud-model-to-iac,Tests native graph grounding infrastructure validation and declared fallbacks,included,2026-08-12,Agent tools analyze React Flow state and emit Bicep or Terraform with MAF MCP validation paths
VERIFY-072,cand-foblex-flow,agent-oriented-editor-kernel,Tests AI coding contracts in reusable visual infrastructure,included,2026-08-12,Versioned AI guidance stable diagnostics typed graph state and snapshots are shipped with the Angular editor
VERIFY-072,cand-mermalaid,live-mcp-mermaid-document,Tests bidirectional external-agent control of an open native document,included,2026-08-12,MCP get set and render tools share source with visual editing local files and exports
VERIFY-072,cand-mermaidgenie,persisted-generated-mermaid,Tests real provider implementation editing save and sharing,included,2026-08-12,Gemini service writes Mermaid into Mongo chart records that support update regenerate and public sharing
VERIFY-072,cand-idem,company-as-managed-design-project,Tests branding UML app generation and deployment as one product boundary,included,2026-08-12,Integrated dashboard chart editor AI API app generator and deployment services share company project state
VERIFY-072,cand-cloudarchgen,editable-cloud-architecture,Tests structured generation analysis persistence and Terraform handoff,included,2026-08-12,OpenAI schema becomes React Flow state with database save export and infrastructure import
VERIFY-072,cand-drawio-live-editor,current-xml-model-context,Tests an LLM reading and changing the current native draw.io artifact,included,2026-08-12,Local model receives current XML and Monaco and canvas synchronize generated or optimized changes
VERIFY-072,cand-wam-studio,ai-wam-collaboration,Tests generation explanation versions comments and realtime editing,included,2026-08-12,OpenAI and Gemini feed a persisted React Flow WAM model with collaborative review surfaces
VERIFY-072,cand-easy-uml,constrained-uml-dsl,Tests deterministic parsing between model text and editable diagrams,included,2026-08-12,DeepSeek output is limited to eleven domain DSLs that browser parsers render and export
VERIFY-072,cand-livediagram,agent-addressable-collaborative-graph,Tests MCP control against native persistence and recovery,included,2026-08-12,OAuth tools mutate the live model while snapshots comments activity and surgical revert retain accountability
VERIFY-072,cand-mindgraph,ai-thinking-map-workspace,Tests multiple providers RAG direct editing collaboration and snapshots,included,2026-08-12,Generated maps rejoin node editing autosave WebSocket collaboration and export
VERIFY-072,cand-mermaid-diagram-editor-mamerto,non-ai-local-editor,Tests an agent edge beyond Mermaid capability,excluded,2026-08-12,Pinned source has no inference provider tool contract or external agent interface
VERIFY-072,cand-bluelens,code-linked-living-blueprints,Tests code hierarchy drift and reviewable diagram synchronization,included,2026-08-12,Blueprints link to CodeGraph and expose traversal drift suggestions diffs and portable source
VERIFY-072,cand-diagram-designer-jointjs,ai-jointjs-json-authority,Tests generation and manipulation of the same native graph users edit,included,2026-08-12,LangChain chains return JointJS JSON used by the canvas and import export protocol
VERIFY-072,cand-threatatlas,collaborative-threat-model-governance,Tests AI and MCP inside an approval and versioned security model,included,2026-08-12,DFD state threats mitigations versions approvals assistant routes and MCP tests coexist in source
VERIFY-072,cand-nuxt-ai-drawio,tool-mediated-native-drawio,Tests provider tools reading and mutating the embedded canvas,included,2026-08-12,Display edit and append tools operate on native diagram state with XML Mermaid and image handoffs
VERIFY-072,cand-uml-transcoder,vision-uml-code-roundtrip,Tests real inference structured intermediary editing and export,included,2026-08-12,Hugging Face vision and text calls convert UML or code through JSON into an editable graph and back
VERIFY-072,cand-romans-cool-diagram-software,provenance-versus-product-ai,Tests whether coding-agent authorship creates a runtime agent contract,excluded,2026-08-12,The application is a conventional JSON diagram editor despite its development provenance
VERIFY-072,cand-nanadraw,scientific-visual-assembly,Tests distinct draft image and structured assembly artifact routes,included,2026-08-12,Plan-to-XML and multi-step assembly feed an embedded draw.io canvas and editable vector or presentation exports
VERIFY-072,cand-dipeo,executable-agent-diagram,Tests visual agent organization as both authority and runtime,included,2026-08-12,Diagram models compile and execute while natural-language generation CLI GraphQL and MCP expose the workflow
VERIFY-072,cand-genai-drawio-creator,validated-chat-to-drawio,Tests chat operations history MCP and native XML authority,included,2026-08-12,Tool handlers validate and apply operations to draw.io state across web desktop and MCP surfaces
VERIFY-072,cand-turbo-ea,enterprise-architecture-digital-twin,Tests visual governance AI enrichment and safeguarded external writes,included,2026-08-12,Configurable metamodel Draw.io BPMN AI services and confirmation-aware MCP batches share the EA record
VERIFY-072,cand-sysvis-ai,model-mermaid-reactflow-loop,Tests hosted or local inference editable graph persistence and export,included,2026-08-12,AI returns Mermaid and metadata which parser and layout code materialize into persisted React Flow state
VERIFY-072,cand-intellidraw,collaborative-native-drawio-platform,Tests multi-provider generation Yjs spaces and restorable versions,included,2026-08-12,Chat routes and custom model configuration feed native diagrams under collaboration history and team permissions
VERIFY-072,cand-mermaid-studio-workers,mcp-versioned-mermaid,Tests external creation user isolation realtime state and recovery,included,2026-08-12,Seven tools operate on CodeMirror Mermaid documents backed by D1 Durable Objects and fifty versions
VERIFY-072,cand-werilog,hardware-source-visual-agent-loop,Tests circuit projection simulation and agent-generated executable source,included,2026-08-12,Verilog parses to interactive diagrams and Gemini tools analyze or regenerate source before simulation
VERIFY-072,cand-software-design-mermaid-mcp,human-agent-roundtrip-editor,Tests multi-round graphical edits returned to an external agent,included,2026-08-12,MCP opens React Flow and shared parser serialization returns human changes as Mermaid for another turn
VERIFY-072,cand-scylla-diagram-skill,clarified-database-architecture-handoff,Tests agent iteration and structured companion-editor delivery,included,2026-08-12,Skill asks domain questions previews Mermaid and emits diagram JSON with an explicit load workflow
VERIFY-072,cand-pybreeze,adjacent-ai-and-diagram-tools,Tests a real control edge between review AI and the diagram editor,excluded,2026-08-12,AI facilities review saved code while diagram facilities independently import Mermaid and save JSON
VERIFY-072,cand-claude-cowork-office,rich-office-visual-agent,Tests autonomous visual document creation preview editing and delivery,included,2026-08-12,Agent tools generate diagrams SVGs images reports and presentations then convert to Word PDF and LaTeX
VERIFY-072,cand-archiflow,ai-wam-generation-and-repair,Tests OpenAI output against validated persisted architecture state,included,2026-08-12,Generation image reconstruction repair explanation and cost analysis act on the WAM graph
VERIFY-072,cand-zukai,multi-surface-json-diagram-control,Tests in-app providers external MCP and direct edit on one format,included,2026-08-12,Claude OpenAI and MCP patch validated zu JSON with undo reload save and file authority
VERIFY-072,cand-cloudmap,versioned-aws-architecture-to-cdk,Tests architecture generation adjustment versions and code delivery,included,2026-08-12,Cohere-backed routes save React Flow architectures with rationale version history and generated CDK
VERIFY-072,cand-cloudmap-claudio2-2,same-product-repository-lineage,Tests independent identity between two maintainer repositories,duplicate,2026-08-12,Both repositories name CloudMap and implement the same React Flow Cohere CDK mechanism under one owner
VERIFY-072,cand-diagram-x,agent-generated-typed-canvas,Tests natural-language generation manual edits and autosave,included,2026-08-12,Groq-backed workspace receives typed nodes and edges that remain editable in React Flow
VERIFY-072,cand-flowgram-tools,ai-friendly-json-only,Tests first-class AI participation beyond an importable schema,excluded,2026-08-12,Documentation invites external JSON authors but source has no model agent bridge or live control interface
VERIFY-072,cand-kroneditor,approval-gated-plc-agent,Tests visual engineering edits compilation runtime evidence and deployment,included,2026-08-12,Agent diffs Ladder and Structured Text then LLVM compilation simulation telemetry and hot-swap close the loop
VERIFY-072,cand-cdc-data-quality-validator,one-off-hackathon-system,Tests an independent reusable Design product around the diagram,excluded,2026-08-12,Static Mermaid documents one bounded data validator and no agent mutates a visual authority
VERIFY-072,cand-visual-diagram-editor-rzabolotin,collaborative-chat-diagram,Tests natural-language graph mutation persistence and realtime sync,included,2026-08-12,Chat commands create or change nodes in the same database-backed graph broadcast over WebSockets
VERIFY-072,cand-agent-setup,diagram-producing-sdlc-agents,Tests visual artifacts inside durable role-based agent handoffs,included,2026-08-12,Documentation agent and Mermaid or Excalidraw skills write diagrams beside ticket context and audit logs
VERIFY-072,cand-medpaper-assistant,gated-medical-visual-authoring,Tests figures diagrams manuscripts and formatted delivery across MCP workflows,included,2026-08-12,Release-gated tools and skills coordinate Draw.io figures dashboards review hooks citations and Word export
VERIFY-073,cand-x-fluxagent,comfyui-code-node-authoring,Tests AI generation direct graph editing execution and code export,included,2026-08-12,Generated module code remains a ComfyUI node with dirty-state tracking execution and standalone Python export
VERIFY-073,cand-agentgo,local-agent-app-ide,Tests visual orchestration capability execution approval and recovery,included,2026-08-12,Eino-backed DAGs use checkpoints HITL risk middleware a capability bus SQLite memory and generated inner apps
VERIFY-073,cand-mimo-canvas,media-workflow-canvas,Tests user-editable generation topology execution and recovery,included,2026-08-12,Vue Flow nodes drive OpenAI-compatible image and video jobs with local projects settings and undo history
VERIFY-073,cand-figs,source-tracked-knowledge-schema,Tests ontology authority provenance AI exploration and query evidence,included,2026-08-12,Editable schema and source ingestion feed graph visualization GraphRAG and a Cypher playground while MCP remains roadmap-only
VERIFY-073,cand-open-agent-builder,typed-agent-graph-to-code,Tests executable control nodes versions approvals and materialization,included,2026-08-12,The graph includes loops conditions state transforms human approval MCP guardrails execution and code generation
VERIFY-073,cand-workshop-design-system,upstream-skill-repackaging,Tests whether a later Copilot library defines an independent product or team,duplicate,2026-08-12,Fourteen skills self-identify ClaudeKit and 202 of 282 files plus 89.5 percent of bytes exactly match the earlier upstream tree
VERIFY-073,cand-agentflow,langgraph-visual-runtime,Tests visual graph authority real execution tools memory and observability,included,2026-08-12,React Flow topology maps to LangGraph and Ollama execution with eight tools PostgreSQL Chroma conditions loops logs and Telegram
VERIFY-073,cand-zeronode,ai-knowledge-graph-canvas,Tests graph expansion semantic linking manual control persistence and delivery,included,2026-08-12,Groq mutates the graph Gemini embeds content and the browser preserves edit undo local restore URL sharing and PNG export
VERIFY-073,cand-myn8n,persisted-automation-runtime,Tests visual definition triggers model nodes execution and run history,included,2026-08-12,FastAPI executes the saved React Flow graph through schedules webhooks chat expressions Claude or OpenAI and SQLite history
VERIFY-073,cand-fluxus,tool-calling-canvas-mutation,Tests whether the model changes the authoritative visual workflow,included,2026-08-12,Vercel AI SDK tools add update remove and connect registered nodes in the user-editable React Flow graph
VERIFY-073,cand-vibe-automation,bilingual-build-and-run-agent,Tests structured AI graph changes backend execution and feedback,included,2026-08-12,VibeBot returns build or run actions for the current graph and the backend executes thirteen node types with polled logs
VERIFY-073,cand-vibe-automation-ngp,byte-identical-repository-lineage,Tests whether NGP Automation is another team or product,duplicate,2026-08-12,NGP and BORHOM repositories have identical tree f1d37be4e1489a624daf0aef70628eba2b2bdf61 and the BORHOM history is earlier
VERIFY-073,cand-story-blocks,ai-assisted-story-graph,Tests native story state AI suggestions playability and publishing,included,2026-08-12,Django persists stories nodes choices and game state while Groq copilots refine tone suggest branches and expand scenes
VERIFY-073,cand-webnode,graph-to-python-authority,Tests visual source generation AI mutation runtime and recovery,included,2026-08-12,graph.json produces main.py while the AI editor authors nodes markup CSS and logic and transcripts restore canvas state
VERIFY-073,cand-nlj-platform,governed-learning-graph,Tests authoring runtime analytics AI assistance and approval controls,included,2026-08-12,Typed learning nodes publish to an xAPI-aware runtime while Claude extraction and tags remain reviewable and overrideable
VERIFY-073,cand-agentic-signal,local-multipass-workflow-engine,Tests executable graph AI validation fallback and local ownership,included,2026-08-12,Ollama generation uses multi-pass voting JSON-schema correction deterministic fallback and a React GraphQL Deno Tauri stack
VERIFY-073,cand-calcstack,closed-multi-editor-platform,Tests whether first-party evidence establishes editable Design loops without source,included,2026-08-12,Official docs and live product expose diagram circuit AI workflow resume and mind-map editors but implementation remains closed
VERIFY-073,cand-pipelinex,configured-llm-node-without-runtime,Tests execution persistence and agent control beyond a canvas mockup,excluded,2026-08-12,Source validates a DAG and stores node configuration but contains no provider invocation workflow executor durable project or mutation interface
VERIFY-073,cand-marketagent,simulated-market-workflow,Tests actual AI and market execution behind the interface claims,excluded,2026-08-12,Core responses ingestion and pages rely on mock or simulated data so no real design loop is implemented
VERIFY-073,cand-axon-weavy-clone,declared-product-clone,Tests independent identity versus the named source product,excluded,2026-08-12,The repository calls itself a Weavy.ai clone and provides no separate product lineage while revealing the missing canonical Figma Weave
VERIFY-073,cand-ai-visual-programming,prompt-text-only-editor,Tests whether described visual state has an implementation,excluded,2026-08-12,Python wrappers return model text and the supposed node and state editors exist only inside the prompts sent to the model
VERIFY-073,cand-creator-suite,roadmap-ai-on-app-inventor,Tests implemented AI UI and block generation in the tracked source,excluded,2026-08-12,The large App Inventor base contains no AI control path and the claimed generation capabilities are unchecked roadmap items
VERIFY-073,cand-offinity-ai,non-runnable-published-tree,Tests whether the advertised builder can start from committed source,excluded,2026-08-12,main.py imports absent core modules and the repository lacks the visual web implementation it describes
VERIFY-073,cand-veflow,ai-copy-over-conventional-workflow,Tests model invocation or adaptive control in the real flow code,excluded,2026-08-12,The contracts and editor implement conventional workflows while AI appears in marketing copy and the UI falls back to mocked flows
VERIFY-074,cand-claudekit-marketing,upstream-design-skill-system,Tests executable creative workflows artifact authority and product boundary,included,2026-08-12,Claude Code skills coordinate Gemini and MiniMax generation HTML and SVG authoring token synchronization screenshots validation and filesystem delivery
VERIFY-074,cand-figma-weave,ai-native-media-workflow-platform,Tests separate product identity node authority iteration publishing and transition status,included,2026-08-12,Figma documents a standalone product where typed media nodes branch remix compare and publish versioned workflows or simplified tools during ongoing integration
VERIFY-075,cand-velocity,provider-native-workflow-command-center,Tests graph authority deployment materialization and evidence from actual sessions,included,2026-08-12,Source persists workflows inspects PTY sessions and deploys provider-specific commands or skills through explicit adapters
VERIFY-075,cand-workflowos,safety-framework-as-executable-design,Tests PSF graph simulation validation proposal review and evidence export,included,2026-08-12,Source separates AI proposals from accepted graph state and adds deterministic simulation drift checks compliance analysis and structured export
VERIFY-075,cand-opencanvas-ai,local-generative-media-graph,Tests executable model nodes durable workflow state and product identity,included,2026-08-12,Electron IPC workflow services and typed provider nodes persist and execute a local image and video graph
VERIFY-075,cand-openflow-ai-studio,agent-controllable-creative-graph,Tests typed execution validated agent mutation and retained review material,included,2026-08-12,Source traces topological media execution plus allowlisted openAgent operations through deterministic connection and approval validation
VERIFY-075,cand-wzrdflow,multi-authority-media-production,Tests graph execution storyboard timeline persistence and repository identity,included,2026-08-12,Source joins Fal-backed workflow nodes Supabase records storyboard assets and a separate video timeline under one product
VERIFY-075,cand-autogpt,versioned-visual-agent-platform,Tests conversational creation direct graph correction runtime versions and delivery,included,2026-08-12,Builder and AutoPilot share persisted graph state backed by versioned executions schedules triggers human review and marketplace publication
VERIFY-075,cand-tooljet,ai-over-established-low-code-platform,Tests editable app and workflow authority while respecting closed AI implementation,included,2026-08-12,First-party product and open foundation establish generated editable apps workflows agents and deployment but support only architecture-level AI claims
VERIFY-075,cand-langflow,component-graph-runtime,Tests canvas persistence executable graph extension and external delivery,included,2026-08-12,Source connects visual vertices and components to flow records runtime services playground API deployment and an in-product builder assistant
VERIFY-075,cand-inkeep-agents,bidirectional-visual-code-authority,Tests two-way SDK sync branching merge execution and evaluation,included,2026-08-12,Management UI SDK and CLI write a shared API model whose branches runs artifacts evaluations and traces remain linked
VERIFY-075,cand-firecrawl-open-agent-builder,typed-langgraph-builder,Tests real graph compilation persistence streaming sandbox tools and approvals,included,2026-08-12,Eight visual node types compile into LangGraph while Convex records executions and explicit approval nodes pause control flow
VERIFY-075,cand-rocketride,portable-pipeline-file,Tests source-controlled visual artifact runtime portability and observability,included,2026-08-12,A pipe JSON file moves between the VS Code canvas SDK and one C++ runtime across local and hosted targets
VERIFY-075,cand-dograh,voice-agent-workflow-authority,Tests graph editing provider resources turn replay MCP drafts and deployment boundary,included,2026-08-12,Source and docs preserve visual voice transitions test turns draft mutations and explicit telephony or channel deployment
VERIFY-075,cand-refly,workflow-to-versioned-skill,Tests durable skill compilation intervention publication and multiple delivery forms,included,2026-08-12,Canvas workflow services map plans into executable versioned packages with runtime state API MCP app and Claude Code delivery
VERIFY-075,cand-claraverse,private-multi-surface-workspace,Tests visual workflows crew review integrations artifact retention and ownership,included,2026-08-12,Source and product tree distinguish repeatable automation from multi-agent crews and retained images charts games or apps in a private workspace
VERIFY-075,cand-agents-ui,filesystem-backed-claude-orchestration,Tests real host-file authority visual relationships execution and monitoring,included,2026-08-12,The UI reads and writes Claude configuration files while adding relationship graphs workflow runs terminal access and SSE metrics
VERIFY-075,cand-chatdev-2,evolving-visual-multi-agent-runtime,Tests YAML and canvas parity real topology execution artifacts and lineage transition,included,2026-08-12,Source implements DAG cycle parallel dynamic and human executors over validated YAML while preserving ChatDev 1 as one legacy lineage
VERIFY-075,cand-open-gumloop,independent-inspired-workflow-product,Tests distinct identity graph persistence and real LangGraph execution,included,2026-08-12,The separate Composio repository implements its own compact JSON graph and tool-backed runtime while naming Gumloop only as inspiration
VERIFY-075,cand-archon-workflows,worktree-isolated-coding-dag,Tests YAML source visual builder execution gates artifacts resume and promotion,included,2026-08-12,Source traces graph nodes into isolated sessions and worktrees with event history validation gates artifacts and repository delivery
VERIFY-075,cand-astron-rpa,agent-integrated-enterprise-rpa,Tests deterministic action graph agent and MCP control debugging and delivery,included,2026-08-12,The visual designer and runtime expose a large activity catalog with logs variables breakpoints packages and bidirectional agent integration
VERIFY-075,cand-chatbotx,omnichannel-conversation-graph,Tests persisted agent flow provider and MCP tools runtime and channel delivery,included,2026-08-12,Source keeps typed conversational transitions editable while adapters execute the saved flow across channels
VERIFY-075,cand-smythos-studio,component-class-agent-builder,Tests visual classes executable runtime testing security and deployment,included,2026-08-12,Builder nodes map to concrete runtime component classes and the same agent record moves from test to configured delivery channels
VERIFY-075,cand-flock-agent-orchestrator,sandboxed-multi-agent-visual-harness,Tests graph versions execution history computer evidence breakpoints and takeover,included,2026-08-12,Source combines a persisted React Flow design with observable E2B or Daytona desktops schedules MCP and human takeover
VERIFY-075,cand-tesslate-agent-builder,tframex-visual-orchestration,Tests typed translator persistence execution triggers and portability,included,2026-08-12,Source maps graph nodes into TFrameX agents tools patterns and MCP resources with database runs triggers and JSON transfer
VERIFY-075,cand-fireworks-tech-graph,constraint-validated-diagram-skill,Tests diagram semantics editable source geometry validation and delivery,included,2026-08-12,The skill routes diagram families into distinct contracts then validates generated SVG before PNG GIF or HTML derivation
VERIFY-075,cand-automotive-skills-suite,standards-bound-artifact-chain,Tests heterogeneous schemas downstream file contracts reviewer pairing and visual evidence,included,2026-08-12,Builder and confirmation skills exchange structured engineering workbooks and derive domain-specific diagrams charts arguments and QA dashboards
VERIFY-075,cand-teable,data-grounded-ai-app-platform,Tests live relational authority creation sandbox workflow runtime deployment and evidence ceiling,included,2026-08-12,First-party architecture establishes isolated AI building and app containers over live data while the open core exposes only part of the full AI platform
VERIFY-075,cand-budibase,connected-app-automation-agent-platform,Tests distinct UI flow and agent artifacts plus executable connection and self-hosting,included,2026-08-12,Source exposes the application builder automation canvas agent configuration model routing runtime logs and deployment stack
VERIFY-075,cand-vercel-workflow-builder-template,graph-code-runtime-reference,Tests natural-language drafting direct editing TypeScript materialization durable execution and logs,included,2026-08-12,Source shares one workflow schema across React Flow generated code Workflow DevKit execution database records and provider plugins
VERIFY-075,cand-wrenai,governed-agentic-bi,Tests semantic authority validation charts dashboard delivery and agent interface,included,2026-08-12,MDL instructions memory dry planning and structured errors govern generated SQL before chart and dashboard deployment through skills MCP or CLI
VERIFY-075,cand-n8n-workflow-builder-mcp,external-agent-host-workflow-bridge,Tests typed mutation execution and correct host authority boundary,included,2026-08-12,MCP services manipulate n8n workflow JSON through its API while activation credentials runs and visual correction remain in n8n
VERIFY-075,cand-orca-ide,visual-grounding-and-candidate-promotion,Tests UI selection evidence isolated alternatives comparison annotation and merge,included,2026-08-12,Design Mode packages DOM CSS and screenshots for agents while worktrees snapshots and Git preserve explicit winner promotion
VERIFY-075,cand-tersa,browser-local-multimodal-graph,Tests executable typed nodes provider breadth and persistence ceiling,included,2026-08-12,Source runs connected text image and video operations through AI Gateway and saves canvas state locally without claiming collaborative history
VERIFY-075,cand-buzz-workspace,signed-human-agent-collaboration,Tests event authority agent identity workflows canvases Git review and implementation maturity,included,2026-08-12,Rust and Tauri source place signed messages workflow steps agent actions canvas events and Git records on one searchable log while flagging incomplete approval glue
VERIFY-075,cand-fluxorai,independent-inngest-workflow-platform,Tests real provider calls graph persistence execution history and copy relationship,included,2026-08-12,Source maps React Flow to Prisma then topologically dispatches encrypted-provider executors through Inngest and differs materially from the compared tutorial clone
VERIFY-075,cand-wzrd-flow-app,same-owner-product-snapshot,Tests independent product identity versus another WZRDFLOW repository,duplicate,2026-08-12,The same owner same product branding and substantially shared implementation resolve this later repository to canonical WZRDFLOW
VERIFY-075,cand-vibe-workflow-muuhdra,vibe-workflow-repository-copy,Tests independent identity against the known MuAPI product,duplicate,2026-08-12,README branding screenshots and product story self-identify as Vibe Workflow rather than another lineage
VERIFY-075,cand-vibe-workflow-drosales10,vibe-workflow-repository-copy,Tests independent identity against the known MuAPI product,duplicate,2026-08-12,The archived repository republishes Vibe Workflow branding and the same MuAPI story
VERIFY-075,cand-vibe-workflow-prateek,vibe-workflow-repository-copy,Tests independent identity against the known MuAPI product,duplicate,2026-08-12,The repository republishes the same product name purpose and architecture without a separate boundary
VERIFY-075,cand-vibe-workflow-rfpassos,vibe-workflow-repository-copy,Tests independent identity against the known MuAPI product,duplicate,2026-08-12,README product comparisons screenshots hosted link and setup resolve directly to Vibe Workflow
VERIFY-075,cand-vibe-workflow-irfan,vibe-workflow-repository-copy,Tests independent identity against the known MuAPI product,duplicate,2026-08-12,README branding architecture screenshots and MuAPI instructions reproduce Vibe Workflow
VERIFY-075,cand-evals-control-room,fixed-evaluation-demo,Tests live model evaluation candidate mutation and promotion execution,excluded,2026-08-12,The static demonstration uses synthetic hardcoded scenarios and applies predetermined v19 values without any evaluation runtime
VERIFY-075,cand-techtivai,declared-mock-ai-experience,Tests current provider workflow and agent implementation,excluded,2026-08-12,The project status explicitly marks all current AI interactions as mocks and real APIs as future work
VERIFY-075,cand-open-lease-audit,domain-pipeline-visualization,Tests whether the workflow canvas is an authorable Design artifact,excluded,2026-08-12,The real lease extraction pipeline renders its fixed processing stages but users author only a domain extraction schema
VERIFY-075,cand-n8n-clone-jkarlsss,declared-tutorial-clone,Tests stable independent identity beyond copied learning implementation,excluded,2026-08-12,The repository presents itself as an n8n clone tutorial and establishes no separate maintained product
VERIFY-075,cand-myrpgmakerpreplacement,non-generative-game-ai-editor,Tests whether AI means generative or agent control of the artifact,excluded,2026-08-12,The conventional RPG editor uses behavior-tree game AI and has no model or agent authoring path
VERIFY-075,cand-dockit,unrelated-database-agent,Tests durable Design artifact rather than natural-language data operations,excluded,2026-08-12,The database client performs query and CRUD work but creates no editable design or delivery artifact in scope
VERIFY-075,cand-frappe-builder,conventional-website-editor,Tests implemented generative or agent mutation over the visual artifact,excluded,2026-08-12,The inspected source is a real low-code website editor but exposes no AI-native authoring control path
VERIFY-075,cand-automation-workflow-azim,example-flow-without-product-boundary,Tests independent identity persistence AI execution and delivery,excluded,2026-08-12,React Flow examples do not establish a stable product or implemented AI-native runtime
VERIFY-076,cand-ledgyx,event-centered-low-code-platform,Tests artifact authority confirmation graph execution and production promotion,included,2026-08-12,First-party documentation connects entities events templates APIs agents and pipelines with confirmed AI creation and staged snapshots
VERIFY-076,cand-agent-canvas-randomvibecoder,model-code-to-editable-geometry,Tests real model materialization direct correction persistence and execution boundary,included,2026-08-12,FastAPI executes returned Matplotlib code then Fabric.js edits broadcast geometry stored only in process memory
VERIFY-076,cand-timecapsule-slm,research-to-creative-coding,Tests portable research artifacts provider execution editable code and runtime,included,2026-08-12,Source exports and restores research capsules while four provider modes generate validated p5.js code for direct editing and execution
VERIFY-076,cand-canvas-ai-page-context-generation,host-artifact-context-extraction,Tests whether the skill produces a durable Design-governance artifact,included,2026-08-12,Skill exports a Canvas page reads component and rendered evidence and emits reusable page guidelines for downstream agents
VERIFY-076,cand-agent-canvas-model-felix,claimed-canvas-versus-inspected-head,Tests whether repository HEAD implements its README product claim,excluded,2026-08-12,Decoded source is a fake security-check download interstitial to an unrelated Loader archive with no canvas code
VERIFY-076,cand-varbase-ai-figma,figma-to-live-component-resolution,Tests deterministic grounding agent mutation and correct Drupal authority,included,2026-08-12,Source inventories live components scores REUSE ADAPT CREATE choices and writes through Canvas entities and revisions
VERIFY-076,cand-agent-canvas-model-genusen,claimed-canvas-versus-inspected-head,Tests whether repository HEAD implements its README product claim,excluded,2026-08-12,Decoded source is a near-copy download interstitial to an unrelated Loader archive with no planning application
VERIFY-076,cand-drup-aid,governed-drupal-agent-distribution,Tests orchestrator roles mutation permissions draft behavior and artifact authority,included,2026-08-12,Configured agents restrict writes to explicit roles and preserve Drupal drafts revisions permissions and Canvas ownership
VERIFY-076,cand-ai-shortfilm-studio,versioned-multimodal-production-pipeline,Tests real providers artifact versions dependency invalidation assembly and review,included,2026-08-12,Source retains storyboard and media snapshots executes provider adapters builds final video with FFmpeg and creates regeneration tasks from review
VERIFY-076,cand-agent-workflow-studio-trehan,implementation-free-product-claim,Tests for inspectable source artifact schema model path and runtime,excluded,2026-08-12,The sole repository file is a one-line README claim
VERIFY-076,cand-kernexa,marketing-workflow-studio-mock,Tests graph mutation generation persistence and execution,excluded,2026-08-12,The displayed Workflow Studio is hard-coded showcase UI without a workflow model or runtime
VERIFY-076,cand-xyberpunk-workflow-builder,manual-non-ai-flow-editor,Tests implemented AI-native generation and executable workflow behavior,excluded,2026-08-12,React Flow and local storage are real but backend only validates manual graphs and calls no model or executor
VERIFY-076,cand-wafiq-ai-workflow-generator,catalog-grounded-airflow-materialization,Tests model grounding visual artifact generated code and execution,included,2026-08-12,Source retrieves a declared API catalog then saves workflow JSON generates Airflow Python and exposes a DAG trigger
VERIFY-076,cand-ai-game-launchpad,bounded-playable-game-generation,Tests arbitrary code avoidance direct correction versioning runtime and publication,included,2026-08-12,Validated game configuration selects registered Canvas or WebGL templates and supports editor changes snapshot restore and launch pages
VERIFY-076,cand-ai-workflow-studio-jquiroz,unrelated-document-study-workspace,Tests whether product authors a Design artifact rather than only generated study content,excluded,2026-08-12,The complete application performs document RAG summaries flashcards quizzes and chat without a design or workflow authority
VERIFY-076,cand-kedar-ai-workflow-studio,sqlite-versioned-deterministic-runner,Tests compiler validation immutable run version and current side-effect limits,included,2026-08-12,OpenRouter output passes Zod then a registered handler runner traces the pinned SQLite version with simulated actions
VERIFY-076,cand-erin-ai-workflow-studio,device-bound-bounded-workflow-runtime,Tests independence safety approval durable jobs and local executor constraints,included,2026-08-12,No exact files overlap Kedar and this product instead uses Supabase plus leased Electron jobs and registered spreadsheet operations
VERIFY-076,cand-genaiops-workflow-studio,preconfigured-host-workflow-bundle,Tests independent authoring product and editable Design correction loop,excluded,2026-08-12,The repository packages one importable n8n daemon and database governance substrate while n8n remains the unbundled authoring host
VERIFY-076,cand-workflowai-dresar,planning-canvas-to-agent-handoff,Tests retained planning artifacts coordination and executable delivery boundary,included,2026-08-12,Database-backed PRD canvases flowcharts schemas and tasks converge into JSON and Markdown for another coding agent
VERIFY-076,cand-wallbit-workflows,multi-repository-yaml-product,Tests Studio authorship registry immutability CLI execution and component identity,included,2026-08-12,Cursor skill Registry and CLI enforce one schema while semantic versions hashes and allowlisted handlers preserve delivery identity
VERIFY-076,cand-homebrain,physical-home-automation-graph,Tests bounded language normalization persisted graph runtime history and safety,included,2026-08-12,Workflow Studio and text creation converge on typed Mongo graphs synchronized to a guarded stateful device runtime
VERIFY-076,cand-comfyui-workflow-studio,comfyui-artifact-management-layer,Tests correct host authority AI augmentation experimentation and provenance,included,2026-08-12,Plugin stores and sends ComfyUI JSON assists prompts and metadata and embeds workflow or lab plans in generated PNGs
VERIFY-076,cand-smartmodeler,qgis-validated-geoprocessing-authority,Tests plan apply boundary immutable execution ledger undo and export,included,2026-08-12,Proposals are inert until explicit action and validated Processing graphs run from frozen snapshots with exact outputs and state-checked undo
VERIFY-076,cand-project-mira,importable-n8n-agent-workflow-bundle,Tests independent authoring runtime artifact correction and host ownership,excluded,2026-08-12,Repository supplies n8n JSON prompts data and evaluations for a project-management agent but the host owns all workflow editing and execution
VERIFY-077,cand-drupal-canvas,upstream-visual-host-and-ai-submodule,Tests direct visual authority revisions delivery and explicit agent tools,included,2026-08-12,Canvas stores component trees and Drupal revisions while its AI agents inspect place edit and verify through schema-bound host functions
VERIFY-077,cand-ai-figma,vardot-figma-context-module,Tests independent module boundary secret handling and actual rather than claimed materialization,included,2026-08-12,Source securely lists live Figma frames for agent context but correctly leaves page creation to Canvas and downstream packages
VERIFY-077,cand-drupal-canvas-plugin,cross-harness-canvas-agent-marketplace,Tests distinct product identity skill inventory phases and destination authority,included,2026-08-12,Marketplace source contains three plugins with 25 skills and 33 agents for component development and migration into Canvas
VERIFY-077,cand-canvas-ai-migrations,autonomous-recoverable-migration-system,Tests separation from plugin subset state recovery visual gates and control plane,included,2026-08-12,Current source adds nine-phase execution deterministic programs JSONL journals audits and optional dashboard-dispatched remote runs
VERIFY-077,cand-drupal-devkit,distribution-infrastructure-boundary,Tests whether installer itself owns a Design artifact definition,excluded,2026-08-12,DevKit detects harnesses registers marketplaces and installs plugins but delegates all Canvas design semantics to those sources
VERIFY-077,cand-wallbit-cli,same-product-runtime-component,Tests independent identity against Registry Studio and shared schema,duplicate,2026-08-12,CLI is the validator runner and registry client for the same Wallbit workflow product
VERIFY-077,cand-wallbit-workflow-builder-skill,same-product-authoring-component,Tests independent identity against Registry Studio and shared schema,duplicate,2026-08-12,Skill documents the same run IDs inputs and references that Studio generates and CLI validates
VERIFY-078,cand-panaversity-low-code-course,educational-aggregation,Tests product ownership and executable artifact authority,excluded,2026-08-12,Course material delegates authoring to external builders and SDKs
VERIFY-078,cand-adk-rust,framework-versus-studio-boundary,Tests whether the framework or extracted visual application owns the Design loop,excluded,2026-08-12,ADK Rust explicitly points visual authoring to the separate ADK Studio repository
VERIFY-078,cand-mock-devops-app,generated-output-boundary,Tests upstream authoring ownership against downstream generated application code,excluded,2026-08-12,Repository is output from an agent builder and has no builder surface of its own
VERIFY-078,cand-maf-agent-builder-canvas,visual-specification-versus-executor,Tests graph persistence topology execution sandbox and deployment claims,included,2026-08-12,Editable JSON and export are real but sandbox execution ignores edges and deployment paths are scaffolds
VERIFY-078,cand-leon-ai-agent-builder,fixed-runtime-projection,Tests whether editable edges determine execution or only visualize a fixed agent,included,2026-08-12,Backend always constructs one Gemini weather ReAct agent and streams events onto three fixed node types
VERIFY-078,cand-smythos-e2e,same-product-test-suite,Tests independent team artifact and runtime ownership against SmythOS Studio,duplicate,2026-08-12,Repository is a Playwright suite for the existing SmythOS Studio product
VERIFY-078,cand-aidemyst-agentstudio,compiled-workflow-platform,Tests node schema graph compilation nested execution persistence and operational records,included,2026-08-12,Source implements LangGraphEngine plus workflow versions deployments and execution logs beyond stale README caveats
VERIFY-078,cand-trinity-creative-canvas,creative-provider-graph,Tests asset authority provider dispatch provenance and human approval boundaries,included,2026-08-12,Graph mappings dispatch LLM and ComfyUI work while retaining local projects paths and job provenance
VERIFY-078,cand-arb2,downstream-agent-builder-consumer,Tests whether a configured runtime service owns visual authoring,excluded,2026-08-12,Prediction service consumes an OpenAI Agent Builder workflow identifier and does not implement the builder
VERIFY-078,cand-quill-ai,typed-artifact-promotion,Tests artifact contracts critique repair version history preview and export,included,2026-08-12,Typed page document React and Next bundles pass draft critique rewrite salvage readiness versioning and delivery paths
VERIFY-078,cand-brightark-chatbot,chatbot-administration-boundary,Tests editable Design artifact authority beyond ordinary bot configuration,excluded,2026-08-12,Administrative configuration does not materialize or execute an authorable Design graph
VERIFY-078,cand-devhammad-agentic-course,educational-fork-boundary,Tests independent maintenance product surface and artifact authority,excluded,2026-08-12,Forked course documentation only describes third-party authoring systems
VERIFY-078,cand-ibrahim-agentic-course,educational-repository,Tests independent maintenance product surface and artifact authority,excluded,2026-08-12,Learning materials do not implement their own Design product
VERIFY-078,cand-grantflow-ai,hosted-domain-workflow,Tests whether packaged automation owns editing and execution semantics,excluded,2026-08-12,UiPath remains the authoring and runtime host for the packaged grant process
VERIFY-078,cand-fracta-agent-builder,simulation-specification,Tests persistence executor reality and distinction between simulation and production runs,included,2026-08-12,Session-stored node graphs are real while topological node results are synthetic and backend agent persistence is unwired
VERIFY-078,cand-agentix,graph-to-agent-configuration,Tests graph persistence compilation runtime generality and publication,included,2026-08-12,Convex graph becomes Gemini-generated configuration but hosted execution is currently narrow and tool-specific
VERIFY-078,cand-agent-x,missing-public-implementation,Tests whether contracts and diagrams are backed by inspectable authoring source,excluded,2026-08-12,Public tree lacks the visual implementation claimed by architecture documents
VERIFY-078,cand-nodemind,explicit-graph-interpreter,Tests node and edge persistence branch compilation traversal and publication,included,2026-08-12,Runtime builds an edge map and traverses Start Gemini API and conditional nodes from the saved Convex graph
VERIFY-078,cand-forgelang,product-shell-wiring,Tests source and graph authority UI persistence compiler execution and evidence of real models,included,2026-08-12,Database APIs exist but builder controls are unwired and execution emits timed synthetic events rather than model work
VERIFY-078,cand-voiceblox,voice-graph-materialization,Tests serialization version restore local test worker and deployment reuse,included,2026-08-12,The same stripped graph config drives LiveKit runtimes with stored versions sessions and deployment history
VERIFY-078,cand-supplyguardian-ai,domain-dashboard-visualization,Tests whether displayed flow is authorable and runtime-bearing,excluded,2026-08-12,Supply process visualization is application presentation rather than a Design authority
VERIFY-078,cand-next-play-exec-demo,retrieval-application-boundary,Tests editable artifact creation behind visual orchestration wording,excluded,2026-08-12,Case retrieval and evidence views do not expose an authoring surface
VERIFY-078,cand-donkeywork-agents,capability-attachment-graph,Tests graph persistence provider execution tool MCP subagent and sandbox paths,included,2026-08-12,React Flow definitions persist with node configuration and execute through Orleans provider and tool pipelines
VERIFY-078,cand-opencode-flow,planning-graph-versus-agent-runtime,Tests graph mutation persistence and separation from OpenCode sessions and worktrees,included,2026-08-12,SQLite graph and worktree runtime exist but direct canvas edits are not fully wired back to persistence
VERIFY-078,cand-gemini-resume-builder,typed-candidate-promotion,Tests source resume authority agent handoffs explicit approval direct edits preview and PDF delivery,included,2026-08-12,Original and candidate resume JSON remain separate until Apply and the accepted state renders and exports
VERIFY-078,cand-soul-x,implementation-threshold,Tests executable artifact model editor and runtime against future-facing claims,excluded,2026-08-12,Repository does not implement the visual programming loop it describes
VERIFY-078,cand-voice-ai-workflow-builder,prompted-voice-specification,Tests graph persistence publication test execution and versioning claims,included,2026-08-12,Draft and published graph JSON are real but Realtime testing receives a textual graph description rather than executing edges
VERIFY-079,cand-adk-studio,shared-graph-runner-codegen,Tests extracted product identity project authority runner code generation triggers and deployment,included,2026-08-12,Project JSON drives the React canvas Rust SSE runner Rust generation build run and deploy paths
VERIFY-079,cand-openai-agent-builder,official-visual-workflow-product,Tests first-party canvas execution evaluation versioning and current lifecycle,included,2026-08-12,Official AgentKit documentation establishes the visual product and its announced 2026-11-30 shutdown
VERIFY-080,cand-autogpt-ollama-qwen-adithi-md,implementation-threshold,Tests whether the surfaced object owns an AI-participating editable Design authority or only points to hosts resources and tools,excluded,2026-08-12,A one-line title is the entire repository and establishes no implemented artifact editor agent loop or runtime
VERIFY-080,cand-ai-workflow-builder-alidina,ai-participation-boundary,Tests whether the surfaced object owns an AI-participating editable Design authority or only points to hosts resources and tools,excluded,2026-08-12,The browser assessment explicitly has no AI API and only scores manually entered process facts so AI does not participate in authoring
VERIFY-080,cand-customer-support-ai-agent-antqua,artifact-boundary,Tests whether the surfaced object owns an AI-participating editable Design authority or only points to hosts resources and tools,excluded,2026-08-12,The Streamlit order and RAG assistant is an operational chat application without a visual or interactive Design artifact authority
VERIFY-080,cand-cobol-to-python-avimallick,hosted-workflow-lineage,Tests whether the surfaced object owns an AI-participating editable Design authority or only points to hosts resources and tools,duplicate,2026-08-12,The repository ships one importable Langflow JSON workflow and instructs users to run Langflow rather than defining another builder product
VERIFY-080,cand-joint-clientio,generic-library-boundary,Tests whether the surfaced object owns an AI-participating editable Design authority or only points to hosts resources and tools,excluded,2026-08-12,JointJS is a general diagramming library and the source does not define an AI-participating ordinary-user authoring product
VERIFY-080,cand-ai-agent-workflow-builder-kit-dashon1,static-resource-boundary,Tests whether the surfaced object owns an AI-participating editable Design authority or only points to hosts resources and tools,excluded,2026-08-12,The repository is a static collection of Markdown and PDF planning templates and no agent operates an editable visual authority
VERIFY-080,cand-nestjs-skills-diya73,static-skill-boundary,Tests whether the surfaced object owns an AI-participating editable Design authority or only points to hosts resources and tools,excluded,2026-08-12,The NestJS skill collection guides code generation but does not own operate or render a Design artifact
VERIFY-080,cand-awesome-mistral-python-nyno-flowagi-eu,upstream-pointer-boundary,Tests whether the surfaced object owns an AI-participating editable Design authority or only points to hosts resources and tools,excluded,2026-08-12,The repository is an example and link collection that points users to Nyno but does not implement the visual builder itself
VERIFY-080,cand-ai-powered-workout-planner-agent-lookmohan,hosted-workflow-lineage,Tests whether the surfaced object owns an AI-participating editable Design authority or only points to hosts resources and tools,duplicate,2026-08-12,The repository publishes a domain workflow for import into Langflow and has no independent builder or artifact authority
VERIFY-080,cand-teradata-mcp-server-stc-manzoor-source,source-copy-lineage,Tests whether the surfaced object owns an AI-participating editable Design authority or only points to hosts resources and tools,duplicate,2026-08-12,Blob comparison shows an extensive copy of the official Teradata MCP server rather than a distinct product lineage
VERIFY-080,cand-a7-narimt,course-boundary,Tests whether the surfaced object owns an AI-participating editable Design authority or only points to hosts resources and tools,excluded,2026-08-12,The course assignment implements MCP and agent integration exercises but no ordinary-user Design workspace or editable authoring artifact
VERIFY-080,cand-skill-creator-v2-sergekostenchuk,nonvisual-tool-boundary,Tests whether the surfaced object owns an AI-participating editable Design authority or only points to hosts resources and tools,excluded,2026-08-12,The meta-skill packages and evaluates agent skills through CLI workflows without a visual or interactive Design artifact loop
VERIFY-080,cand-message-sending-agent-shresthapal2808,automation-boundary,Tests whether the surfaced object owns an AI-participating editable Design authority or only points to hosts resources and tools,excluded,2026-08-12,The source explicitly describes a code-triggered WhatsApp browser automator with no UI or Design artifact
VERIFY-080,cand-visual-agent-builder-merged-zip-sos233113-creator,opaque-archive-boundary,Tests whether the surfaced object owns an AI-participating editable Design authority or only points to hosts resources and tools,excluded,2026-08-12,The repository is only an opaque merged archive with no inspectable source tree or independently evidenced ordinary-user product boundary
VERIFY-080,cand-teradata-mcp-server-teradata,tool-server-boundary,Tests whether the surfaced object owns an AI-participating editable Design authority or only points to hosts resources and tools,excluded,2026-08-12,The official project exposes database tools over MCP and mentions visual builders only as clients so it owns no Design artifact
VERIFY-080,cand-ai-agent-map-weijt606,catalog-boundary,Tests whether the surfaced object owns an AI-participating editable Design authority or only points to hosts resources and tools,excluded,2026-08-12,AI Agent Map is a comparison and selection guide rather than an authoring product and no agent mutates its visual-first catalogue
VERIFY-081,cand-ai-workflow-builder-aiaugments-collab,renamed-upstream-source,Tests package tree schema executor deployment and visible identity against the declared product,duplicate,2026-08-12,Sim package names and implementation remain under a replacement README
VERIFY-081,cand-boncflow-854875058,renamed-upstream-source,Tests package tree release history documentation links and visible identity against the declared product,duplicate,2026-08-12,RAGFlow package and implementation remain under BoncFlow branding
VERIFY-081,cand-adk-visual-agent-builder-financial-agent-arjunprabhulal,host-generated-example,Tests whether generated configurations constitute an independent builder or a downstream artifact,duplicate,2026-08-12,Financial agent YAML was generated by and is reopened in Google ADK Web
VERIFY-081,cand-adk-lab-dfranco-projects,developer-learning-path,Tests whether ADK examples expose an independent ordinary-user Design authority,excluded,2026-08-12,ADK Lab is a progressive code example collection that invokes ADK Web as one runner
VERIFY-081,cand-google-adk-visual-agent-builder-tutorial-dyronrh,downstream-workflow-documentation,Tests whether the editorial workflow owns an editor or only names an optional host,excluded,2026-08-12,The role workflow is documentation and code configuration while ADK Web remains optional
VERIFY-081,cand-google-adk-visual-agent-builder-demo-thomas-chong,host-generated-example,Tests whether a demo defines a builder or exercises the official host,duplicate,2026-08-12,The repository explicitly demonstrates agent creation inside Google ADK Web
VERIFY-081,cand-adk-rust-extension-zavora-ai,component-versus-product,Tests extension ownership of graph persistence execution and product identity,duplicate,2026-08-12,The extension launches and controls ADK Studio as the product authority
VERIFY-081,cand-sim,collaborative-deployed-graph,Tests graph persistence direct execution deployment versions rollback and monitoring,included,2026-08-12,One persisted block graph crosses visual and conversational authoring execution triggers deployment and logs
VERIFY-081,cand-ragflow,agent-dsl-authority,Tests typed canvas persistence versioning templates and runtime traversal,included,2026-08-12,The stored canvas DSL is edited by React Flow and instantiated by the Python agent runtime
VERIFY-081,cand-google-adk-web,host-materialized-agent-hierarchy,Tests visual hierarchy assistant mutation YAML materialization and ADK execution boundary,included,2026-08-12,Visual and assistant edits converge on saved ADK YAML while the ADK server owns execution
VERIFY-081,cand-nyno,portable-workflow-roundtrip,Tests canvas-to-file reversibility file persistence and direct runtime consumption,included,2026-08-12,Node layout parameters and ordered links round-trip through Nyno YAML consumed by the runtime
VERIFY-082,cand-daily-app-20260311-agent-workflow-canvas-adiya-chandmani,same-owner-iteration,Tests whether two dated repositories constitute products or iterations of one named artifact,duplicate,2026-08-12,The March daily build is superseded by the same owner's April Agent Workflow Canvas
VERIFY-082,cand-aim3-alt-demo-vue-app-amasasia,same-ecosystem-demo,Tests identity owner and artifact boundary across the full AIM3 repository and Vue demo,duplicate,2026-08-12,The Vue repository is an alternate AIM3 demonstration under the same maintainer and product identity
VERIFY-082,cand-visual-agent-builder-amrsaeedbadway,same-owner-source-expansion,Tests the two uploaded Streamlit editor trees for independent identity and mechanism,duplicate,2026-08-12,The expanded double-hyphen repository supersedes the earlier nested upload
VERIFY-082,cand-mercury-trailer-asimov-cell,promotional-artifact-boundary,Tests whether a trailer repository implements the product it advertises,excluded,2026-08-12,Remotion source renders a manually authored trailer and only mentions the external builder
VERIFY-082,cand-vectorshift-ayushgupta2408,assessment-versus-product,Tests repository contents against the product name implied by search,excluded,2026-08-12,Only a DAG assessment explanation is present and no builder implementation exists
VERIFY-082,cand-voiceai-mvp-beejaylomo,code-configured-service-boundary,Tests ordinary-user agent authoring and editable Design authority,excluded,2026-08-12,The voice service is configured in code and exposes calls rather than an authoring workspace
VERIFY-082,cand-wadah-engine-devwadahai,implemented-runtime-versus-roadmap-ui,Tests current source against claimed visual builder surfaces,excluded,2026-08-12,OCI package runtime is implemented while the visual builder remains a UI specification
VERIFY-082,cand-planet-ai-full-stack-engineering-assignment-backend-dhanu81-dev,multi-repository-product,Tests whether frontend and backend own separate artifact authorities,duplicate,2026-08-12,Both repositories implement one Planet AI graph editor and executor
VERIFY-082,cand-astita-ai-framework12,marketing-site-boundary,Tests whether promoted builder capabilities exist in the inspected source,excluded,2026-08-12,The repository implements the Astita marketing site rather than its claimed platform
VERIFY-082,cand-flowkit-harshit-exe,workflow-library-boundary,Tests discovery deployment and authoring participation,excluded,2026-08-12,FlowKit curates n8n workflows but does not implement an AI-participating editor
VERIFY-082,cand-ai-workflow-builder-istiaque-hasan,source-copy-cluster,Tests exact blobs common paths and public repository chronology,duplicate,2026-08-12,Thirty-three exact blobs map this repository to the earlier public Rafiul implementation
VERIFY-082,cand-jaseci-studio-jaseci-labs,roadmap-versus-current-product,Tests current visual authoring implementation against product plans,excluded,2026-08-12,Jaseci Studio names its visual agent builder as planned work
VERIFY-082,cand-laptop-visual-agent-builder-lopescap,source-copy-cluster,Tests documentation identity common paths and exact source blobs,duplicate,2026-08-12,The source shares one Visual Agent Builder identity and forty-nine exact blobs with Reedrich
VERIFY-082,cand-workflow-builder-template-mastra-ai,template-redistribution,Tests copyright deployment contract shared source and artifact authority,duplicate,2026-08-12,Vercel copyright and shared code identify a redistribution of the counted template
VERIFY-082,cand-workflow-builder-connect-pipedreamhq,template-extension,Tests whether connector additions replace or extend the existing product authority,duplicate,2026-08-12,Pipedream Connect extends the Vercel template while the same graph and Workflow DevKit remain authoritative
VERIFY-082,cand-brokieai-shreyaspapi,source-copy-cluster,Tests product URLs repository chronology and exact blobs,duplicate,2026-08-12,The repository repeats the earlier public Magicred BrokieAI product and source
VERIFY-082,cand-agentviz-souravberaakaspeed,renamed-upstream-source,Tests monorepo structure assets node catalogue and exact source against Flowise,duplicate,2026-08-12,AgentViz preserves Flowise's product implementation under a new package label
VERIFY-082,cand-agent-mesh-sre-real-surajcsibm,conference-demo-lineage,Tests identical product story full-tree derivation and repository chronology,duplicate,2026-08-12,The later repository derives from the earlier Agent Mesh conference companion
VERIFY-082,cand-nora-thanhan92-f1,operations-versus-authoring,Tests whether agent infrastructure control constitutes an AI-participating Design loop,excluded,2026-08-12,Nora explicitly disclaims agent building and operates deployments instead
VERIFY-082,cand-flowise,canonical-agent-graph-platform,Tests editor package stored graph runtime builders prediction and delivery boundaries,included,2026-08-12,Flow JSON persists through ChatFlow while distinct builders execute chat and agent-flow generations
VERIFY-083,cand-flowforge-ai-0xdaniiel,simulation-only-agent-graph,Tests whether a graph prototype exposes a real ordinary-user loop without inflating its AI runtime claims,included,2026-08-12,An in-memory React Flow graph supports typed editing and deterministic branch simulation while source inspection establishes that no model runtime or persistence layer exists
VERIFY-083,cand-nextflow-aadithyanas,persisted-express-graph,Tests graph persistence structural validation typed execution and run inspection,included,2026-08-12,Authenticated MongoDB graph documents execute through a validator and typed node engine with templated dataflow and logs
VERIFY-083,cand-google-adk-nocode-abhishekkumar35,form-to-adk-source,Tests independent adapter identity form authority source materialization and host execution,included,2026-08-12,A structured browser form generates runnable Google ADK Python optional APIs clients and documentation into an inspectable agent directory
VERIFY-083,cand-iloveagents-aditthyass,registry-composed-agent-sequence,Tests catalogue versus workflow authority conditional execution ownership and trace persistence,included,2026-08-12,Supabase workflows reference an agent registry and a browser runner executes ordered and conditional provider calls with bounded local traces
VERIFY-083,cand-daily-app-20260415-agent-workflow-canvas-adiya-chandmani,agent-themed-manual-planner,Tests whether an AI workflow topic alone satisfies the participation boundary,excluded,2026-08-12,The interactive planner is a deterministic scoring and text-template tool with no AI or agent participating in creation execution or correction
VERIFY-083,cand-aispiritlab-agentic-aispiritlabs,visual-graph-over-event-runtime,Tests canvas compiler runtime sandbox code projection and recoverable workflow events,included,2026-08-12,A PixiJS-backed graph compiles into registered Python runtime objects with validation code generation and SQLite event checkpoints
VERIFY-083,cand-nextflow-ai-workflow-builder-ak-jaat-007,gemini-graph-with-run-records,Tests undo versus persistence graph execution and per-node run evidence,included,2026-08-12,React Flow edit history is committed into Prisma workflow records before Gemini execution with separate run and node-run evidence
VERIFY-083,cand-local-visual-agent-workflow-amiteshkch,local-folder-grounded-workflow,Tests browser folder trust local graph authoring executor dataflow and machine-local persistence,included,2026-08-12,A local folder-aware canvas coexists with a topological node executor and SQLite workflow credential and execution-log authority
VERIFY-083,cand-visual-agent-builder-double-hyphen-amrsaeedbadway,arabic-project-versioned-builder,Tests bilingual authoring normalized graph persistence recoverability and uneven runtime breadth,included,2026-08-12,Project-scoped SQLite nodes and edges support an Arabic Streamlit editor complete snapshot versions restoration and specialized agent tools
VERIFY-083,cand-ai-workflow-builder-anshiiijain,tenant-governed-step-authoring,Tests form-based authoring as an alternative to canvas geometry plus tenant and approval controls,included,2026-08-12,Organization-scoped relational steps triggers approvals RBAC quotas and run records define a governance-first interactive workflow authority
VERIFY-083,cand-flowgen-anubhav505,unimplemented-generation-claim,Tests source implementation against advertised prompt-to-workflow behavior,excluded,2026-08-12,The source implements only a manual in-memory React Flow canvas and contains none of the claimed command sheet or AI generation path
VERIFY-083,cand-agent-mesh-sre-aswinayyolath,conference-mesh-coordination,Tests design versus runtime separation portable mesh evidence and deployment-claim ceiling,included,2026-08-12,A localStorage Kafka agent-mesh graph exports portable JSON and coordinates a separate Kubernetes demonstration without pretending to be live cluster authority
VERIFY-083,cand-openagents-project-ayush-that,canvas-to-agent-package,Tests typed visual composition export promotion and downstream runtime boundary,included,2026-08-12,A visual typed agent draft promotes persona memory skills and runbook into a versioned portable source package rather than a hidden hosted record
VERIFY-083,cand-orchestral-ai-binaryshrey,project-plan-to-delivery-graph,Tests graph serialization candidate generation run status commit and delivery adapter truthfulness,included,2026-08-12,An editable agent and task graph persists local drafts and crosses explicit planning running commit GitHub and Streamlit adapter boundaries
VERIFY-083,cand-visual-agent-builder-brahim-abdelbeki,reactflow-to-langgraph,Tests direct graph execution source export and one-way promotion boundary,included,2026-08-12,A browser React Flow graph is materialized by FastAPI into a live LangGraph and exportable Python while durable graph reload remains absent
VERIFY-083,cand-agent-builder-brainfuel,native-macos-agent-ide,Tests native graph persistence schema-constrained orchestration provider execution and inspection,included,2026-08-12,A native SwiftData graph drives typed coordinator handoffs live provider and MCP calls execution traces and local Keychain-backed operation
VERIFY-084,cand-ai-workflow-builder-burhan086,prompt-to-executable-pipeline,Tests whether prompt output becomes a constrained visible artifact and drives non-simulated integrations,included,2026-08-12,Model-produced JSON is validated into a Graphviz pipeline whose steps invoke implemented GitHub Groq web and webhook handlers
VERIFY-084,cand-naaviq-web-chandradot99,split-repository-graph-runtime,Tests portable graph authority compiler linkage execution sessions and component identity across web and API,included,2026-08-12,The web graph reversibly transforms into the declared API model which GraphBuilder compiles to LangGraph with session and event debugging
VERIFY-084,cand-agentbuilder-chebaleomkar,form-led-team-authority,Tests non-canvas visual administration persistence and whether configured handoffs reach orchestration,included,2026-08-12,Forms persist agents roles and workflow handoffs in MongoDB and a real service executes the governed team definition
VERIFY-084,cand-no-code-ai-workflow-codexnever,appwrite-graph-executor,Tests shared graph persistence run records edge traversal and model-handler wiring,included,2026-08-12,React Flow nodes and edges persist with workflows and runs in Appwrite and the browser traverser invokes implemented OpenAI blocks
VERIFY-084,cand-system-prompt-codyadam,local-compute-graph,Tests durable local graph authority parent invalidation and execution-history ceiling,included,2026-08-12,Zustand persistence retains multiple workflows while compute evaluation propagates dirty state through parent links without a server or run ledger
VERIFY-084,cand-contextui-contextui-desktop,source-first-desktop-artifact,Tests whether source packages remain authoritative across visual rendering agent access and execution,included,2026-08-12,Electron renders trusted TSX and Python workflow files that MCP reads launches and automates without creating a competing hidden graph
VERIFY-084,cand-github-repository-vi-dafum,unwired-engine-boundary,Tests prompt graph mutation portability and whether the visible canvas actually reaches the included runtime engine,included,2026-08-12,Prompt and manual edits share exportable blueprint state but FlowEditor never updates the separately registered GraphEngine from the visible graph
VERIFY-084,cand-adk-playground-danroblewis,yaml-to-adk-runtime,Tests file authority structured editing generated extension code real host execution and inspectable events,included,2026-08-12,YAML agent state and generated tools callbacks feed a Google ADK run whose sandbox settings and event graph are exposed for correction
VERIFY-084,cand-floagenticai-dearzubi,durable-hatchet-graph,Tests encrypted persistence versions restoration durable orchestration and live event projection,included,2026-08-12,PostgreSQL retains encrypted XYFlow definitions and versions while Hatchet drives durable tasks surfaced through Redis and socket events
VERIFY-084,cand-openagent-deepflowai,non-canvas-agent-governance,Tests whether form-based configuration defines an operable artifact without misclassifying it as a node canvas,included,2026-08-12,Tenant-scoped engine JSON tools preprocessing rules and channels govern a substantial conversation tool-call and inspection runtime
VERIFY-084,cand-ai-workflow-demilade01,relational-topological-runtime,Tests whether saved blocks and connections drive execution and produce recoverable run evidence,included,2026-08-12,The execution route recursively satisfies stored dependencies invokes supported AI SDK blocks and records workflow and block outcomes
VERIFY-084,cand-planet-ai-full-stack-engineering-assignment-frontend-dhanu81-dev,fixed-graph-prototype,Tests visible topology against request serialization and backend traversal before assigning runtime depth,included,2026-08-12,The product runs a real model-configured three-stage pipeline but discards edited edges and the backend scans fixed node types rather than traversing the canvas
VERIFY-084,cand-polysynergy-dionsnoeijen,pinned-multirepository-platform,Tests superproject identity portal authority API publication runner materialization and component inflation risk,included,2026-08-12,Pinned repositories implement one blueprint from DOM editing through project services route publication and executable node connection traversal
VERIFY-084,cand-drag-and-swap-farrelljoswara,browser-wallet-live-runner,Tests wallet-scoped persistence current-editor precedence trigger subscriptions and downstream block execution,included,2026-08-12,Active runners rebuild from the current connected graph and execute registered trigger transform display and swap blocks while agents persist per wallet
VERIFY-084,cand-ai-workflow-builder-fuleinist,dag-to-source-execution,Tests validation source promotion process execution and durability limits,included,2026-08-12,A validated visual DAG generates inspectable Python or TypeScript and runs it in a temporary child process with only in-memory status retention
VERIFY-084,cand-giselle-giselles-ai,workspace-to-published-app,Tests typed graph authority concurrent-save safety generation state and authenticated external invocation,included,2026-08-12,Workspace nodes and connections survive queued persistence then underpin live generation records and rate-limited published-app tasks
VERIFY-084,cand-aios-harshchavan009,authoring-versus-demo-runtime,Tests portable canvas functionality against simulation deployment controls and adjacent backend integration,included,2026-08-12,Editing undo local save and JSON portability are implemented while timed status and deployment modals never submit the graph to the backend
VERIFY-084,cand-ai-workflow-builder-hessikz,static-portfolio-simulation,Tests whether an interactive-looking portfolio card exposes authoring AI participation persistence or execution,excluded,2026-08-12,Source contains a predefined graph a simple add-node action and static YAML with no implemented Design loop or runtime
VERIFY-084,cand-heym-heymrun,versioned-recoverable-workflow-platform,Tests optimistic editing immutable definitions registry execution failure recovery observability and delivery,included,2026-08-12,Revision-aware saves produce immutable workflow versions that a registered executor can recover trace and expose through portal API webhook schedule and MCP surfaces
VERIFY-084,cand-naaviq-api-chandradot99,same-product-component-lineage,Tests declared web-to-API dependency shared schema and whether either repository has independent product authority,duplicate,2026-08-12,Naaviq Web names this compiler and runtime API and both repositories operate one portable workflow identity
VERIFY-084,cand-polysynergy-router,same-product-component-lineage,Tests pinned superproject membership and independent artifact authority,duplicate,2026-08-12,The router is an infrastructure component pinned by the counted PolySynergy release assembly
VERIFY-084,cand-polysynergy-api-local,same-product-component-lineage,Tests pinned superproject membership and independent artifact authority,duplicate,2026-08-12,The local API persists and publishes the same PolySynergy project edited by the portal
VERIFY-084,cand-polysynergy-nodes,same-product-component-lineage,Tests pinned superproject membership and independent artifact authority,duplicate,2026-08-12,The node catalogue extends the counted PolySynergy blueprint and is not a standalone product
VERIFY-084,cand-polysynergy-node-runner,same-product-component-lineage,Tests pinned superproject membership and independent artifact authority,duplicate,2026-08-12,The runner materializes the counted PolySynergy graph and is pinned behind its shared product boundary
VERIFY-084,cand-polysynergy-nodes-agno,same-product-component-lineage,Tests pinned superproject membership and independent artifact authority,duplicate,2026-08-12,The Agno nodes extend the shared PolySynergy catalogue under the same release assembly
VERIFY-084,cand-polysynergy-nodes-dev,same-product-component-lineage,Tests pinned superproject membership and independent artifact authority,duplicate,2026-08-12,The development nodes are a pinned extension of the shared PolySynergy product
VERIFY-084,cand-polysynergy-portal,same-product-component-lineage,Tests pinned superproject membership and independent artifact authority,duplicate,2026-08-12,The portal is the editor surface for the same PolySynergy blueprint executed by sibling components
VERIFY-084,cand-polysynergy-section-field,same-product-component-lineage,Tests pinned superproject membership and independent artifact authority,duplicate,2026-08-12,The field package is reused inside the PolySynergy editor and has no independent user artifact
VERIFY-085,cand-aim-iam-amasasia,external-builder-dependency,Tests implemented product boundary against conceptual AI language and linked Google Opal workflow,excluded,2026-08-12,AIM3 implements P2P communication and Web3 minting while its AI is conceptual and the visual workflow authority belongs to external Opal
VERIFY-085,cand-crimetryx-ai-ar-droid,fixed-forensic-agent-coordination,Tests case authority fixed visual sequence model grounding persisted hypotheses and report delivery,included,2026-08-12,Case evidence grounds four Groq agents whose structured outputs become stored logs hypotheses and a forensic PDF while topology remains product-defined
VERIFY-085,cand-ai-workflow-builder-dmed05,static-workflow-template-boundary,Tests whether a Markdown contract framework owns an interactive agent-operated Design artifact,excluded,2026-08-12,Three-file instructions examples and preview material guide workflow work but do not implement an interactive creation correction or execution surface
VERIFY-085,cand-workshopbuddy-jamesbas,reviewed-transcript-to-solution-pack,Tests human commit boundary multi-agent dependencies artifact versioning regeneration and delivery,included,2026-08-12,Facilitators approve extracted evidence before eleven agents create versioned solution artifacts rendered to Markdown DOCX and PPTX
VERIFY-085,cand-taskstream-jason-jz-zhu,versioned-celery-graph,Tests graph persistence version snapshots topological queued execution provider calls and node logs,included,2026-08-12,Organization-scoped node-edge JSON is versioned and consumed by a Celery executor with real LLM adapters and per-node run evidence
VERIFY-085,cand-joysafeter-jd-opensource,security-graph-skill-platform,Tests graph dirty authority deployment and skill versions runtime compilation and reconnectable events,included,2026-08-12,Editable graphs and skill bundles persist into versioned deployments whose LangGraph runs expose ordered durable events over WebSocket
VERIFY-085,cand-quorve-dev-jedidiahdev,implemented-canvas-simulated-platform,Tests cross-tier graph schema against UI save deployment and backend execution behavior,included,2026-08-12,Canvas editing and a matching Rust JSONB contract are implemented but save and deploy are toasts and execution only creates a running record
VERIFY-085,cand-froglips-jeritano,native-local-workflow-runtime,Tests visual graph handlers embedded inference SQLite persistence scheduler approvals and run history,included,2026-08-12,Typed cards execute through the in-app agent loop and local mistralrs backend while validated graphs schedules and bounded results persist in SQLite
VERIFY-085,cand-ai-workflow-builder-kailash105,dag-validator-without-ai,Tests whether node labels and graph validation alone establish AI participation,excluded,2026-08-12,Manual nodes and connections only reach Kahn DAG validation and no model or agent creates executes corrects or governs the artifact
VERIFY-085,cand-agent-workflow-canvas-kevinastuhuaman,synthetic-agent-control-design,Tests whether deterministic scenarios establish a decision artifact without overstating runtime or authoring,included,2026-08-12,Fixed invoice scenarios let users inspect linked canvas and trace states and exercise approval rejection and scoped recovery with explicit synthetic limits
VERIFY-085,cand-ai-product-motion-studies-kevinastuhuaman,ai-themed-manual-motion,Tests whether depicting AI product states is sufficient when no agent participates in the artifact loop,excluded,2026-08-12,The motion contract and sequences are manually authored visual explanations with no AI mutation decision governance or runtime involvement
VERIFY-085,cand-human-in-the-loop-patterns-kevinastuhuaman,interactive-agent-policy-lab,Tests parameterized control selection state-bound approval undo recovery and audit semantics,included,2026-08-12,Four operating dimensions select an agent authority policy and the UI exercises invalidation accountable approval rejection undo and inspectable audit events
VERIFY-085,cand-agentic-ai-aws-krogstade,form-to-agent-source-promotion,Tests current UI against roadmap text visual-canvas authority CLI materialization and A2A operation,included,2026-08-12,Structured form state streams CLI creation into downloadable or repository source while the experimental node canvas remains disconnected from that boundary
VERIFY-085,cand-agentforge-lanekingkong,canvas-to-coding-agent-pipeline,Tests undoable role graph serialization backend orchestration durability and run-projection gaps,included,2026-08-12,React Flow dependencies become pipeline stages handled by project orchestration though projects are in memory and frontend execution status is not fully integrated
VERIFY-085,cand-ai-workflow-builder-likhithareddy1805,fixed-approval-demo,Tests editable authority real model participation and reusable workflow state behind an execution-looking UI,excluded,2026-08-12,A hard-coded five-stage page invokes fixed server logic and static LLM text with no workflow authoring inference or durable run model
VERIFY-086,cand-flowspect-lonkins,cross-builder-graph-governance,Tests exported visual-agent artifact authority normalized IR path-sensitive rules and actionable decision output,included,2026-08-12,Four builder formats become a common graph whose taint engine emits exact paths remediation and SARIF without claiming runtime execution
VERIFY-086,cand-middle-luckarkman,unwired-platform-skeleton,Tests advertised visual builder against implemented UI persistence controllers and runtime entry path,excluded,2026-08-12,Blazor imports a diagram library but implements no agent editor while Mongo controllers retain placeholders and the runtime only reads a local JSON file
VERIFY-086,cand-brokieai-magicred-1,visual-agent-to-eliza-deploy,Tests canvas submission character persistence agent creation operation invocation and graph durability,included,2026-08-12,React Flow nodes accompany the character definition into a Supabase and Eliza deployment path but edges and the graph are not retained
VERIFY-086,cand-abc-agent-builder-console-magpiefelt,governed-versioned-agent-graph,Tests canvas history saved authority layered execution dry-run and public-sector governance,included,2026-08-12,Version-aware Vue Flow data drives topological real-model function and tool stages with persisted results budgets retention and audits
VERIFY-086,cand-visual-agent-builder-mamta-vyas,deterministic-browser-simulation,Tests whether cycle validation and animated execution establish AI participation,excluded,2026-08-12,Manual browser-local graph state only reaches deterministic traversal and no model or agent participates in the artifact loop
VERIFY-086,cand-agentlab-manjotgg,advertised-unbuilt-agent-canvas,Tests README architecture against implemented canvas graph compiler and execution source,excluded,2026-08-12,The repository checklist marks the visual canvas and execution engine unfinished and the standalone chat route does not consume a graph
VERIFY-086,cand-bouw-martijnpalsma,static-orchestration-dashboard,Tests local agent registration fixed workflow animation and external execution calls,excluded,2026-08-12,Static HTML stores cards and exports a fixed recipe while execution changes timers counters and logs without calling any AI endpoint
VERIFY-086,cand-ghosted-megasupersoft,workspace-file-agent-workflow,Tests file authority graph compilation PTY context resolution and Pi handoff,included,2026-08-12,Durable canvas files topologically compile workspace evidence and terminal output into a Pi prompt with node status projected back into the editor
VERIFY-086,cand-melaya-melaya-labs,public-sdk-hosted-builder-contract,Tests official pipeline CRUD AI drafting approvals run observability and proprietary evidence ceiling,included,2026-08-12,First-party SDKs expose the complete pipeline lifecycle and scoped governance while the repository explicitly withholds visual and runtime implementation
VERIFY-086,cand-flowforge-py-mihirahuja1,mocked-llm-dag,Tests real model participation behind an otherwise executable Python and HTTP graph,excluded,2026-08-12,The backend and generated program return mock LLM responses with provider calls commented out so AI never participates in execution
VERIFY-086,cand-graph-ai-musashimiyomoto,pinned-version-async-graph,Tests immutable run semantics provider execution per-node persistence streaming and channel delivery,included,2026-08-12,Every run pins a workflow snapshot before ARQ dispatch and retains typed node results outputs costs and trigger provenance across real provider calls
VERIFY-086,cand-agentvisualiser-ndsweeney,manual-blueprint-exporter,Tests visual agent definition export against model or runtime participation,excluded,2026-08-12,The browser-only blueprint editor exports JSON and images but implements neither inference nor executable agent behavior
VERIFY-086,cand-ai-workflow-builder-nids12,fixed-document-gemini-graph,Tests model execution graph traversal import export and document authority,included,2026-08-12,Canvas state selects query and PDF inputs for a real Gemini call though server semantics are label-driven and ignore edge order
VERIFY-086,cand-forge-nihalashetty,schema-driven-agent-platform,Tests shared editor-validator-compiler authority AI-assisted creation versioning evaluation traces and delivery,included,2026-08-12,One schema catalogue drives React Flow forms validation and LangGraph execution while versions evals traces and delivery preserve the artifact lifecycle
VERIFY-086,cand-nodebase-ai-workflow-builder-nikhil-vs1811,persisted-inngest-model-graph,Tests transactional graph storage topological event execution credential resolution and run evidence,included,2026-08-12,Prisma nodes and connections feed an Inngest executor registry whose real model adapters publish status and persist final context or failure
VERIFY-087,cand-hustl3-nisargpatel7042lva,decentralized-blueprint-harness,Tests wallet-bound graph storage order handoff real compute execution and dependency preservation,included,2026-08-12,Blueprint nodes and edges receive a durable content ID and reach 0G compute delivery while the harness currently replaces every dependency set with an empty list
VERIFY-087,cand-airag-pdxdevapp,disconnected-mock-canvas,Tests whether the visible editor submits its graph to the separate real backend workflow API,excluded,2026-08-12,The wired React page sorts nodes and returns timed canned outputs while no frontend call reaches the backend execution endpoint
VERIFY-087,cand-sutradhar-ai-pheonix1005,pipeline-as-single-agent-context,Tests graph persistence topological interpretation real model participation and node dispatch semantics,included,2026-08-12,MongoDB retains nodes and connections whose order enters a Gemini system prompt but the product invokes only one active responder rather than each drawn agent
VERIFY-087,cand-prax-praxsync,partial-flowise-rebrand,Tests tracked implementation history source correspondence graph authority and independent runtime,duplicate,2026-08-12,The sole commit contains a sparse renamed subset of Flowise evaluation Docker and API support with residual Flowise protocol names and no editor source
VERIFY-087,cand-pyonair-ai-builder-pyonair-hub,declared-flowise-branded-fork,Tests independent source divergence product authority and maintained fork semantics,duplicate,2026-08-12,The repository declares Flowise as its base and 2298 of 2439 tracked blobs match the canonical current tree at the same paths
VERIFY-087,cand-voice-ai-agent-rachitt,versioned-voice-flow-runtime,Tests autosaved draft publication call pinning graph execution and live visual projection,included,2026-08-12,Validated AgentVersion graphs are published and pinned to calls whose websocket FlowExecutor emits active node events alongside the real STT LLM TTS loop
VERIFY-087,cand-ai-workflow-builder-rafiul1009,mock-graph-with-disabled-persistence,Tests model participation and whether implemented save authority is reachable from the product page,excluded,2026-08-12,All process nodes return deterministic mock strings and the MongoDB save and load component is commented out of the page
VERIFY-087,cand-lightlang-showcase-reasonmethis,session-sequential-prompt-program,Tests editable task authority real provider execution streaming and persistence ceiling,included,2026-08-12,Streamlit session tasks directly instantiate a LightLang SequentialWorkflow and stream OpenAI output though no workflow survives the session
VERIFY-087,cand-visual-agent-builder-reedrich12,agent-mutated-multi-target-system-graph,Tests MCP canvas mutation typed-edge runtime real providers export materialization and historical simulation paths,included,2026-08-12,Supervisor Architect and Builder agents can edit the same graph whose current socket path builds typed phases for Anthropic execution and four framework exports
VERIFY-087,cand-communityiq-renu-code123,mock-city-operations-dashboard,Tests visual workflow authority model calls telemetry sources and executable agent coordination,excluded,2026-08-12,Static mock records and timers drive the agent map automation builder and assistant replies without any AI endpoint or workflow runtime
VERIFY-087,cand-ai-workflow-builder-richasharma03,minimal-edge-to-gemini-loop,Tests whether graph connections affect a real model call and bounds claimed traversal durability and multi-step execution,included,2026-08-12,Each LLM node reads the text node on its first incoming edge and receives a Gemini result while chained output propagation and graph persistence are absent
VERIFY-087,cand-agent-ide-rizalbaubanar-glitch,marketing-page-and-runtime-skeleton,Tests advertised visual builder debugger deployment and actual model execution against tracked source,excluded,2026-08-12,The web surface is static marketing and the CLI runtime plus generated agent code contain explicit placeholder or TODO model calls
VERIFY-087,cand-ai-workflow-rmounithreddy,saved-supabase-gemini-graph,Tests graph CRUD credential boundary edge traversal knowledge retrieval model execution and conversation evidence,included,2026-08-12,The React Flow store persists complete workflow records that the backend reloads and follows through knowledge and Gemini nodes while retaining resulting chat history
VERIFY-087,cand-ai-workflow-builder-robertsbob,qt-port-graph-and-model-drafting,Tests visual port serialization typed runtime concurrency real provider nodes text generation and recovery,included,2026-08-12,NodeGraphQt pipes become typed dependencies for a concurrent LiteLLM-capable runner while model-generated JSON and local checkpoints preserve both creation paths
VERIFY-087,cand-flow-maker-run-llama,dual-projection-llamaindex-graph,Tests local visual authority interactive provider execution event compilation and standalone source materialization,included,2026-08-12,The same reachable-node event graph drives stepwise LLM and agent API calls and generates an executable LlamaIndex TypeScript workflow
VERIFY-088,cand-dev-resource-hub-saikirantechy,mixed-platform-workbench-simulation,Tests whether the advertised workflow workbench reaches any model agent or external execution authority,excluded,2026-08-12,The only run control calls a timed BFS simulation and no AI endpoint consumes the persisted React Flow graph
VERIFY-088,cand-ai-workflow-builder-sanket-hatti,ordered-multitenant-agent-workflow,Tests relational artifact authority real calls approval resume permissions and conditional semantics,included,2026-08-12,Saved ordered steps drive Groq HTTP persistence and approval handling while conditional results do not alter the execution sequence
VERIFY-088,cand-heliosgen-segfault42,media-generation-pipeline-canvas,Tests typed media handles provider execution asynchronous projection persistence and delivery,included,2026-08-12,One saved space graph resolves prompts images frames video and audio into real provider jobs whose outputs return to nodes and gallery storage
VERIFY-088,cand-multi-agent-knowledge-platform-serhiisotskyi,document-grounded-governed-agent-graph,Tests graph persistence retrieval model calls approvals evaluation trace and report delivery,included,2026-08-12,The persisted graph orders document retrieval and real Anthropic agents then retains citations actions evaluation events and DOCX output
VERIFY-088,cand-ai-workflow-builder-shagunsingh30,incomplete-unwired-react-flow-editor,Tests whether canvas state is saved or executed by the accompanying backend,excluded,2026-08-12,The React Flow graph is isolated local state and the backend exposes stack metadata CRUD without a model or workflow engine
VERIFY-088,cand-ai-agent-workflow-canvas-sharmaprashant9996,deterministic-mock-dag-canvas,Tests whether streamed node output reflects real search or model participation,excluded,2026-08-12,Topological traversal is real but search and LLM nodes emit canned strings and therefore do not establish an AI authoring or execution loop
VERIFY-088,cand-agentrag-v1-showjihyun,enterprise-agent-builder-with-global-dataflow,Tests persisted graph authority real provider dispatch agent orchestration and branch semantics,included,2026-08-12,Saved nodes and edges reach LangChain model and agent execution while global accumulated data and unconditional topological traversal bound graph fidelity
VERIFY-088,cand-zuma-sintra-platforms,static-preview-unimplemented-agent-platform,Tests whether the advertised visual builder is reachable and backed by an agent runtime,excluded,2026-08-12,The application lacks a create-agent route the API function is empty and only a standalone static preview implements canvas interactions
VERIFY-088,cand-ai-workflow-builder-snehachaursia,prompt-to-noop-n8n-materialization,Tests model-generated workflow identity visual projection external delivery and executable service semantics,included,2026-08-12,Groq output becomes a connected n8n workflow but every generated service action is a noOp placeholder annotated with the intended operation
VERIFY-088,cand-visual-agent-builder-studentfrederick,browser-native-claude-orchestration-canvas,Tests local graph authority model-generated authoring provider streaming and edge-defined tool delegation,included,2026-08-12,The localStorage canvas drives real Claude execution and converts orchestrator outgoing edges into callable agent and service tools
VERIFY-088,cand-ai-workflow-builder-subhammohanta,hardcoded-gemini-governance-pipeline,Tests persistence tenant control real model participation configurable prompts side effects and approval resume,included,2026-08-12,Hasura steps and approvals are durable and Gemini is real but a fixed outage prompt replaces saved input while HTTP notification and database effects are simulated
VERIFY-088,cand-aura-ai-workflow-builder-surabhi2408,litegraph-gemini-streaming-canvas,Tests serialized graph persistence slot-level execution model calls streamed projection and fallback disclosure,included,2026-08-12,The saved LiteGraph topology drives a websocket executor and real Gemini when configured while API and missing-key paths remain explicit mocks
VERIFY-088,cand-smart-canvas-suzam26,supabase-agent-canvas-with-partial-connectors,Tests source lineage saved graph execution real tools and fan-out fidelity,included,2026-08-12,Supabase graph JSON reaches real model and Composio calls but the runtime selects only the first outgoing edge and several advertised connectors return placeholders
VERIFY-088,cand-ai-workflow-builder-tanusha-19,deterministic-mermaid-text-parser,Tests whether AI contributes to the visible diagram artifact or its disconnected automation script,excluded,2026-08-12,Comma splitting and keyword rules create Mermaid while the separate script uses fixed intent checks and contains no model call
VERIFY-088,cand-ai-workflow-timwijma,database-backed-first-edge-vue-flow,Tests relational graph authority real API and LLM execution variable transfer branching and run evidence,included,2026-08-12,Vue Flow writes the same step and connection records read by LiteLLM and HTTP execution but only the first outgoing edge is followed
VERIFY-089,cand-cadens-tofulabai,documented-file-artifact-agent-withheld-source,Tests live product identity artifact rendering authority architecture detail and whether public application source is actually present,included,2026-08-12,The pinned design describes output files rendered as sandboxed HTML or React and production screenshots show the loop but the repository announces that complete source is still forthcoming
VERIFY-089,cand-ai-workflow-builder-toobahasnain,gemini-to-editable-plan-canvas,Tests real model participation graph projection manual correction persistence and execution authority,included,2026-08-12,Gemini returns six ordered steps that become editable React Flow nodes and edges while no save load or graph executor exists
VERIFY-089,cand-kgents-ugo5738,versioned-langflow-agent-platform,Tests independent identity external visual authority import version publication deployment and runtime fidelity,included,2026-08-12,Langflow JSON is stored as versioned agent configuration and packaged into deployable runtimes while conversation execution explicitly retains a simulated fallback
VERIFY-089,cand-ai-workflow-builder-unnatijais04,unreachable-real-model-graph,Tests whether a canvas with real provider code can actually traverse from user input to model and output nodes,excluded,2026-08-12,The graph executor calls only start nodes and recursively evaluates their dependencies rather than dependents so the visible workflow never reaches the LLM node
VERIFY-089,cand-ai-workflow-builder-upinder28,ordered-hasura-groq-approval-workflow,Tests durable artifact authority real calls branching approval resume tenant controls and run evidence,included,2026-08-12,Hasura steps drive Groq and HTTP execution with stored step runs conditional skipping and approval resume though the artifact is an ordered list rather than a free canvas
VERIFY-089,cand-ai-workflow-builder-vibhanshu-b4,dag-validator-with-future-ai-runtime,Tests whether the visual graph reaches persistence execution or any model provider,excluded,2026-08-12,Submission reports only node count edge count and DAG validity while the README places execution persistence and real AI integration in future work
VERIFY-089,cand-ai-workflow-builder-vidhi-gup28,fixed-simulated-governance-sequence,Tests whether dashboard run approval and subscription states are backed by an authored workflow and real AI calls,excluded,2026-08-12,The fixed five-step in-memory sequence assigns canned LLM and HTTP results and exposes no editable artifact or provider invocation
VERIFY-089,cand-mini-ai-workflow-builder-vinayakgalande01,real-graph-mock-model-runner,Tests branch traversal side effects and whether the advertised AI node ever reaches an AI provider,excluded,2026-08-12,The graph runner follows conditional handles and calls webhooks but AIService deliberately returns deterministic mock responses for every configuration
VERIFY-089,cand-ai-workflow-automation-vmk-004,persistent-ollama-faiss-visual-dag,Tests database graph authority validation topological execution real handlers and durable run projection,included,2026-08-12,Stored nodes and edges are topologically sorted then dispatched to Ollama HTTP FAISS and database handlers with workflow and per-node execution records
VERIFY-089,cand-n8n-ai-workflow-builder-w3jdev,prompt-to-n8n-json-materialization,Tests model-authored executable artifact parsing external creation review visibility and claimed execution,included,2026-08-12,OpenAI output is parsed as n8n workflow JSON and created through the n8n API but the product does not call an n8n execution endpoint
VERIFY-089,cand-agcluster-container-whiteboardmonk,yaml-governed-container-agent-workspace,Tests visual configuration authority persistence isolated runtime real agent events and artifact delivery,included,2026-08-12,The builder saves validated YAML that launches Claude Agent SDK containers whose tool timeline and files are previewed and downloadable from the web workspace
VERIFY-089,cand-agentforge-winka-alcel,form-governed-conversational-agent-platform,Tests independent identity durable agent specification real provider runtime tools and delivery surface,included,2026-08-12,Prisma persists prompt and model authority consumed by real OpenAI or Anthropic chat while declared AgentTool rows are not loaded or executed
VERIFY-089,cand-doodleagent-yifank,multimodal-iterative-drawing-canvas,Tests whether research code exposes a runnable ordinary-user loop with live visual correction and delivered artifacts,included,2026-08-12,Each iteration captures the p5 canvas sends it to a multimodal model executes returned brush coordinates and saves the image plus structured session history
VERIFY-089,cand-voiceagentbuilder-yumikoood,prompt-generated-realtime-voice-agents,Tests AI-authored agent configuration persistence real voice runtime integrations handoffs and export,included,2026-08-12,GPT-4o generates local agent specifications that become OpenAI Realtime agents with working Gmail Calendar or webhook tools while custom handoffs are discarded
VERIFY-089,cand-ai-workflow-builder-zhangniuone,mock-empty-graph-commercial-skeleton,Tests claimed persistence execution AI calls and whether the saved graph reaches the backend engine,excluded,2026-08-12,Execution replaces the saved workflow with an empty sample graph and the LLM handler returns a delayed mock response
VERIFY-090,cand-ai-ui-builder-eptura,typed-prompt-to-component-renderer,Tests real provider use artifact authority fallback disclosure and persistence depth,included,2026-08-12,Strict OpenRouter output validates into a component union mounted by React while the UI separately labels deterministic fallback results
VERIFY-090,cand-blueprint-ashutoshx7,claimed-ui-builder-with-sparse-source,Tests whether the marketed AI editor exists in the pinned implementation,excluded,2026-08-12,The tree implements only a landing page database setup and empty router while generation and editing paths are absent
VERIFY-090,cand-ai-ui-builder-beingshappy,prompt-to-file-bundle-preview,Tests provider generation runtime projection and delivered artifact authority,included,2026-08-12,GPT-4 produces an HTML CSS and JavaScript bundle consumed by source panes sandbox preview and file download
VERIFY-090,cand-composeflow,native-mobile-app-project-graph,Tests editable planning AI mutation YAML authority visual editing and source materialization,included,2026-08-12,Users edit AI-derived screen plans before tools mutate a locally persisted YAML project graph that emits Compose source
VERIFY-090,cand-frappe-studio,agent-mutated-native-page-builder,Tests whether the assistant reaches the actual Frappe page graph and durable save path,included,2026-08-12,Server working-tree validation and client tool dispatch mutate native canvas blocks before savePage persists the Studio document
VERIFY-090,cand-grills,chat-versioned-generative-ui-sandbox,Tests real providers code artifact persistence and preview execution boundary,included,2026-08-12,Provider streams create structured file objects saved in chat messages and written to E2B for iframe preview
VERIFY-090,cand-open-laudable,renamed-upstream-source-copy,Tests independent product identity against package and implementation provenance,duplicate,2026-08-12,Package authorship and Dyad engine names remain from the matching upstream Dyad application despite relabeling
VERIFY-090,cand-app-build-agent,generic-application-coding-agent-edge,Tests whether the application generator exposes an ordinary-user Design-specific visual correction loop,excluded,2026-08-12,The discontinued service leaves CLI and MCP coding agents with generated applications but no current visual Design workspace
VERIFY-090,cand-ai-ui-builder-sharadpatil,iterative-react-source-preview,Tests real model mutation code authority durable versions rollback and preview,included,2026-08-12,Gemini plans generates and modifies current React source while JSON-backed sessions retain generated versions and rollback states
VERIFY-090,cand-ai-ui-builder-mihir2452005,planned-product-with-auth-only-source,Tests current implementation rather than roadmap claims,excluded,2026-08-12,The repository reports authentication as the only completed phase and marks prompt engine canvas preview components and export as planned
VERIFY-090,cand-ai-ui-builder-mohitharshan,deterministic-component-workspace-edge,Tests whether AI or an agent participates in the visual artifact loop,excluded,2026-08-12,Source contains a component scanner and deterministic visual assembly but no provider model call or agent mutation path
VERIFY-090,cand-dyad,upstream-local-ai-app-builder,Tests canonical identity local source authority preview correction persistence versions and delivery,included,2026-08-12,Model tools mutate local app files while Git SQLite preview visual editing and version restoration coordinate the durable workflow
VERIFY-091,cand-mobirise,established-builder-ai-loop,Tests whether current first-party evidence connects AI generation editable site state refinement and delivery,included,2026-08-12,Official builder and release evidence establish prompt and image generation conversational and direct editing publication project continuity and complete source export
VERIFY-091,cand-ai-website-builder-ratna,persistent-react-file-map,Tests model-backed mutation artifact authority reopening preview and export,included,2026-08-12,Gemini JSON becomes a Convex-persisted path-keyed file map projected and editable in Sandpack with ZIP delivery
VERIFY-091,cand-playcode,managed-code-and-runtime-project,Tests current identity visual correction source access persistence rollback and publication,included,2026-08-12,First-party contracts join AI chat visual and source editing publishing full export snapshots Git history and coordinated code-file-database rewind
VERIFY-091,cand-ai-website-builder-builtbyv,portable-agent-workflow-boundary,Tests whether a skill and scaffold constitute an executable Design loop rather than a prompt collection,included,2026-08-12,The skill owns bounded source mutation browser verification placeholder audits Git recovery and guarded multi-provider publication around a concrete site artifact
VERIFY-091,cand-codey,sandbox-file-snapshot-workspace,Tests implemented model tools executable preview durable project state and iteration,included,2026-08-12,An agent network writes E2B files and stores each resulting file snapshot and iframe endpoint on a persistent project conversation
VERIFY-091,cand-deepsite-locally,declared-upstream-fork,Tests independent identity against explicit source lineage,duplicate,2026-08-12,The README names enzostvs DeepSite as the original and the retained implementation is a local-hosting derivative of that product
VERIFY-091,cand-autonomous-ai-website-builder-gochapachi,inaccessible-discovery-claim,Tests whether indexed evidence remains sufficient to establish the product and artifact loop,excluded,2026-08-12,The repository returned not found during verification and no surviving first-party evidence establishes its claimed executable workflow
VERIFY-091,cand-cofounder,semantic-project-state-pipeline,Tests product architecture visual intermediate authority versioned source materialization and runnable delivery,included,2026-08-12,Implemented operations carry product documents UX maps SVG layouts backend contracts and versioned React views into a local full-stack application
VERIFY-091,cand-copilotkit-generative-ui-guide,documentation-only-boundary,Tests independently runnable ordinary-user surface rather than conceptual resources,excluded,2026-08-12,The repository contains only a README PDF and images and directs implementation users to the already counted Open Generative UI project
VERIFY-091,cand-flutter-genui,developer-sdk-boundary,Tests independently surfaced ordinary-user Design authority rather than embeddable infrastructure,excluded,2026-08-12,The project is an experimental Flutter SDK and example suite that application developers integrate into other products
VERIFY-091,cand-prompt2ui-sully,session-react-artifact-studio,Tests actual model output direct source correction visual projection and persistence limits,included,2026-08-12,Claude artifact tags promote React source into an editable Babel-evaluated preview while source inspection confirms the authority is session-only
VERIFY-091,cand-prompt-to-ui-sanyam,native-ui-graph-canvas,Tests typed artifact authority focused generation direct edit variants persistence versions and export,included,2026-08-12,UISchema owns screens and variants inside a persistent spatial project with node mutation snapshots prototype links and static materialization
VERIFY-091,cand-prompt-to-ui-agent-kdcodes,claimed-agent-stub,Tests implemented generator beyond naming and landing copy,excluded,2026-08-12,The entire visible application is a static welcome paragraph with no input model call artifact state preview or delivery
VERIFY-091,cand-prompt-to-ui-pranav,deterministic-component-matcher,Tests whether AI or an agent participates in the conversion loop,excluded,2026-08-12,Keyword pattern matching selects fixed React components and the repository explicitly describes that deterministic mechanism
VERIFY-091,cand-prompt-tokenizer-ui,semantic-name-collision,Tests whether UI refers to Design authoring rather than the product frontend,excluded,2026-08-12,The application analyzes tokens context windows and costs and never creates or edits a visual or interactive artifact
VERIFY-091,cand-prompt-to-ui-rahul,disconnected-model-and-preview,Tests whether model output actually owns the displayed code or UI,excluded,2026-08-12,A generic OpenAI chat stream is disconnected from the hard-coded sample component and screenshot shown in the code and UI panes
VERIFY-091,cand-prompt-together-ui,generic-prompt-collaboration,Tests Design artifact authority rather than coordination around text prompts,excluded,2026-08-12,The proof of concept uses Gemini in a group-chat prompt-writing workflow with no visual artifact generation or editing surface
VERIFY-091,cand-prompt-ui-ayesha-mahek,minimal-html-preview-loop,Tests implemented model call executable projection and delivery despite absent persistence,included,2026-08-12,OpenAI output is returned as one HTML string displayed as code rendered in iframe srcdoc and copyable for handoff
VERIFY-091,cand-prism-prompt-to-ui,structured-cinematic-scene-authoring,Tests nested source despite an empty root README and follows IR correction preview governance and export,included,2026-08-12,Specialist agents produce validated Scene IR that supports scene-identity regeneration deterministic compilation performance budgeting and ZIP source delivery
VERIFY-091,cand-buildzy,advertised-loop-versus-stubs,Tests current implementation rather than README roadmap claims,excluded,2026-08-12,Prompt handling model integration history generated routes and tests remain pass statements TODOs placeholders or canned responses
VERIFY-091,cand-deepsite,canonical-space-source-authority,Tests upstream identity file mutation live editing publication and commit recovery,included,2026-08-12,The canonical Space streams model updates into project files and Sandpack then publishes them to user Spaces whose commits support historical preview and main restoration
VERIFY-092,cand-convertix-ai,structured-template-project,Tests model population native section authority persistence publishing versions and export,included,2026-08-12,AI-generated template data remains editable through structured mutators autosave projects publish snapshots public rendering and export
VERIFY-092,cand-landingforge,patchable-html-artifact,Tests model-backed mutation selected-element targeting history preview and portable delivery,included,2026-08-12,Provider streams and bounded patches revise the current HTML while element controls history preview and HTML or ZIP export share that authority
VERIFY-092,cand-alwaysblue,persistent-django-site-generation,Tests model reasoning retrieval stored HTML editing preview and subdomain delivery,included,2026-08-12,Django records prompt and HTML generations around model reasoning component retrieval visual assets preview editor and site delivery
VERIFY-092,cand-ai-landing-page-studio,immutable-versioned-page-domain,Tests AI provider page authority draft publish separation assets domains and public rendering,included,2026-08-12,OpenAI output enters a tenant-scoped page domain whose immutable versions and explicit publish operation feed the public renderer
VERIFY-092,cand-ai-landing-page-builder-ali-tamer,staged-file-generation-workspace,Tests whether the product goes beyond a marketing template to an implemented artifact loop,included,2026-08-12,The playground interviews plans diagrams and streams Gemini file blocks into the current editable preview project
VERIFY-092,cand-pagepilot,typed-content-graph-export,Tests real model mutation responsive projection and delivery despite limited editing and persistence,included,2026-08-12,OpenRouter fills a validated content graph which the React preview renders and the browser materializes as standalone HTML
VERIFY-092,cand-openkombai,local-screenshot-code-translation,Tests actual vision and coding model path editable source and visual evidence,included,2026-08-12,Ollama vision describes the uploaded UI and a second local model creates React source exposed in Monaco beside the reference
VERIFY-092,cand-getui-ai,minimal-local-history-preview,Tests implemented generation artifact authority reopening and live projection,included,2026-08-12,Groq output is saved in browser chat history and the same source is rendered with iframe srcdoc
VERIFY-092,cand-ai-module-generator-sawan,repository-grounded-human-gate,Tests uploaded context plan coverage approval generation versions preview and delivery,included,2026-08-12,LangGraph ingests repository design-system and API evidence pauses for approve revise or reject then versions and delivers the generated module artifact
VERIFY-092,cand-ai-frontend-generator-653391740,roadmap-only-multi-agent-claim,Tests current source rather than architecture claims,excluded,2026-08-12,Only a README exists and it marks orchestration and MiMo integration as future work
VERIFY-092,cand-ai-frontend-generator-arijeet,typed-blueprint-pipeline,Tests real model calls intermediate authority grounding code projection and validation limits,included,2026-08-12,Claude emits intent blueprint and source around a component registry while the UI exposes each stage and a live component projection
VERIFY-092,cand-ai-frontend-generator-marcelorl,agent-filesystem-materialization,Tests orchestrator refinement file creation and runnable projection,included,2026-08-12,The agent loop refines subtask outputs into named files under a results project and serves the result through Nginx into Streamlit
VERIFY-092,cand-ai-frontend-generator-metamil,editable-three-file-runtime,Tests model output connection direct correction and preview,included,2026-08-12,Gemini JSON populates HTML CSS and JavaScript editors whose input events continuously refresh the iframe
VERIFY-092,cand-ai-component-builder-aditya,persisted-component-source,Tests iterative model context direct editing versions project reopening and live projection,included,2026-08-12,Azure OpenAI rewrites current code while PostgreSQL retains components chats and versions and direct code updates return to the preview authority
VERIFY-092,cand-ai-frontend-generator-amit,local-model-split-source,Tests actual model inference editable code visual projection and handoff,included,2026-08-12,CodeGen output is parsed into three editable source panes rendered together and written into a generated directory on request
VERIFY-092,cand-gnr8,multi-agent-site-delivery,Tests initial generation feedback refinement source access preview export and publication,included,2026-08-12,CrewAI creates and revises current website code which users inspect as files preview download as ZIP or publish through GitHub Pages
VERIFY-092,cand-webcraft,persistent-version-and-visual-editor,Tests model output chat versions GrapesJS correction save and download,included,2026-08-12,Anthropic or Gemini artifacts persist per chat version and GrapesJS saves direct changes back to the selected HTML and CSS state
VERIFY-092,cand-hexcode,managed-community-project,Tests multi-file generation durable project source preview conversations and reuse,included,2026-08-12,Claude fills React or plain-web artifacts inside a Mongo-backed project with chat history Sandpack rendering and explicit project copying
VERIFY-092,cand-curate,real-project-filesystem-builder,Tests model file mutation refinement histories preview recovery and download,included,2026-08-12,Anthropic writes and updates Vite files while the builder exposes source preview generation history restoration and download routes
VERIFY-092,cand-text-to-website-rahul,historical-hackathon-generator,Tests runnable ordinary-user surface model use and artifact output at the pinned cutoff,included,2026-08-12,GPT-4 and LangChain back the Streamlit prompt-to-site tool and complete representative HTML outputs remain in source
VERIFY-092,cand-genweb-dhruv,persistent-generated-project,Tests implemented model file generation project state preview and follow-up mutation,included,2026-08-12,Generated file maps persist behind project controllers and the active builder projects and updates that workspace
VERIFY-092,cand-webgalaxy,retrieval-grounded-html-generation,Tests independent team identity model path template grounding artifact storage and projection,included,2026-08-12,A fine-tuned model receives retrieved templates and prompt context and returns HTML stored and displayed as the team product artifact
VERIFY-092,cand-webgalaxy-gsaanchi,shared-commit-product-lineage,Tests independent identity against exact commit ancestry and team source,duplicate,2026-08-12,The personal repository contains the canonical team history and implementation plus a later maintainer commit rather than a separate product
VERIFY-092,cand-webagent-ragul,local-react-filesystem-authority,Tests text and image generation file mutation correction dev preview and project operations,included,2026-08-12,Model streams become actual Vite React files that can be read and rewritten through project endpoints and rendered by Vite or Sandpack
VERIFY-092,cand-frame-bucket,taxonomy-recipe-artifact-archive,Tests human-curated constraints explicit choice generated authority iteration persistence sites and source access,included,2026-08-12,Users approve a taxonomy recipe before Anthropic generates archived HTML whose source revisions contracts page links and share state remain recoverable
VERIFY-092,cand-ai-tools-directory-ilovefree,directory-boundary,Tests independently runnable Design surface rather than a list,excluded,2026-08-12,The repository enumerates third-party AI tools and owns no visual artifact authority
VERIFY-092,cand-awesome-lowcode-antdimot,curated-list-boundary,Tests product identity and executable user loop,excluded,2026-08-12,Awesome Lowcode is a resource list without its own model-mediated artifact workflow
VERIFY-092,cand-audio-recorder-transcriber-superogira,semantic-search-noise,Tests visual or interactive Design artifact participation,excluded,2026-08-12,The product records and transcribes audio and is unrelated to Design authoring
VERIFY-093,cand-redesignr-ai,capture-generate-edit-export,Tests independent product identity input alternatives direct and language editing plus artifact delivery,included,2026-08-12,First-party pages establish URL or screenshot capture three generated directions natural-language and click editing saved projects and React Tailwind export
VERIFY-093,cand-portfolio-ai-designtocode-steve,notebook-demo-boundary,Tests independently surfaced ordinary-user product instead of technical experiments,excluded,2026-08-12,The pinned repository is a set of OCR and wireframe notebooks without a maintained end-user workspace
VERIFY-093,cand-lanhu-to-code,design-grounded-source-mutation,Tests source artifact identity target repository grounding approval gate and write path,included,2026-08-12,The orchestrating skill requires a Lanhu design discovers project conventions obtains CSS comparison approval and delegates formatted source mutation
VERIFY-093,cand-ai-design-to-code-matthew,third-party-output-comparison,Tests ownership of an executable product loop,excluded,2026-08-12,Static Kajoo and Locofy outputs are evaluation material and the repository implements no independent authoring surface
VERIFY-093,cand-ultimate-agent-directory,directory-boundary,Tests executable Design artifact authority,excluded,2026-08-12,The repository catalogs other agents and owns no artifact workflow
VERIFY-093,cand-awesome-ai-coding-tools-tomrzv,curated-list-boundary,Tests independently runnable user loop,excluded,2026-08-12,The matched result is a resource list
VERIFY-093,cand-storybook-assistant,component-story-screenshot-loop,Tests intent-to-component generation and visual evidence returning to source,included,2026-08-12,Agents generate component story test and accessibility files while visual-regression skills interpret rendered screenshots with Git and token context
VERIFY-093,cand-ai-coding-tools-directory-abm,directory-boundary,Tests artifact authority beyond catalog UI,excluded,2026-08-12,The application catalogs coding tools but does not author Design artifacts
VERIFY-093,cand-profile-tarunsuresh,profile-noise,Tests product identity,excluded,2026-08-12,The matched repository is a user profile
VERIFY-093,cand-profile-levisdrum,profile-noise,Tests product identity,excluded,2026-08-12,The matched repository is a user profile
VERIFY-093,cand-ai-webpage-generator-achua,live-html-correction-loop,Tests generation visual projection direct edit model refinement and delivery,included,2026-08-12,One current HTML value drives responsive iframe preview textarea edits AI rewrites copy and file download
VERIFY-093,cand-gpt4-landing-page-creator-renzo,stored-page-code-preview-loop,Tests model generation stored authority code correction preview and delivery,included,2026-08-12,The PHP workflow stores generated page files and exposes the same artifact through CodeMirror iframe refresh and download
VERIFY-093,cand-ai-webpage-generator-heet,claim-only-boundary,Tests accessible product or source implementation,excluded,2026-08-12,The public repository contains only an unsupported README claim
VERIFY-093,cand-sitegen-ai-mohamad,chat-html-preview-history,Tests real model call rendered artifact iterative prompts history and export,included,2026-08-12,Gemini output becomes iframe HTML in the workspace with sidebar refinement Mongo-backed interactions and download
VERIFY-093,cand-ai-webpage-generator-gagan,ai-participation-boundary,Tests current model involvement rather than roadmap language,excluded,2026-08-12,Current source deterministically assembles a page and identifies AI integration as future work
VERIFY-093,cand-ai-webpage-generator-pa741,persistent-component-feedback-loop,Tests canonical artifact persistence model tools runtime projection and user correction,included,2026-08-12,Firestore-backed per-user web components are generated and served as pages while feedback tools mutate components or durable preferences
VERIFY-093,cand-web-page-generator-natalie,streamed-rendered-html,Tests model output becoming a visible artifact rather than plain text,included,2026-08-12,The prompt route streams structured HTML pieces through a renderer into a complete visible page
VERIFY-093,cand-ai-webpage-generator-pavan,downloadable-file-materialization,Tests genuine model call artifact separation and ordinary-user delivery,included,2026-08-12,Gemini output is split into HTML CSS and JavaScript files then packaged as a downloadable website archive
VERIFY-093,cand-websimapi-webpage-generator,upstream-api-product-lineage,Tests independent identity and artifact authority,duplicate,2026-08-12,The wrapper delegates generation to WebSim and adds no independently owned workspace
VERIFY-093,cand-ai-webpage-generator-vidyut,disconnected-model-output,Tests visual projection correction persistence or artifact delivery,excluded,2026-08-12,React escapes the returned HTML inside a paragraph and exposes no usable Design artifact surface
VERIFY-093,cand-contrix,non-design-api-builder,Tests visual or interactive Design artifact loop,excluded,2026-08-12,The product configures a general JSON API for local language models
VERIFY-093,cand-lebosenyane-portfolio,portfolio-noise,Tests independent AI-native product identity,excluded,2026-08-12,The result is a personal portfolio site
VERIFY-093,cand-m-chatdost,generic-chat-boundary,Tests Design-specific artifact authority,excluded,2026-08-12,The product is a conversational companion without visual artifact creation
VERIFY-093,cand-aether-architect,canonical-ui-tree-loop,Tests structured artifact generation direct manipulation model refinement and code materialization,included,2026-08-12,PRD and design-system generation feed a UINode tree that is rendered selected rearranged property-edited revised and exported as React
VERIFY-093,cand-glamaura-prototype,recommendation-boundary,Tests user authority over a Design artifact,excluded,2026-08-12,Fashion recommendation and virtual try-on outputs do not establish artifact authoring
VERIFY-093,cand-nextedai-prototype,semantic-search-noise,Tests visual or interactive Design workflow,excluded,2026-08-12,The repository is an education application rather than a Design product
VERIFY-093,cand-dom-lineage-tracker,ai-participation-boundary,Tests AI involvement in artifact work,excluded,2026-08-12,The project visualizes DOM lineage deterministically and contains no model-mediated authoring loop
VERIFY-093,cand-ai-code-assistant-workshop,workshop-material-boundary,Tests independent product identity,excluded,2026-08-12,The repository is course material
VERIFY-093,cand-awesome-claude-jsonbored,registry-boundary,Tests independently runnable Design artifact authority,excluded,2026-08-12,The repository is a curated registry
VERIFY-094,cand-ai-ui-components-generator-thegreatbonnie,editable-component-live-projection,Tests model generation source editing and visual projection,included,2026-08-12,Copilot action writes the current component source and Ace edits immediately update its rendered HTML projection
VERIFY-094,cand-awesome-code-agents-sorrycc,curated-list-boundary,Tests executable product identity,excluded,2026-08-12,The repository lists external agents
VERIFY-094,cand-aix-uid-generator,homonym-noise,Tests UI as interface rather than UID identifiers,excluded,2026-08-12,The code implements Snowflake unique IDs
VERIFY-094,cand-hascode-ui,persistent-component-revisions,Tests model creation correction compilation revisions and forks,included,2026-08-12,Typed component source is generated or revised and persisted with revision lineage before browser compilation and preview
VERIFY-094,cand-ai-ui-generator-kahab,structured-landing-page-graph,Tests real model call schema-constrained artifact and visual rendering,included,2026-08-12,Gemini returns theme and section JSON consumed by desktop and mobile renderers
VERIFY-094,cand-ai-ui-table-generator-dladislav,typed-table-variant-loop,Tests model participation rendered structure and variant retention,included,2026-08-12,OpenAI tool calls produce typed table graphs retained in an in-session variant list
VERIFY-094,cand-ai-ui-components-generator-doy,exact-commit-lineage,Tests independent source and product history,duplicate,2026-08-12,The clone resolves to commit 2f3278256e231d84a8656621e212d9edf2768e55 shared with the canonical repository
VERIFY-094,cand-blob-ui,claim-only-boundary,Tests implementation or accessible product evidence,excluded,2026-08-12,Only a one-line claim is public
VERIFY-094,cand-simran-ai-ui-generator,product-identity-boundary,Tests linked product rather than portfolio noise,excluded,2026-08-12,The live URL resolves to a cybersecurity portfolio and the repository has no generator source
VERIFY-094,cand-bolt-clone-pankaj,canonical-product-lineage,Tests independent identity beyond a clone implementation,duplicate,2026-08-12,The project retains Bolt branding protocol and WebContainer architecture and explicitly labels itself a clone
VERIFY-094,cand-prompt-to-website-padala,generated-files-preview-delivery,Tests model call file artifact projection and export,included,2026-08-12,Gemini output is parsed into HTML CSS and JavaScript then previewed and offered as files
VERIFY-094,cand-prompt-to-website-builder-myounus,runnability-boundary,Tests a connected ordinary-user loop,excluded,2026-08-12,Entry imports reference absent packages and input requires editing repository source
VERIFY-094,cand-prompt-to-website-aneesh,mock-output-boundary,Tests real model generation and deployment,excluded,2026-08-12,The frontend sleeps and invents a deployment URL while core stages remain TODO
VERIFY-094,cand-prompt-to-website-riya,disconnected-api-boundary,Tests model output reaching an artifact surface,excluded,2026-08-12,The generic chat endpoint is disconnected from the copied mock frontend
VERIFY-094,cand-codecooks,streamed-html-projection,Tests model generation and visible artifact output,included,2026-08-12,Gemini streams a complete HTML document whose accumulated source is sanitized and rendered through iframe srcdoc
VERIFY-094,cand-coder-buddy-prograto,generic-coding-agent-boundary,Tests Design-specific visual evidence,excluded,2026-08-12,The implementation is a terminal programming agent with no visual artifact surface
VERIFY-094,cand-ai-website-builder-shekhbasir,persistent-site-project-loop,Tests generation persistence iterative correction preview source editing and publication,included,2026-08-12,Mongo website state joins full HTML conversation refinement Monaco and iframe surfaces with a published slug
VERIFY-094,cand-prompt-to-website-maker-rishi,claim-only-boundary,Tests runnable implementation,excluded,2026-08-12,Only product proposal files are public
VERIFY-094,cand-spacein-prompt-output,generated-output-boundary,Tests ownership of the generator,excluded,2026-08-12,The repository contains one generated astronomy site rather than a generation system
VERIFY-094,cand-panth-pagebuilder-ai,native-pagebuilder-governance,Tests model path native artifact mutation reusable constraints review and audit,included,2026-08-12,Generated PageBuilder markup and fields enter Magento native editing under prompt templates draft approval budgets and request logs
VERIFY-094,cand-airtable-page-builder,ai-participation-boundary,Tests model or agent involvement,excluded,2026-08-12,The app deterministically concatenates Airtable values into Markdown
VERIFY-094,cand-ai-wordpress-awesome-list,curated-list-boundary,Tests product identity,excluded,2026-08-12,The repository lists WordPress AI resources
VERIFY-094,cand-ai-page-builder-nb429,ai-participation-boundary,Tests a genuine model or agent call,excluded,2026-08-12,Chat messages are parsed by fixed keyword conditions into predefined components
VERIFY-094,cand-synapse-app-builder,validated-managed-build-plan,Tests model proposal validation apply boundary managed graph visual edit and revisions,included,2026-08-12,A typed plan spanning app data behavior and pages is validated before database application and remains editable in the managed builder
VERIFY-094,cand-ai-voice-page-builder-graeber,voice-to-rendered-html,Tests AI service handoff and visible artifact projection,included,2026-08-12,Firebase voice capture feeds an external AI studio whose returned HTML replaces the application surface
VERIFY-094,cand-cve-kubio-ai-page-builder,security-research-boundary,Tests ownership of a Design product,excluded,2026-08-12,The repository is a vulnerability reproduction for an external plugin
VERIFY-094,cand-mind-wordpress-ai-writer,text-writing-boundary,Tests visual artifact authority,excluded,2026-08-12,The plugin assists WordPress prose rather than page or interface authoring
VERIFY-094,cand-ai-page-builder-hardonian,roadmap-ai-boundary,Tests implemented model participation,excluded,2026-08-12,Current generation is fixed logic and the model integration is a production note
VERIFY-094,cand-ai-page-builder-lllllliulei,empty-repository-boundary,Tests product evidence,excluded,2026-08-12,The repository has no commits
VERIFY-094,cand-generative-interface-relational-skill,homonym-noise,Tests generative UI rather than a philosophical use of interface,excluded,2026-08-12,The skill explicitly defines a relational stance and no visual artifact loop
VERIFY-094,cand-awesome-generative-ui-pnut,curated-list-boundary,Tests independent executable workflow,excluded,2026-08-12,The repository is a list
VERIFY-094,cand-profile-awiednoor,profile-noise,Tests product identity,excluded,2026-08-12,The result is profile configuration
VERIFY-094,cand-profile-evantayloryates,profile-noise,Tests product identity,excluded,2026-08-12,The result is a personal profile
VERIFY-094,cand-profile-siddth09,profile-noise,Tests product identity,excluded,2026-08-12,The result is a GitHub profile
VERIFY-094,cand-profile-zezebreiterman,profile-noise,Tests product identity,excluded,2026-08-12,The result is a GitHub profile
VERIFY-094,cand-ai-code-tutor-video,scene-to-video-materialization,Tests model participation structured scenes visual frames audio composition and delivery,included,2026-08-12,Local model prose becomes scene records then narrated PNG frames and a final MP4
VERIFY-094,cand-generative-ui-app-abhay,constrained-dashboard-graph,Tests multimodal model input structured authority visual projection and export,included,2026-08-12,Responses API output is parsed as a supported component graph rendered through Streamlit and downloadable as JSON
VERIFY-094,cand-profile-sunny-xia-ada,profile-noise,Tests product identity,excluded,2026-08-12,The result is a user profile
VERIFY-094,cand-lumachor,generic-context-chat-boundary,Tests independently surfaced Design-specific workflow,excluded,2026-08-12,The product centers context retrieval and multi-model chat rather than visual authoring
VERIFY-095,cand-ai2ui-component-generator,streamed-html-component-workspace,Tests model authority live projection refinement and export,included,2026-08-12,The edge generation route streams HTML into conversation state while the page renders it inline and offers framework export
VERIFY-095,cand-ai-component-generator-codewithrhituraj,component-generator-source-lineage,Tests whether a generic title hides an independent implementation,duplicate,2026-08-12,Home.jsx retains the ModernUI Maker generation options Monaco iframe and download scaffold
VERIFY-095,cand-ai-component-generator-sandbox,browser-html-sandbox,Tests prompt authority code materialization and visible projection,included,2026-08-12,Groq output is inserted as HTML and Tailwind in both the code panel and rendered sandbox
VERIFY-095,cand-craftly-ai,component-generator-source-lineage,Tests whether extensive restyling creates a new product lineage,duplicate,2026-08-12,The same inherited generation editor iframe and export path remains decisive beneath the new styling
VERIFY-095,cand-creai,structured-component-response,Tests model participation across visual description preview and source,included,2026-08-12,The Qwen service returns visual_description preview_html and component_code to the React result workspace
VERIFY-095,cand-ai-react-component-generator-amit,editable-jsx-live-projection,Tests generated source authority and synchronized rendering,included,2026-08-12,The Spring endpoint produces JSX that react-live makes editable and immediately visible
VERIFY-095,cand-ai-component-generator-amiralam,component-generator-source-lineage,Tests canonical identity against an inherited scaffold,duplicate,2026-08-12,The repository repeats the ModernUI Maker component generation editor preview and download flow
VERIFY-095,cand-profile-adarshkumar0509,profile-noise,Tests product identity,excluded,2026-08-12,The matched repository contains profile configuration rather than runnable product source
VERIFY-095,cand-shadway,component-project-and-registry,Tests multi-file generation live execution persistence and promotion,included,2026-08-12,AI SDK streaming writes a Sandpack project and the product can publish selected components into a registry
VERIFY-095,cand-genui-vigneshsiva,component-generator-source-lineage,Tests canonical identity against source equivalence,duplicate,2026-08-12,Home.jsx is a near-exact copy of the ModernUI Maker scaffold
VERIFY-095,cand-codehex-cli-ui-agent,generic-coding-chat-boundary,Tests Design-specific artifact authority,excluded,2026-08-12,The desktop chatbot controls general code tasks without an evidenced visual authoring artifact
VERIFY-095,cand-duckframework,non-ai-framework-boundary,Tests AI participation in the ordinary-user loop,excluded,2026-08-12,The project is a reactive web framework and supplies no model or agent authoring path
VERIFY-095,cand-solidworks-ai-cover-generator,brand-cover-variant-workflow,Tests the actual artifact domain model variants edits and delivery,included,2026-08-12,Anthropic-derived cover copy becomes three contenteditable branded variants with PNG PDF and HTML export
VERIFY-095,cand-airtable-design-generator,deterministic-template-boundary,Tests whether AI or an agent participates in generation,excluded,2026-08-12,Airtable data drives deterministic Konva templates without model or agent authority
VERIFY-095,cand-tpt-infrastructure-engineer,disconnected-ai-boundary,Tests whether the AI assistant controls engineering design artifacts,excluded,2026-08-12,DesignGenerator emits randomized values independently of the generic assistant and no drawing authority is exposed
VERIFY-095,cand-verilog-ide,rtl-simulation-synthesis-loop,Tests engineering artifact authority validation projection and delivery,included,2026-08-12,Generated RTL and testbench source flows through Icarus simulation waveform display and Yosys netlist synthesis
VERIFY-095,cand-low-code-no-code-platforms-mintah,static-collection-boundary,Tests runnable product identity,excluded,2026-08-12,The repository is a static link collection
VERIFY-095,cand-bluestone-ai-jewelry-prototype,generated-image-approval-flow,Tests independent identity model authority human decision and retained outcome,included,2026-08-12,Vertex image generation produces the proposal and approval stores its prompt image and order status in the prototype
VERIFY-095,cand-aishop-core,threejs-shirt-source-lineage,Tests canonical source identity,duplicate,2026-08-12,The shirt canvas and DALL-E customization source match project_threejs_ai
VERIFY-095,cand-design-generator-tmsrb24,api-without-user-loop-boundary,Tests whether model endpoints form a runnable Design product,excluded,2026-08-12,Generic media endpoints exist but no committed ordinary-user visual authoring surface consumes them
VERIFY-095,cand-threejs-ai-tshirt-lxaez,threejs-shirt-source-lineage,Tests canonical source identity,duplicate,2026-08-12,The repository copies the project_threejs_ai DALL-E and Three.js shirt scaffold
VERIFY-095,cand-saasboard-mekuhq,template-noise,Tests AI-native product identity,excluded,2026-08-12,The matched code is a generic SaaS template
VERIFY-095,cand-micracode,disk-backed-agent-workspace,Tests file authority generation preview persistence rollback and delivery,included,2026-08-12,Typed streaming events patch disk-backed project files while Monaco preview prompt history snapshots and archive routes complete the workspace loop
VERIFY-095,cand-reverse-engineering-antspace,research-analysis-boundary,Tests runnable authoring identity,excluded,2026-08-12,The repository documents reverse engineering of another product rather than operating one
VERIFY-095,cand-convertly-mekuhq,template-noise,Tests AI-native product identity,excluded,2026-08-12,The matched repository is a starter template without an evidenced model-mediated Design loop
VERIFY-095,cand-ai-web-app-builder-mazzyy,in-memory-file-project,Tests contextual generation code edits projection and download,included,2026-08-12,Gemini revises the selected file while the browser preserves the file map renders an iframe and exports source or ZIP
VERIFY-095,cand-live-preview-2,preview-infrastructure-boundary,Tests whether the project includes agentic artifact authoring,excluded,2026-08-12,The service only builds and serves files supplied by another authority
VERIFY-095,cand-ai-web-app-builder-mohan,nxtbuild-source-lineage,Tests canonical source identity,duplicate,2026-08-12,Generation service BuilderPage and LivePreview are identical to NxtBuild
VERIFY-095,cand-awesome-no-code-ai-builders-ishan,static-collection-boundary,Tests runnable product identity,excluded,2026-08-12,The repository is a curated list of third-party builders
VERIFY-095,cand-nxtbuild,persisted-web-project-versions,Tests contextual generation project persistence versions preview and delivery,included,2026-08-12,Mongo records messages generatedCode and versions while the builder exposes editing srcDoc preview and HTML download
VERIFY-095,cand-hanzo-app,managed-cloud-vfs-product,Tests independent product identity despite declared derivation and traces its artifact authority,included,2026-08-12,Hanzo combines its own identity and gateway with tool-driven VFS mutation live preview checkpoints and deployment services
VERIFY-095,cand-modernui-maker,upstream-component-generator-lineage,Tests the canonical source reached by four duplicate repositories,included,2026-08-12,ModernUI Maker contains the earliest discovered complete Gemini Monaco iframe and download scaffold in the lineage
VERIFY-095,cand-project-threejs-ai,upstream-threejs-shirt-lineage,Tests the canonical source reached by two duplicate repositories,included,2026-08-12,The original tutorial sends prompts to DALL-E applies the image as a Valtio-controlled Three.js decal and downloads the canvas
VERIFY-095,cand-osw-studio,independent-evolved-fork,Tests whether a declared DeepSite derivative has an independently material product boundary,included,2026-08-12,OSW adds its own product identity and a substantial IndexedDB VFS checkpoint import export sync template and deployment system
VERIFY-096,cand-website-that-builds-itself,spatial-generated-component-canvas,Tests model mutation spatial composition and portable artifact delivery,included,2026-08-12,Claude returns UI fragments that the browser places and edits on a canvas before exporting assembled HTML
VERIFY-096,cand-ai-component-builder-bamerf,streamed-svelte-component-workspace,Tests prompt source preview and session authority,included,2026-08-12,The Svelte page consumes streamed OpenAI component source and projects it in the same workspace
VERIFY-096,cand-ai-component-builder-bluntbrain,saved-component-gallery,Tests generated source live projection and explicit retention,included,2026-08-12,OpenAI-produced React source renders in a sandboxed iframe and Firebase stores selected component variants
VERIFY-096,cand-ai-component-builder-stackedbyadit,browser-gemini-component-loop,Tests source generation and synchronized visual evidence,included,2026-08-12,Gemini output becomes the React source consumed by the iframe preview and code panel
VERIFY-096,cand-ai-component-builder-gokul,redux-component-playground,Tests independent implementation model authority and rendering,included,2026-08-12,Groq output enters Redux and the playground maps it to code and iframe views
VERIFY-096,cand-ai-component-builder-sinha,placeholder-preview-boundary,Tests whether generated data reaches an ordinary-user visual artifact,excluded,2026-08-12,The model response is stored but MiddleBar never renders its code or visual result
VERIFY-096,cand-ai-component-builder-ritik,incomplete-class-scaffold,Tests whether the discovered title has a product loop,excluded,2026-08-12,The app only states that setup is complete and contains no generation path
VERIFY-096,cand-ai-component-builder-iaman,browser-gemini-component-loop,Tests generated source and visible projection,included,2026-08-12,Gemini output is cleaned then displayed as source and executed in srcDoc
VERIFY-096,cand-ai-component-builder-krishhna,incomplete-preview-boundary,Tests whether source generation closes a visual authoring loop,excluded,2026-08-12,The interface explicitly labels preview as future class work and only shows generated text
VERIFY-096,cand-ai-component-builder-debanik,runtime-react-evaluator,Tests model authority code inspection and running projection,included,2026-08-12,Gemini output is normalized and evaluated as a React component while the source remains visible
VERIFY-096,cand-prompt-web-app-vishal,missing-generation-service-boundary,Tests reproducibility of the claimed prompt-to-app loop,excluded,2026-08-12,The client calls uncommitted localhost endpoints and hard-coded workstation paths so the claimed artifact cannot be generated from the tree
VERIFY-096,cand-qwen3-webdev-ethan,gradio-multifile-webdev,Tests model file extraction preview and delivery,included,2026-08-12,Qwen fenced files are parsed into HTML or React code that Gradio previews and makes downloadable
VERIFY-096,cand-bigbangdev,langgraph-build-and-deploy,Tests agent file authority validation live events and delivery,included,2026-08-12,LangGraph agents write the React workspace while QA gates source and the UI streams files into preview and deploy states
VERIFY-096,cand-github-agentic-workflows-pelikhan,generic-workflow-boundary,Tests Design-specific product identity,excluded,2026-08-12,The repository demonstrates general GitHub workflow automation
VERIFY-096,cand-prompt-web-app-duke,stub-provider-boundary,Tests actual model participation rather than UI labels,excluded,2026-08-12,Stub OpenAI and Anthropic selections all instantiate the deterministic StubCodingAgent
VERIFY-096,cand-disaster-response-higor,unrelated-search-noise,Tests product relevance,excluded,2026-08-12,The repository is a data-science course assignment
VERIFY-096,cand-nemoclaw-game-factory,local-game-factory-approval,Tests generation revision review preview and human promotion,included,2026-08-12,Builder and reviewer calls revise a self-contained HTML app that is deployed to preview and can be marked final
VERIFY-096,cand-fun-projects-raul,static-collection-boundary,Tests runnable product identity,excluded,2026-08-12,The result is a bookmarks repository
VERIFY-096,cand-ai-ui-builder-jagan,agent-logic-only-boundary,Tests ordinary-user visual surface and artifact authority,excluded,2026-08-12,The tree supplies orchestration classes and plans but no runnable visual authoring workspace
VERIFY-096,cand-ai-ui-builder-kiryuchi,full-stack-ui-orchestration,Tests model generation preview validation history and export,included,2026-08-12,FastAPI orchestrates model output into component records consumed by a React preview with validation history tests and export routes
VERIFY-096,cand-ai-ui-builder-ujjwal,constrained-supabase-ui-graph,Tests bounded model schema rendering persistence and versions,included,2026-08-12,The edge function emits a validated component schema that the fixed renderer projects and Supabase sessions retain
VERIFY-096,cand-ui-architect-aranees,playwright-refinement-loop,Tests visual feedback returning to source generation,included,2026-08-12,Qwen produces HTML and Playwright captures its rendering for repeated critique and refinement before the client displays the result
VERIFY-096,cand-deterministic-ui-builder-codeacks,versioned-ui-plan,Tests constrained graph authority incremental editing and replay,included,2026-08-12,Planner output mutates a validated UIPlan that the fixed renderer projects and the version store can replay
VERIFY-096,cand-ai-ui-builder-kishxrx,unrelated-search-noise,Tests product relevance,excluded,2026-08-12,The repository contains Terraform Docker and Nginx exercises rather than an AI UI builder
VERIFY-096,cand-ai-ui-builder-merchantry,persisted-ui-schema-chat,Tests constrained artifact rendering chats and saved schema promotion,included,2026-08-12,Gemini emits a bounded UI schema that a component interpreter renders and schema routes persist independently of chat
VERIFY-096,cand-ai-website-generator-louvivien,generated-site-to-deployment,Tests multimodel source materialization and release path,included,2026-08-12,ChatGPT composes HTML with Stable Horde imagery and repository utilities push the result through GitHub to Vercel
VERIFY-096,cand-page-ui,non-ai-component-library-boundary,Tests model or agent participation,excluded,2026-08-12,The result is a conventional component library
VERIFY-096,cand-responsive-email-signature,deterministic-template-boundary,Tests model or agent participation,excluded,2026-08-12,The project renders email signatures from deterministic templates
VERIFY-096,cand-clobbr,unrelated-search-noise,Tests product relevance,excluded,2026-08-12,Clobbr exercises API endpoints rather than authoring visual artifacts
VERIFY-096,cand-mindrudan-personal,personal-site-noise,Tests product identity,excluded,2026-08-12,The result is the maintainer personal website
VERIFY-096,cand-http3,unrelated-search-noise,Tests product relevance,excluded,2026-08-12,The result is unrelated HTTP protocol code
VERIFY-096,cand-ideaship,managed-vfs-visual-builder,Tests file authority direct visual edits project persistence and deployment,included,2026-08-12,Model-authored VFS files feed an iframe whose selected elements map back to source while Prisma chats sites and deploy routes retain delivery state
VERIFY-096,cand-ai-website-generator-shaxx,multimodal-site-generation-and-release,Tests prompt screenshot Figma grounding source generation and deployment,included,2026-08-12,Groq turns three input modes into website source and Netlify utilities deliver the accepted artifact
VERIFY-096,cand-page-ui-nextjs-example,static-example-boundary,Tests AI authoring participation,excluded,2026-08-12,The repository only demonstrates a conventional component package
VERIFY-096,cand-ai-website-generator-tina,script-demo-boundary,Tests ordinary-user iterative visual authoring,excluded,2026-08-12,The DSPy program uses a hard-coded subject and writes HTML without an interactive product surface
VERIFY-097,cand-ai-component-builder-abhishekpandey,incomplete-scaffold-boundary,Tests actual model and artifact loop,excluded,2026-08-12,The Vite app has no generation implementation
VERIFY-097,cand-ai-component-builder-warrior07,incomplete-preview-boundary,Tests whether model source reaches a visual artifact,excluded,2026-08-12,The OpenAI call exists but the preview explicitly remains future class work
VERIFY-097,cand-ai-component-builder-devisha,browser-gemini-source-loop,Tests source generation isolation and visual projection,included,2026-08-12,Gemini JSX is cleaned and fed to a sandboxed srcDoc alongside the code view
VERIFY-097,cand-react-ai-component-builder-synytsin,react-live-component-loop,Tests server-side generation source authority and runtime rendering,included,2026-08-12,A Gemini server action returns React code that react-live evaluates and the user can copy
VERIFY-097,cand-yellow-machine,firebase-component-promotion,Tests generated source preview and explicit retained variants,included,2026-08-12,Gemini JSX renders in an isolated iframe and selected components become Firestore gallery records
VERIFY-097,cand-a0-component-studio,api-grounded-component-authoring,Tests external documentation grounding source generation preview and persistence,included,2026-08-12,a0 scrapes selected API documentation into the model context then renders generated React source in a sandboxed workspace
VERIFY-097,cand-twindra-ui,non-ai-library-boundary,Tests model or agent participation,excluded,2026-08-12,Twindra is a static Tailwind component library
VERIFY-097,cand-compai-vishwesh,modernui-source-lineage,Tests canonical identity through source comparison,duplicate,2026-08-12,Home.jsx differs mainly in branding responsive classes and API-key naming from ModernUI Maker
VERIFY-097,cand-promptonent,streamed-sandbox-history,Tests streaming source isolation and recoverable generation history,included,2026-08-12,Gemini chunks accumulate into sanitized JSX that a sandboxed iframe renders and Zustand retains as selectable history
VERIFY-097,cand-seagull-naveendarys,empty-repository-boundary,Tests product identity,excluded,2026-08-12,The repository contains no committed files
VERIFY-097,cand-ai-ui-builder-devsakshi,editable-promptui-workspace,Tests model generation direct source edits preview history and export,included,2026-08-12,PromptUI joins Gemini output Monaco edits live projection local prompt history scoring and two export formats
VERIFY-097,cand-ai-ui-builder-abh-cmd,incomplete-scaffold-boundary,Tests actual product loop,excluded,2026-08-12,Only an initial FastAPI file is committed
VERIFY-097,cand-ai-website-generator-shrik4,multi-provider-managed-site,Tests provider selection structured project preview and download,included,2026-08-12,The service normalizes multiple provider responses into website sections that the client previews and exports
VERIFY-097,cand-ogata-ai,persisted-site-chat-and-deployment,Tests managed project authority history preview customization and release,included,2026-08-12,Gemini chat updates stored website code while Sandpack projects it and deployment records retain published sites
VERIFY-097,cand-awesome-black-friday,static-collection-boundary,Tests product relevance,excluded,2026-08-12,The result is a software deals list
VERIFY-097,cand-ai-website-generator-aifeifei,plan-driven-filesystem-site,Tests staged model authority governed design vocabulary and delivered files,included,2026-08-12,Gemini creates a master plan design document CSS and section templates that the builder assembles into an inspectable website directory
VERIFY-097,cand-ai-website-generator-shrutika,streamlit-site-materialization,Tests prompt generation live preview and portable source,included,2026-08-12,LangChain and Gemini produce HTML CSS and JavaScript that Streamlit previews and exposes for download
VERIFY-097,cand-awesome-vibe-coding-taskade,static-collection-boundary,Tests runnable product identity,excluded,2026-08-12,The repository is a curated guide
VERIFY-097,cand-gensite-ai-devendra,single-file-gemini-site,Tests backend generation chat context and visual projection,included,2026-08-12,FastAPI returns a self-contained website and the React client stores the exchange while projecting the result through srcDoc
VERIFY-097,cand-ai-website-generator-pappu,laravel-persisted-site,Tests model generation server persistence preview and later retrieval,included,2026-08-12,Laravel calls Gemini from business and design intent and records the resulting website in the GeneratedWebsite model
VERIFY-098,cand-gen-ai-ui-builder-abhishek,code-only-output-boundary,Tests whether generated UI source reaches a visual authoring surface,excluded,2026-08-12,The browser displays the returned HTML as preformatted text and provides no preview or visual correction loop
VERIFY-098,cand-ai-component-generator-ayush2721,modernui-source-lineage,Tests canonical identity through source comparison,duplicate,2026-08-12,Home.jsx has 0.994 five-token-shingle similarity to the registered CodeWithRhituraj copy
VERIFY-098,cand-webly-ayushman,persisted-editable-html-frame,Tests streaming generation direct DOM edits source persistence and export,included,2026-08-12,OpenRouter output becomes frame source; iframe edits are serialized back to the frame and projects and chats retain the session
VERIFY-098,cand-ai-component-generator-bhanupriya,hard-coded-ai-boundary,Tests whether a model actually participates in artifact creation,excluded,2026-08-12,The generation route always emits the same React element tree and only interpolates the prompt into text
VERIFY-098,cand-ai-component-generator-bhatiyaamit,modernui-source-lineage,Tests canonical identity through scaffold comparison,duplicate,2026-08-12,The Vite routes dependencies framework menu Monaco iframe and export mechanics derive from ModernUI Maker
VERIFY-098,cand-genu-advanced-cprince,multi-stack-refinement-library,Tests streamed source compilation iterative correction and explicit persistence,included,2026-08-12,Gemini source is compiled for four stacks and user saves retain code prompt framework and refinement history
VERIFY-098,cand-ai-component-generator-devmohit,modernui-source-lineage,Tests whether restyling creates independent artifact authority,duplicate,2026-08-12,Substantial Home source and the exact surrounding scaffold retain the ModernUI Maker product loop
VERIFY-098,cand-ai-component-generator-iamsayeed,modernui-source-lineage,Tests canonical identity through source comparison,duplicate,2026-08-12,Home.jsx has 0.995 five-token-shingle similarity to the registered CodeWithRhituraj copy
VERIFY-098,cand-ai-ui-builder-isvaku,streamed-persisted-tsx-builder,Tests provider routing structured code persistence iteration and isolated rendering,included,2026-08-12,The service streams a JSON code envelope into Postgres messages and the sandboxed Babel iframe renders GeneratedPage
VERIFY-098,cand-webapp-ai-ui-builder-k3v,structured-app-schema-builder,Tests schema authority model style mutation and recoverable app records,included,2026-08-12,Model-produced app fields drive fixed form rendering while constrained style JSON changes the view and MongoDB retains the app schema
VERIFY-098,cand-aiwebgenerator-kuroda,indexeddb-versioned-html-builder,Tests model and rule governance file authority versions draft edits preview and export,included,2026-08-12,Streaming HTML is promoted into Dexie file versions that can be directly edited previewed restored and exported to component stacks
VERIFY-098,cand-ai-components-generator-muskan,modernui-source-lineage,Tests canonical identity through scaffold comparison,duplicate,2026-08-12,The familiar file layout dependencies options Monaco iframe and export flow resolve the implementation to ModernUI Maker
VERIFY-098,cand-pitch-craft-noman,firebase-html-chat-builder,Tests full-site source generation visual projection and retained sessions,included,2026-08-12,Gemini returns full HTML; the iframe renders it and Firestore persists the prompts and assistant source under authenticated chats
VERIFY-098,cand-webcraft-official-krish,worker-filesystem-agent-builder,Tests streamed actions filesystem mutation execution project persistence and live preview,included,2026-08-12,Gemini action tags are parsed into worker file and shell operations while project prompt records and dedicated editor and preview endpoints expose the result
VERIFY-098,cand-ai-component-generator-piyush,modernui-source-lineage,Tests whether helper extraction creates a new product identity,duplicate,2026-08-12,Helper modules refactor but preserve the ModernUI Maker framework options code editor iframe and export scaffold
VERIFY-098,cand-ai-component-generator-safiya,modernui-source-lineage,Tests whether settings and history create independent authority,duplicate,2026-08-12,Added settings and local history remain extensions around the inherited ModernUI Maker generation and preview source
VERIFY-098,cand-ai-component-builder-sanskriti,openai-firebase-component-gallery,Tests source generation sandbox preview and explicit variant promotion,included,2026-08-12,OpenAI returns JSX for a Babel iframe and the user explicitly saves selected code and prompts to a Firestore gallery
VERIFY-098,cand-ai-website-generator-shubh,multi-provider-local-version-site,Tests multimodal generation corrections variant navigation import and portable delivery,included,2026-08-12,Four provider adapters feed source whose browser history supports preview edits imported projects and ZIP export
VERIFY-098,cand-aedify-sumit,modernui-source-lineage,Tests canonical identity against a simplified course scaffold,duplicate,2026-08-12,The same file and dependency layout plus inherited framework editor preview and export loop resolve Aedify to ModernUI Maker
VERIFY-098,cand-aedify-sunil,aedify-source-lineage,Tests canonical identity between two Aedify repositories,duplicate,2026-08-12,Home.jsx has 0.990 five-token-shingle similarity to Sumit Maurya's earlier Aedify repository
VERIFY-098,cand-ai-component-generator-vinay,modernui-source-lineage,Tests canonical identity through source comparison,duplicate,2026-08-12,The nested Home.jsx has 0.994 five-token-shingle similarity to the registered CodeWithRhituraj copy
VERIFY-098,cand-vanilla-to-vision-30-apps,static-app-collection-boundary,Tests model participation and independent product identity,excluded,2026-08-12,The repository is a gallery of thirty conventional JavaScript apps with no AI authoring loop
VERIFY-099,cand-ai-component-builder21st,sanskriti-source-lineage,Tests canonical identity through file and source comparison,duplicate,2026-08-12,The cleanup function Firestore module and Babel iframe substantially reproduce Sanskriti Singh's implementation
VERIFY-099,cand-ai-component-builder-sfyr,multimodal-esbuild-component-loop,Tests text and image grounding editable source and isolated compilation,included,2026-08-12,ARK streams React source that remains editable while esbuild bundles it into an iframe and a vision model can supply image-derived context
VERIFY-099,cand-ai-ui-builder-akshay,planner-generator-reviewer-pipeline,Tests structured plan authority constrained components model review repair and preview,included,2026-08-12,Gemini plans a component graph generates JSX and separately reviews or repairs the source before react-live renders it
VERIFY-099,cand-ui-builder-julianshen,sqlite-compiled-preview-project,Tests project persistence source generation compilation preview and export,included,2026-08-12,OpenAI output becomes a generation record; the React compiler creates a persisted preview and SQLite retains projects generations and previews
VERIFY-099,cand-promptui-tushar,openrouter-jsx-session,Tests source generation visual projection direct source exposure and download,included,2026-08-12,OpenRouter JSX becomes current browser state that an iframe projects and the code view downloads
VERIFY-099,cand-ai-code-builder-usama,mock-ai-boundary,Tests whether the advertised provider actually creates artifacts,excluded,2026-08-12,All active paths use fixed mock components or mock website data and the UI explicitly says AI functionality is being rebuilt
VERIFY-099,cand-webai-new,gemini-filesystem-vite-loop,Tests multi-file generation materialization execution preview and delivery,included,2026-08-12,Gemini tagged files are written into a generated-site workspace then Vite executes that authority and ZIP delivery packages it
VERIFY-099,cand-ai-website-generator-prasanna,readme-only-boundary,Tests runnable source and actual model participation,excluded,2026-08-12,No application source is committed and the README says AI integration is coming soon
VERIFY-099,cand-ai-website-generator-jordan,local-model-schema-site,Tests local model participation schema authority deterministic translation and preview,included,2026-08-12,TinyLlama produces a bounded JSON site specification that templates turn into CSS and HTML for iframe projection
VERIFY-099,cand-ai-website-generator-abhijeet,mismatched-readme-boundary,Tests whether repository source implements the claimed product,excluded,2026-08-12,The committed dashboard contains article image and resume tools but no website generation or preview loop
VERIFY-099,cand-ai-website-generator-niko,webly-source-lineage,Tests canonical identity through frame and editable-preview comparison,duplicate,2026-08-12,Frame route source similarity and the same project chat direct DOM edit workflow resolve the repository to WebLy
VERIFY-099,cand-ai-website-generator-nithin,streamlit-site-materialization,Tests source generation live visual proof and portable file delivery,included,2026-08-12,LangChain Gemini output is split into three source files projected in Streamlit and packaged as a ZIP
VERIFY-100,cand-ai-orchestration-honey610,controlled-plan-orchestration,Tests whether model participation creates a constrained recoverable visual authority rather than arbitrary code,included,2026-08-12,A whitelisted JSON component graph survives validation drives the live React renderer and is saved with generated code and explanation for rollback
VERIFY-100,cand-ai-website-generator-amit100898,fixed-template-ai-boundary,Tests whether the declared AI dependency participates in artifact creation,excluded,2026-08-12,The generator interpolates prompt text into a single static template and imports no model client
VERIFY-100,cand-ai-website-generator-vadane,upstream-git-history-lineage,Tests canonical identity from preserved commit ancestry and tree comparison,duplicate,2026-08-12,All five Dhanu7789 commits are ancestors of the candidate tip and the only new commit changes six lines across three files
VERIFY-100,cand-ai-website-generator-dhanu264,mock-ai-boundary,Tests whether prompt routing is model-authored or deterministic template selection,excluded,2026-08-12,Source chooses hard-coded portfolio shop or fallback HTML and the README explicitly identifies a mock generator
VERIFY-100,cand-ai-website-generator-dhanu7789,openai-site-delivery-loop,Tests upstream model generation visual proof and portable artifact delivery,included,2026-08-12,OpenAI emits HTML CSS and JavaScript that the browser extracts projects with srcdoc and packages into a ZIP
VERIFY-101,cand-ai-component-builder-harshbhx,cursor-agent-component-loop,Tests agent-authored source streaming extraction and ordinary-user visual proof,included,2026-08-12,Cursor Agent composer output is streamed as fenced TSX then transformed into a sandboxed Babel React and Tailwind iframe document
VERIFY-101,cand-rare-big-deal,directory-boundary,Tests whether a query hit has its own AI-assisted artifact authority,excluded,2026-08-12,The repository publishes deal listings and only mentions third-party AI website products
VERIFY-101,cand-ai-website-generator-tulsi,structured-blueprint-compiler,Tests schema governance deterministic materialization persistence and delivery,included,2026-08-12,Gemini constrained JSON validates as WebsiteBlueprint before fixed components compile it to persisted previewable HTML
VERIFY-101,cand-verxa-ai,rich-form-asset-site-loop,Tests form-governed prompt creation asset handling preview and package delivery,included,2026-08-12,DeepSeek full-page source is repaired and rewritten for absolute preview assets and relative packaged assets before iframe and ZIP use
VERIFY-101,cand-vision-ai-vishnu,openai-json-blob-site-loop,Tests model-authored source projection delivery and claimed persistence,included,2026-08-12,OpenAI JSON supplies the three source layers for Blob preview and ZIP while the separate projects page is only hard-coded display data
VERIFY-101,cand-vibeforge-dakshyani,runnable-research-boundary,Tests whether committed source can support the claimed ordinary-user loop,excluded,2026-08-12,The frontend page has a txs extension the FastAPI module has no py extension and no dependency or package manifests are committed
VERIFY-101,cand-siteforge-ai-psa,streamed-editable-site-loop,Tests streaming generation source editing visual projection persistence and export,included,2026-08-12,Gemini SSE output becomes parsed code state with iframe proof and ZIP export while Flask exposes PostgreSQL project CRUD separately
VERIFY-102,cand-ai-website-generator-keshav8011,simulated-ai-boundary,Tests whether a model or agent participates in artifact creation,excluded,2026-08-12,Source comments identify the function as simulated and all prompts receive the same template with only heading text changed
VERIFY-102,cand-ai-website-generator-gururaj,streamlit-gemini-delivery-loop,Tests model-authored source preview and portable artifact delivery,included,2026-08-12,The same Gemini-authored single HTML document is rendered by Streamlit and written into a downloadable ZIP
VERIFY-102,cand-architect-ai-website-nitintripathi,readme-only-boundary,Tests whether claimed product routes and artifact authority exist in source,excluded,2026-08-12,The repository tree contains no application source despite a detailed README and Render topology
VERIFY-103,cand-uigen-arshan,project-tree-lossy-preview-loop,Tests generation correction source authority projection fidelity and delivery,included,2026-08-12,Gemini produces and rewrites the current React project while preview strips executable behavior into HTML and download preserves the project tree as JSON
VERIFY-103,cand-clientsight-gazebuilder-varun,gaze-mediated-runtime-correction,Tests whether gaze is connected to actionable source correction rather than passive analytics,included,2026-08-12,Dwell detection identifies a preview element and sends its context into generated suggestions and apply-edit routes within a broader source-generation workspace
VERIFY-103,cand-clientsight-gazebuilder-nxver,repository-lineage-identity,Tests whether a second repository is an independent product or a snapshot of the same team artifact,duplicate,2026-08-12,Shared branding README preview and dwell source plus overlapping contributors resolve the snapshot to the ClientSight and GazeBuilder lineage
VERIFY-103,cand-ai-website-generator-kpriya,editable-single-html-loop,Tests model source improvement visual projection and portable delivery,included,2026-08-12,The exact current HTML moves among Gemini improvement Monaco editing iframe srcdoc clipboard and downloaded file without a separate artifact authority
VERIFY-103,cand-siteforge-ai-maf,structured-site-refinement-loop,Tests structured generation current-code refinement visual proof history and export,included,2026-08-12,Groq JSON becomes a normalized full document reused by follow-up refinement iframe and ZIP while five-entry history remains only in React state
VERIFY-103,cand-ai-website-generator-dhanu-copy,same-owner-byte-identity,Tests whether a new repository name creates a separate product lineage,duplicate,2026-08-12,All eight tracked files have identical hashes to the existing Dhanu7789 Google_DeepMind repository
VERIFY-104,cand-ai-ui-builder-devdiego,validated-versioned-react-loop,Tests provider abstraction source governance visual projection correction and recoverable history,included,2026-08-12,Generated React source must pass normalization validation and an AI repair loop before sandbox rendering while project iterations and versions persist in localStorage
VERIFY-104,cand-ai-website-generator-praneet,local-ollama-three-layer-delivery,Tests local model authorship source extraction preview and portable artifact delivery,included,2026-08-12,Ollama Qwen output is parsed into HTML CSS and JavaScript that the client recombines for preview and the server writes unchanged into a ZIP
VERIFY-104,cand-ai-website-generator-vaibhav,unused-model-client-boundary,Tests whether an imported AI SDK actually participates in artifact creation,excluded,2026-08-12,The only generation route constructs one hard-coded document and never invokes the configured OpenAI client
VERIFY-104,cand-ai-website-generator-rishi,puter-mongo-project-loop,Tests model output fallback persistence recovery visual proof and export,included,2026-08-12,Puter AI structured source is saved through the MongoDB project API then written into an iframe and ZIP while an explicit fallback can substitute for failed generation
VERIFY-104,cand-dora-ai-ishika,webcraft-source-lineage,Tests whether renamed files billing changes and later repository timing establish an independent product identity,duplicate,2026-08-12,The first 153 controller lines including the full master prompt match Siddharth WebCraft and the remaining generation correction project and slug flow is structurally the same
VERIFY-104,cand-ai-website-generator-gokulbits,minimal-local-model-preview,Tests whether a small repository still establishes a runnable ordinary-user model and visual loop,included,2026-08-12,FastAPI calls local Llama for JSON source and the browser parses the response into a sandbox iframe with no claimed persistence or delivery
VERIFY-104,cand-ai-website-generator-aditya-umale,multipage-graph-overlay-editing,Tests structured artifact generation runtime edits projection and persistence limits,included,2026-08-12,OpenAI returns pages components and styles that Babel projects while deterministic text and style edits remain separate overlays in process memory
VERIFY-105,cand-ventura-startup-analyzer,strategy-to-prototype-version-graph,Tests whether strategic analysis and visual delivery share traceable artifact authority,included,2026-08-12,SQLite stores current analysis and landing HTML plus separate analysis_history and website_history rows while generation and refinement append complete interface versions
VERIFY-105,cand-image-to-react-iwahid,image-to-source-surface-boundary,Tests runnable image translation correction visual proof and delivery rather than relying on the repository claim,included,2026-08-12,OpenAI vision and refine tools produce mutable downloadable TSX but App mounts only Monaco so the implemented sandbox PreviewPane is not part of the current ordinary-user route
VERIFY-105,cand-ai-landing-generator-pro,multi-artifact-native-projection-suite,Tests generated content authority direct correction persistence and export across the suite,included,2026-08-12,Groq returns structured content that native landing components project and localStorage retains while exporters materialize matching HTML and full Next.js source plus report and presentation outputs
VERIFY-105,cand-instantsite-ai,generated-source-versus-simulated-platform,Tests the real generation preview edit export and deployment boundaries separately,included,2026-08-12,Gemini output drives the live iframe and ZIP while element edits mutate only iframe DOM and the history project list periodic infrastructure logs and outbound push success are hard-coded simulations
VERIFY-105,cand-artibar-ai-website,persisted-document-correction-publication,Tests model participation project durability correction projection and claimed delivery,included,2026-08-12,Groq JSON becomes Mongo latestCode and conversation for iframe projection and model replacement while the application deployment route exposes the stored document by slug
VERIFY-105,cand-ai-website-generator-tony,design-brief-provider-delivery-pipeline,Tests staged design reasoning provider selection project storage preview export and external delivery,included,2026-08-12,Groq first analyzes and enriches the brief before Groq Hugging Face or OpenRouter emits source which can be explicitly saved to MongoDB and sent through GitHub Netlify or Vercel APIs
VERIFY-105,cand-promptcraft-ai,fallback-aware-versioned-project-loop,Tests whether AI and demo artifacts remain distinguishable through editing versioning export and deployment,included,2026-08-12,OpenAI and screenshot paths mark demo fallback while Mongo stores current code bounded checkpoints restores comparisons exports and a deployment provider explicitly named mock
VERIFY-105,cand-premium-website-generator-edouard,tool-mutated-file-graph-projection,Tests agent tools artifact authority direct editing preview project persistence and provider fallback,included,2026-08-12,The streamed model invokes file creation replacement rename delete and Figma tools against a virtual file graph whose React entry is Babel-projected and saved to the authenticated PostgreSQL project on chat completion
VERIFY-105,cand-websitebuilder-siddharth,canonical-webcraft-html-project-lineage,Tests the earlier implementation and later copy using commit timing prompt identity controller flow preview persistence and publication,included,2026-08-12,Siddharth commits establish the March source authority whose identical master prompt and matching controller sequence reappear in the July Ishika repository while Mongo latestCode remains canonical for chat correction and public slugs
VERIFY-106,cand-awesome-ai-devtools-james,curated-list-boundary,Tests whether repository discovery links establish an artifact-owning product,excluded,2026-08-12,Tracked content is an external-tool catalogue with no runnable creation correction or delivery surface
VERIFY-106,cand-awesome-vibe-coding-bluegalaxy,handbook-boundary,Tests whether a broad vibe-coding handbook is itself a design implementation,excluded,2026-08-12,The repository organizes descriptions and links but never owns the resulting visual artifact
VERIFY-106,cand-ai-ui-generator-deepanshu,validated-whitelist-agent-loop,Tests agent roles artifact constraints editing projection and recoverable state,included,2026-08-12,Groq planning and generation pass a component whitelist and repair stage before editable source enters sandbox preview and VersionStore
VERIFY-106,cand-ai-ui-generator-mondo,browser-model-local-history-loop,Tests whether a three-file browser app establishes real model authority and durable local history,included,2026-08-12,OpenAI response source enters the editor and Babel iframe while localStorage retains ten generation records
VERIFY-106,cand-uigen-ayman,course-source-lineage,Tests whether the repository defines an independent product rather than a course derivative,duplicate,2026-08-12,Course-specific paths tools migrations and public mirrors establish the Anthropic UIGen sample as the common authority
VERIFY-106,cand-pixelforge-jason,fixed-demo-generation-boundary,Tests whether a claimed AI generator actually invokes a model,excluded,2026-08-12,The active route calls deterministic generateDemo and no provider output controls the artifact
VERIFY-106,cand-ai-ui-generator-dhruv,gemini-agent-version-loop,Tests staged reasoning source validation manual editing versions and projection,included,2026-08-12,Gemini planner generator and explainer produce whitelist-constrained source stored in browser versions and rendered through a blob iframe
VERIFY-106,cand-react-ui-generator-anish,course-source-lineage,Tests whether provider changes establish a new product outside the source course,duplicate,2026-08-12,The virtual file tools and migration graph are the repeatedly mirrored Claude Code in Action UIGen scaffold
VERIFY-106,cand-ai-ui-generator-mohit,mongo-fallback-version-loop,Tests generated source validation version durability fallback and preview,included,2026-08-12,Groq agents create React source and Mongo versions while explicit fallback keeps browser history usable when persistence fails
VERIFY-106,cand-ai-ui-generator-yash,session-versioned-agent-loop,Tests Gemini roles schema control session history rollback and preview,included,2026-08-12,Generated source is held in an in-memory session version sequence that the UI can roll back and execute
VERIFY-106,cand-artifex-ui-generator,fallback-aware-browser-authority,Tests real model path mock labeling editable history preview and delivery,included,2026-08-12,Gemini output and an explicit fallback remain distinguishable before browser versions Babel rendering and download
VERIFY-106,cand-ryzen-ai-anushka,credential-gated-agent-authority,Tests whether demo fallback obscures or preserves a real provider path,included,2026-08-12,Groq or OpenAI owns generated source when configured and deterministic output appears only in the documented no-key mode
VERIFY-106,cand-vibeui-faraz,research-polish-sandpack-loop,Tests multi-stage model participation project state live runtime and export,included,2026-08-12,Gemini generates component files and Stitch may polish them before sessionStorage recovery Sandpack execution and ZIP export
VERIFY-106,cand-ai-ui-generator-shivam,unused-provider-template-boundary,Tests whether configured model code participates in ordinary generation,excluded,2026-08-12,Keyword planning and templates produce every artifact while the provider integration remains disconnected
VERIFY-106,cand-ryze-ui-agent-mazhar,three-stage-liveprovider-loop,Tests planning generation explanation version editing and projection,included,2026-08-12,Three Gemini requests produce constrained component source kept as editable in-memory versions and rendered by LiveProvider
VERIFY-106,cand-polymath-ai-builder,course-source-lineage,Tests whether repository renaming establishes an independent product authority,duplicate,2026-08-12,Near-total source overlap and course-specific paths identify a renamed Claude Code in Action derivative
VERIFY-106,cand-corespark-hub,simulated-generation-boundary,Tests whether interactive visual chrome hides deterministic artifact creation,excluded,2026-08-12,The source explicitly names simulateUIGeneration and returns only predefined templates
VERIFY-106,cand-aiuig-leparisien,todo-provider-boundary,Tests present source behavior rather than planned AI integration,excluded,2026-08-12,The generation service says to replace its fixed snippet with AI later and makes no model call now
VERIFY-106,cand-ryzeai-lakshmi,server-versioned-agent-correction,Tests agent generation model modification rollback and runtime proof,included,2026-08-12,Groq creates and modifies validated source whose complete versions support rollback before preview
VERIFY-106,cand-ryze-ui-generator-rohit,ai-plan-deterministic-materialization,Tests whether model participation in design decisions remains decisive despite deterministic code emission,included,2026-08-12,OpenRouter creates the structured plan that governs compiled component choices and later browser versions
VERIFY-106,cand-prompt2site-jay,expiring-multistore-site-artifact,Tests model authorship persistence expiry preview and portable delivery,included,2026-08-12,OpenRouter returns three source layers stored as project state and delivered through iframe and ZIP with a seven-day TTL
VERIFY-106,cand-deepsite-schuerstedt,deepsite-product-lineage,Tests fork branding against the existing canonical DeepSite identity,duplicate,2026-08-12,Repository structure and retained product flow belong to the already counted DeepSite lineage
VERIFY-106,cand-ai-generator-abhi,local-model-multifile-delivery,Tests local model output project variants history visual proof and export,included,2026-08-12,Ollama generates multi-file artifacts retained in Mongo and projected in code and live views before ZIP packaging
VERIFY-106,cand-ai-website-builder-aakriti,webcraft-source-lineage,Tests prompt and controller identity against the earlier WebCraft authority,duplicate,2026-08-12,The master prompt and ordered generation correction credit and publication methods reproduce Siddharth WebCraft
VERIFY-106,cand-starlist-byst4nder,personal-list-boundary,Tests whether a repository index operates a user creation loop,excluded,2026-08-12,Only project links and descriptions are tracked with no artifact runtime
VERIFY-106,cand-webora-josiah,versioned-html-publication-loop,Tests split frontend and backend source generation revision rollback projection and publication,included,2026-08-12,OpenRouter replaces current HTML while Prisma records complete versions that the frontend previews restores and publishes
VERIFY-106,cand-ai-website-builder-lab1207,streamed-virtual-files-loop,Tests streamed authorship manual file editing import preview and export,included,2026-08-12,Google GenAI streams a separated file graph whose browser workspace controls current source and runtime output
VERIFY-106,cand-nexabuild-aqib,session-versioned-deployment-loop,Tests generation chat correction manual editing history preview export and real deployment,included,2026-08-12,Gemini owns three editable source files while Streamlit session history ZIP and GitHub Pages delivery preserve the user loop
VERIFY-106,cand-ai-website-builder-rizwan,greatstack-course-lineage,Tests source identity against the later located official GreatStack project,duplicate,2026-08-12,Distinctive Prisma schemas prompts assets plan copy and routes identify a GreatStack course implementation
VERIFY-106,cand-flashsite,deepsite-extension-lineage,Tests whether added provider and delivery features constitute a separately defined product lineage,duplicate,2026-08-12,The maintainer explicitly calls the repository a DeepSite extension and retains its core product authority
VERIFY-106,cand-ai-website-builder-bonifacio,filelocked-session-history,Tests complete-document replacement persistence restoration preview and sharing,included,2026-08-12,OpenAI output and prompts append to file-locked pickle sessions that restore whole HTML documents and serve published views
VERIFY-106,cand-forge-ai-app-builder-ronak,source-lineage-deduplication,Tests independent identity against earlier tracked source and repository timing,duplicate,2026-08-12,Fifty-one identical path and blob pairs plus later repository creation identify the Piyush AI App Builder lineage
VERIFY-106,cand-ai-website-builder-zaran,prisma-website-version-loop,Tests source generation conversational correction durable versions runtime and download,included,2026-08-12,OpenRouter creates three source layers and Prisma websiteVersion records expose recoverable history beside the iframe
VERIFY-106,cand-ai-website-builder-mohammad,frame-authority-direct-dom-editing,Tests streaming source persistence iframe authority direct selection and save semantics,included,2026-08-12,Gemini HTML persists as a frame and element edits rewrite and save the current outerHTML without a historical snapshot claim
VERIFY-106,cand-ai-website-builder-pg1590,greatstack-course-lineage,Tests schema prompt and controller identity against the official course family,duplicate,2026-08-12,Project Conversation and Version schemas plus rollback and publication paths reproduce the GreatStack project
VERIFY-106,cand-vulx-ai-builder,ordinary-user-surface-boundary,Tests whether backend agent capabilities alone establish a visual product loop,excluded,2026-08-12,The reachable frontend only creates and lists users so no person can author inspect or deliver the sandbox artifacts
VERIFY-106,cand-ai-website-builder-firefetch,snapshot-artifact-deployment-loop,Tests provider tools file authority snapshots restoration dual previews and delivery,included,2026-08-12,Claude or MiniMax mutates SQLite artifacts that explicit JSON snapshots restore before GitHub or Coolify delivery
VERIFY-106,cand-ai-website-builder-abhinav,greatstack-course-lineage,Tests repository identity against the official course schema and controller structure,duplicate,2026-08-12,The Prisma project conversation version rollback and publication code belongs to the GreatStack course family
VERIFY-106,cand-ai-website-builder-vijay,planned-multifile-operation-revisions,Tests staged model authority file persistence manual edits preview and revision semantics,included,2026-08-12,OpenRouter plans and emits per-file source stored in Mongo while revisions apply structured operations and increment current version
VERIFY-106,cand-ai-website-builder-krishna,sqlite-single-document-loop,Tests actual generation storage and preview separately from roadmap claims,included,2026-08-12,OpenRouter HTML is persisted and projected but history and export are explicitly future enhancements
VERIFY-106,cand-agentic-ai-builder-akhil,provider-json-project-version-loop,Tests real provider authority optional fallback persistence preview and restoration,included,2026-08-12,OpenRouter JSON files become editor and Babel preview state then Mongo versions preserve complete restorable project snapshots
VERIFY-106,cand-ai-website-builder-ved,greatstack-course-lineage,Tests repository timing and source identity against the official course,duplicate,2026-08-12,The repository reproduces the GreatStack Prisma and OpenRouter project implementation
VERIFY-106,cand-webforge-ai-hrsh,greatstack-course-lineage,Tests renamed branding against shared course version and publication authority,duplicate,2026-08-12,WebForge wraps the GreatStack source lineage and does not establish a second independently defined product
VERIFY-106,cand-ai-website-builder-safwan,component-version-postgres-loop,Tests model planning component authority editing complete snapshots restore preview and export,included,2026-08-12,Groq or Gemini output becomes persisted components and complete Version snapshots selected by the project workspace
VERIFY-106,cand-ai-website-builder-sgk,multitarget-agentic-production-workspace,Tests provider routing generated file authority agent edits history runtime export and deploy,included,2026-08-12,Webstew routes generation across models and target frameworks while its workspace persists source and exposes preview revision and deployment operations
VERIFY-106,cand-zen-ai-builder,greatstack-course-lineage,Tests product renaming against the official course identity,duplicate,2026-08-12,Zen preserves the GreatStack schemas controller flow and source authority
VERIFY-106,cand-ai-website-builder-win,webcraft-source-lineage,Tests principal prompt and controller sequence against the earlier WebCraft repository,duplicate,2026-08-12,The master prompt generation correction credit and publication methods reproduce Siddharth WebCraft
VERIFY-107,cand-tuvix-js,repository-boundary-screen,Tests whether the repository itself owns an ordinary-user design loop,excluded,2026-08-12,A microfrontend framework and agent skill bundle does not expose an ordinary-user visual artifact loop
VERIFY-107,cand-awesome-tribixbite,repository-boundary-screen,Tests whether the repository itself owns an ordinary-user design loop,excluded,2026-08-12,A curated link collection owns no design artifact authoring or correction runtime
VERIFY-107,cand-ai-component-generator-shakti,artifact-authority-runtime-loop,Tests provider participation durable artifact authority projection correction and delivery boundaries,included,2026-08-12,OpenAI produces constrained React source that Mongo sessions retain beside executable preview and ZIP download
VERIFY-107,cand-react-component-generator-mohit,artifact-authority-runtime-loop,Tests provider participation durable artifact authority projection correction and delivery boundaries,included,2026-08-12,Gemini generates component source persisted with Mongo sessions and exposed through history preview and delivery surfaces
VERIFY-107,cand-comp-gen-aditya,artifact-authority-runtime-loop,Tests provider participation durable artifact authority projection correction and delivery boundaries,included,2026-08-12,OpenRouter generation enters persisted sessions with code editing property controls iframe projection and ZIP export
VERIFY-107,cand-devoraui,artifact-authority-runtime-loop,Tests provider participation durable artifact authority projection correction and delivery boundaries,included,2026-08-12,OpenRouter BYOK generation becomes a saved Mongo component that can be edited previewed and published into an npm library
VERIFY-107,cand-awesome-stars-zaid,repository-boundary-screen,Tests whether the repository itself owns an ordinary-user design loop,excluded,2026-08-12,The repository is a personal stars index rather than a visual creation product
VERIFY-107,cand-craftui-dhirav,repository-boundary-screen,Tests whether the repository itself owns an ordinary-user design loop,excluded,2026-08-12,Tracked source defines a static developer component system without AI participation in an ordinary-user authoring loop
VERIFY-107,cand-goqa-feeds,repository-boundary-screen,Tests whether the repository itself owns an ordinary-user design loop,excluded,2026-08-12,Repository feeds and links do not own a visual or interactive artifact
VERIFY-107,cand-ai-website-builder-subrata,artifact-authority-runtime-loop,Tests provider participation durable artifact authority projection correction and delivery boundaries,included,2026-08-12,OpenAI generates a multi-page file set that the FastAPI service previews and packages as a portable ZIP
VERIFY-107,cand-dev-resources-marcel,repository-boundary-screen,Tests whether the repository itself owns an ordinary-user design loop,excluded,2026-08-12,A resource catalogue has no runnable design-specific artifact authority
VERIFY-107,cand-claude-directory-pulkit,repository-boundary-screen,Tests whether the repository itself owns an ordinary-user design loop,excluded,2026-08-12,Static examples and prompts intended for use by external agents do not constitute an ordinary-user creation workspace
VERIFY-107,cand-agentsite,artifact-authority-runtime-loop,Tests provider participation durable artifact authority projection correction and delivery boundaries,included,2026-08-12,A multi-agent pipeline writes project files under review gates with live preview SQLite memory and ZIP delivery
VERIFY-107,cand-awesome-ai-driven-dev,repository-boundary-screen,Tests whether the repository itself owns an ordinary-user design loop,excluded,2026-08-12,The repository indexes external development resources and owns no visual artifact loop
VERIFY-107,cand-voxelsite,artifact-authority-runtime-loop,Tests provider participation durable artifact authority projection correction and delivery boundaries,included,2026-08-12,A self-hosted Studio lets models and people mutate a structured multi-page site with preview revisions snapshots and publication
VERIFY-107,cand-awesome-openclaw-skills-sundial,repository-boundary-screen,Tests whether the repository itself owns an ordinary-user design loop,excluded,2026-08-12,A skill catalogue coordinates external tools but does not own the resulting design artifact
VERIFY-107,cand-ai-website-builder-dennis,artifact-authority-runtime-loop,Tests provider participation durable artifact authority projection correction and delivery boundaries,included,2026-08-12,OpenRouter returns a complete HTML document written to disk with prompt history a separate preview server and download
VERIFY-107,cand-buildify-pragya,artifact-authority-runtime-loop,Tests provider participation durable artifact authority projection correction and delivery boundaries,included,2026-08-12,Gemini separately authors HTML CSS and JavaScript files that are written to a generated workspace for preview and ZIP delivery
VERIFY-107,cand-ai-website-builder-vardhan,artifact-authority-runtime-loop,Tests provider participation durable artifact authority projection correction and delivery boundaries,included,2026-08-12,Groq streams complete HTML under full conversational context into an editable iframe workspace with copy and download
VERIFY-107,cand-ai-website-builder-lucas,artifact-authority-runtime-loop,Tests provider participation durable artifact authority projection correction and delivery boundaries,included,2026-08-12,Local Ollama models select embedded foundation components before deterministic assembly produces editable previewable and downloadable project files
VERIFY-107,cand-ai-website-builder-markec,artifact-authority-runtime-loop,Tests provider participation durable artifact authority projection correction and delivery boundaries,included,2026-08-12,Browser-side Gemini streams one editable HTML artifact with iframe projection ten-step in-memory history and download
VERIFY-107,cand-ai-website-builder-chitransh,artifact-authority-runtime-loop,Tests provider participation durable artifact authority projection correction and delivery boundaries,included,2026-08-12,Gemini creates structured HTML CSS and JavaScript then targeted refine and chat routes correct the current browser artifact
VERIFY-107,cand-ai-app-builder-piyush,artifact-authority-runtime-loop,Tests provider participation durable artifact authority projection correction and delivery boundaries,included,2026-08-12,The earliest observable repository in a large tutorial lineage persists generated React file graphs and messages for Sandpack editing and ZIP export
VERIFY-107,cand-ai-app-builder-pragati,source-lineage-deduplication,Tests independent identity against earlier tracked source and repository timing,duplicate,2026-08-12,Tracked-file identity and later publication place this repository in the Piyush AI App Builder source lineage
VERIFY-107,cand-forge-subham,source-lineage-deduplication,Tests independent identity against earlier tracked source and repository timing,duplicate,2026-08-12,The repository preserves the same file graph generation Prisma workspace and Sandpack implementation as the earlier Piyush lineage
VERIFY-107,cand-ai-app-builder-shrish,source-lineage-deduplication,Tests independent identity against earlier tracked source and repository timing,duplicate,2026-08-12,High path and blob overlap identifies a later derivative of the Piyush tutorial implementation
VERIFY-107,cand-ai-app-builder-aman,source-lineage-deduplication,Tests independent identity against earlier tracked source and repository timing,duplicate,2026-08-12,Nearly complete tracked-source identity identifies the Piyush AI App Builder lineage
VERIFY-107,cand-ai-app-builder-giorgi,source-lineage-deduplication,Tests independent identity against earlier tracked source and repository timing,duplicate,2026-08-12,The later repository reproduces the Piyush generation persistence and Sandpack workspace source
VERIFY-107,cand-ai-app-builder-magical,source-lineage-deduplication,Tests independent identity against earlier tracked source and repository timing,duplicate,2026-08-12,Nearly complete source overlap and later timing make this a Piyush lineage derivative
VERIFY-107,cand-ai-app-builder-ed,source-lineage-deduplication,Tests independent identity against earlier tracked source and repository timing,duplicate,2026-08-12,All substantive tracked source is shared with the earlier Piyush AI App Builder implementation
VERIFY-107,cand-ai-app-builder-210,source-lineage-deduplication,Tests independent identity against earlier tracked source and repository timing,duplicate,2026-08-12,The repository retains the same tutorial file authority and differs only at the derivative edge
VERIFY-107,cand-forge-ai-app-builder-aryan,source-lineage-deduplication,Tests independent identity against earlier tracked source and repository timing,duplicate,2026-08-12,Source overlap and later creation establish the Piyush tutorial lineage despite Forge branding
VERIFY-107,cand-forge-dhruv,artifact-authority-runtime-loop,Tests provider participation durable artifact authority projection correction and delivery boundaries,included,2026-08-12,An independently structured project API validates plans and files then supports modify repair complete versions restore preview and export
VERIFY-107,cand-nexa-app-builder-asif,source-lineage-deduplication,Tests independent identity against earlier tracked source and repository timing,duplicate,2026-08-12,Shared core paths and blobs show a renamed derivative of the Piyush tutorial source authority
VERIFY-107,cand-forgey-ishu,source-lineage-deduplication,Tests independent identity against earlier tracked source and repository timing,duplicate,2026-08-12,The core generator workspace and persistence paths remain those of the Piyush lineage despite additional divergence
VERIFY-107,cand-ai-app-builder-saas-tauhid,artifact-authority-runtime-loop,Tests provider participation durable artifact authority projection correction and delivery boundaries,included,2026-08-12,A distinct multi-provider service persists parent-linked versions and exposes diff restore Sandpack preview and ZIP export
VERIFY-107,cand-buildify-arush,source-lineage-deduplication,Tests independent identity against earlier tracked source and repository timing,duplicate,2026-08-12,Later timing and shared generator workspace source identify the Piyush tutorial lineage
VERIFY-107,cand-hephaestus-app-builder,source-lineage-deduplication,Tests independent identity against earlier tracked source and repository timing,duplicate,2026-08-12,Product renaming does not separate the copied Piyush file graph generation and workspace implementation
VERIFY-107,cand-ai-app-builder-abhinav,source-lineage-deduplication,Tests independent identity against earlier tracked source and repository timing,duplicate,2026-08-12,Substantial exact-source overlap and later publication establish the Piyush tutorial lineage
VERIFY-107,cand-forgeai-sahil,source-lineage-deduplication,Tests independent identity against earlier tracked source and repository timing,duplicate,2026-08-12,The same core project schema generation routes and Sandpack workspace remain authoritative under new branding
VERIFY-107,cand-raj-ai-app-builder,artifact-authority-runtime-loop,Tests provider participation durable artifact authority projection correction and delivery boundaries,included,2026-08-12,Cerebras streams React component source into a browser workspace whose Sandpack runtime supplies visual proof
VERIFY-107,cand-flux-app-builder-kartik,source-lineage-deduplication,Tests independent identity against earlier tracked source and repository timing,duplicate,2026-08-12,The later repository retains the central Piyush generator project and Sandpack source lineage
VERIFY-107,cand-luma-ai-studio,artifact-authority-runtime-loop,Tests provider participation durable artifact authority projection correction and delivery boundaries,included,2026-08-12,A Gemini LangGraph agent uses file tools over SQL-backed projects with Sandpack preview ZIP export and GitHub publication
VERIFY-107,cand-vibesdk-mvp,artifact-authority-runtime-loop,Tests provider participation durable artifact authority projection correction and delivery boundaries,included,2026-08-12,OpenAI produces a blueprint and multi-file project while explicit fallback provenance remains distinct before local recovery and Sandpack preview
VERIFY-107,cand-buildrx,artifact-authority-runtime-loop,Tests provider participation durable artifact authority projection correction and delivery boundaries,included,2026-08-12,A multi-agent workflow authors a Supabase-backed project file graph for editor preview GitHub ZIP and deployment paths
VERIFY-108,cand-aakshin-ai-ui-generator,missing-artifact-authority,Tests whether product claims are backed by runnable application source,excluded,2026-08-12,The repository contains metadata and narrative but no application implementation to inspect
VERIFY-108,cand-ai-ui-generator-harshi,single-document-authority,Tests generation correction projection and delivery against one HTML artifact,included,2026-08-12,OpenAI output and manual edits converge on one HTML state used by iframe preview and download
VERIFY-108,cand-synapese-25,typed-layout-authority,Tests whether AI output becomes a structured editable layout with downstream delivery,included,2026-08-12,Model services populate a typed section graph consumed by the renderer and React or Shopify exporters
VERIFY-108,cand-ryze-ai-subhankar,assignment-identity-boundary,Tests whether the repository defines a product independently of the shared Ryze brief,excluded,2026-08-12,The README explicitly names the Ryze assignment and repeats its Planner Generator Explainer constraints
VERIFY-108,cand-forma-fluens,single-document-authority,Tests model participation local correction history projection and export,included,2026-08-12,Gemini writes standalone HTML that remains directly editable and is saved in local history before export
VERIFY-108,cand-pixel-mcp-workflow,missing-runtime-boundary,Tests whether workflow documents expose an executable ordinary-user artifact loop,excluded,2026-08-12,Only documentation and downloaded materials are present without a runnable visual authority
VERIFY-108,cand-uigen-rebar,course-source-lineage,Tests whether renamed source establishes a separate independently authored product,duplicate,2026-08-12,File tools Prisma migrations and the virtual project graph match the Claude Code in Action UIGen sample
VERIFY-108,cand-uigen-lucas,course-source-lineage,Tests whether MCP additions separate product identity from the course source,duplicate,2026-08-12,The central UIGen artifact schema tools and migration lineage remain unchanged
VERIFY-108,cand-genui-dimple,editable-code-projection,Tests provider call mutable code state history and visual delivery,included,2026-08-12,Gemini output enters Monaco and browser history then the same code feeds preview copy and download
VERIFY-108,cand-genui-aman,editable-code-projection,Tests whether generation and manual correction share one visual artifact authority,included,2026-08-12,The Home state is one mutable HTML string shared by Gemini Monaco iframe copy and file download
VERIFY-108,cand-takumi,managed-component-project,Tests structured generation runtime isolation user persistence and export,included,2026-08-12,Gemini emits a React bundle mounted in Sandpack and linked to the authenticated Prisma generation record
VERIFY-108,cand-acciojob-ai-component-sumant,assignment-identity-boundary,Tests whether an evaluated submission represents an independently defined product,excluded,2026-08-12,Repository naming and the repeated evaluation checklist establish the AccioJob assignment boundary
VERIFY-108,cand-componentai-arjun,assignment-identity-boundary,Tests whether branding separates the implementation from a shared product brief,excluded,2026-08-12,The stateful micro-frontend specification and scoring checklist repeat the same assignment definition
VERIFY-108,cand-componentai-ansh,assignment-source-lineage,Tests both independent authorship and independent product definition,excluded,2026-08-12,Near-total source overlap with Arjun plus the shared checklist establish an assignment submission
VERIFY-108,cand-component-generator-vikas,assignment-identity-boundary,Tests whether a different implementation stack creates a new product identity,excluded,2026-08-12,The same stateful component playground brief and assessment surfaces remain authoritative
VERIFY-108,cand-multiai-ts-gorris,course-source-lineage,Tests whether multi-provider extensions separate product identity from the course sample,duplicate,2026-08-12,Provider routing changes leave the UIGen project model tools migrations and preview authority intact
VERIFY-108,cand-designforge-ai,component-system-governance,Tests variant generation property correction local promotion and delivery,included,2026-08-12,AI returns a component variant while the playground and local kit control preview selection collections and ZIP export
VERIFY-108,cand-cryptocurrency-cv-nirholas,non-design-product-boundary,Tests whether a general application contains its own AI-mediated Design loop,excluded,2026-08-12,The cryptocurrency application does not expose visual creation correction or translation by an AI agent
VERIFY-108,cand-uichemy,design-to-native-builder-authority,Tests AI participation structured translation destination authority and publication boundaries,included,2026-08-12,AI Mode and the cloud conversion path materialize Figma structure as editable Elementor Gutenberg or Bricks objects
VERIFY-108,cand-llms-txt-hub,directory-boundary,Tests whether an index owns rather than lists an artifact workflow,excluded,2026-08-12,The repository catalogues llms.txt resources and has no visual artifact authority
VERIFY-108,cand-naano-wp-ai-builder,section-job-publication-boundary,Tests provider routing partial mutation draft durability and explicit publish authority,included,2026-08-12,Queued section generations update the WordPress draft while publication remains a separate user action
VERIFY-108,cand-spaceforge,local-model-versioned-site,Tests on-device generation file authority version recovery preview and publication,included,2026-08-12,WebGPU inference writes site files whose durable project versions can be activated and published
VERIFY-108,cand-xsharko-ai,persisted-website-source,Tests conversational generation durable source visual correction and delivery,included,2026-08-12,OpenRouter updates a stored website document that the editor and preview consume before deployment
VERIFY-108,cand-naklikam,agent-mutated-project-filesystem,Tests tool-driven file mutation browser runtime persistence and delivery,included,2026-08-12,Claude creates or updates project files which feed the browser runtime and GitHub or Vercel handoff
VERIFY-108,cand-paru-ai,greatstack-course-lineage,Tests whether renamed features establish a team identity outside the course,duplicate,2026-08-12,Source fingerprints preserve the GreatStack schemas assets prompts and complete version protocol
VERIFY-108,cand-buildora-ai-studio,persisted-html-project,Tests model call durable artifact editor projection sharing and publication,included,2026-08-12,Gemini output is stored as project HTML and reused by the editor iframe preview and public community view
VERIFY-108,cand-absbuilder,single-document-authority,Tests server-side generation mutable preview and export of a website artifact,included,2026-08-12,The API returns one website document which the dashboard retains for code viewing preview and download
VERIFY-108,cand-ybuilt,empty-source-boundary,Tests whether the inspected repository contains any product implementation,excluded,2026-08-12,The pinned commit has no tracked application files
VERIFY-108,cand-velora-ai,genie-public-source-lineage,Tests whether the later repository materially changes the shared Mongo website authority,duplicate,2026-08-12,Normalized source overlap and identical latestCode conversation credit and slug protocol retain the Genie lineage
VERIFY-108,cand-ai-site-builder-aaditya,greatstack-course-lineage,Tests whether provider and naming changes leave the course product boundary,duplicate,2026-08-12,The repository retains GreatStack schemas assets controllers plan copy rollback and publication paths
VERIFY-108,cand-quriosity-articles,content-collection-boundary,Tests whether research writing includes an executable visual artifact authority,excluded,2026-08-12,The repository is an article collection without an ordinary-user creation runtime
VERIFY-108,cand-blaze-builder-review,secondary-page-boundary,Tests whether a review repository is the builder product it describes,excluded,2026-08-12,The affiliate review page neither owns nor implements the claimed builder
VERIFY-108,cand-awesome-stars-yumyo,directory-boundary,Tests whether a personal index owns any listed product workflow,excluded,2026-08-12,The star catalogue is secondary discovery material without its own artifact loop
VERIFY-108,cand-free-crypto-news,non-design-product-boundary,Tests whether a feed application participates in visual Design work,excluded,2026-08-12,The cryptocurrency feed has no AI-mediated creation correction translation or delivery artifact
VERIFY-108,cand-cryptocurrency-cv-yourkarma,non-design-source-lineage,Tests whether a copied generic application establishes a Design product,excluded,2026-08-12,Near-total source overlap with a cryptocurrency application leaves no qualifying Design loop
VERIFY-108,cand-induwara-free-tools,directory-boundary,Tests whether a general tools portal owns an AI visual workflow,excluded,2026-08-12,The directory aggregates utilities and does not establish a design-specific artifact authority
VERIFY-108,cand-vibra-code,mobile-project-agent-runtime,Tests agent file mutation durable session sync native preview and delivery,included,2026-08-12,Claude Code writes an Expo project in E2B while Convex and tunnel URLs relay files and live output to the phone
VERIFY-108,cand-sandboxd,isolated-project-agent-runtime,Tests workspace authority snapshots code inspection preview and production transition,included,2026-08-12,The agent owns files inside a sandbox with stored snapshots preview URLs console editing and deployment controls
VERIFY-108,cand-bolt-diy-v2-stijnus,source-lineage-deduplication,Tests whether a self-hosted variant establishes a product outside Bolt identity,duplicate,2026-08-12,Bolt naming artifact actions WebContainer workbench and persistence protocol remain the defining lineage
VERIFY-108,cand-open-claude,general-agent-build-surface,Tests whether a general chat product has a first-class visual artifact loop,included,2026-08-12,Build mode replaces a virtual React file set and regenerates its iframe projection across iterative prompts
VERIFY-108,cand-totalum-ai-app-builder-open,external-managed-project,Tests open surface authority against the unavailable VCAAS backend boundary,included,2026-08-12,The workspace exposes project code preview versions data GitHub and hosting while the external service owns mutation
VERIFY-108,cand-ai-coding-landscape,research-catalog-boundary,Tests whether a landscape itself creates a visual artifact,excluded,2026-08-12,The repository describes other coding tools and has no creation authority of its own
VERIFY-108,cand-nativebot,mobile-filesystem-agent,Tests prompt-to-project mutation device preview persistence and store delivery,included,2026-08-12,The agent modifies a durable Expo and backend tree then exposes QR preview and shipment commands
VERIFY-108,cand-buildable-plugin-skills,agent-governed-template-generation,Tests spec authority executable generation visual review and handoff,included,2026-08-12,Commands materialize a saved app spec into runnable templates and require build plus optional browser-render review
VERIFY-108,cand-awesome-vibe-coding-0xwelt,directory-boundary,Tests whether a curated collection operates a qualifying artifact loop,excluded,2026-08-12,The list points to other tools and does not own a visual authoring artifact
VERIFY-108,cand-awesome-ai-dev-tools-pierruno,directory-boundary,Tests whether a tool directory is itself an executable Design product,excluded,2026-08-12,The repository only catalogues external developer tools
VERIFY-108,cand-awesome-vibe-coding-tyson,directory-boundary,Tests whether curated discovery material owns an artifact authority,excluded,2026-08-12,The list contains references rather than an ordinary-user visual workflow
VERIFY-108,cand-ai-powered-coding-tools-derek,guide-boundary,Tests whether written guidance includes a runnable artifact loop,excluded,2026-08-12,The repository documents coding products without implementing one
VERIFY-108,cand-builderai-raj,multi-agent-project-graph,Tests planned file generation repair persistence runtime versions and delivery,included,2026-08-12,A LangGraph pipeline authors and repairs a multi-file app that persists for sandbox preview restoration export and deploy
VERIFY-108,cand-appfromai,on-device-generated-module,Tests model response normalization executable authority direct style correction and persistence,included,2026-08-12,A normalized generated module is stored locally and directly restyled while the mobile runtime executes the same artifact
VERIFY-108,cand-ai-treasure-box,directory-boundary,Tests whether a resource collection owns any listed workflow,excluded,2026-08-12,The repository aggregates AI resources without an artifact authority
VERIFY-108,cand-awesome-free-ai-tools-ruhulkuddus,directory-boundary,Tests whether a curated free-tool list is an independently runnable product,excluded,2026-08-12,The list has no model-mediated visual creation or correction loop
VERIFY-108,cand-awesome-ai-resources-sojal,directory-boundary,Tests whether a resource index owns a Design artifact,excluded,2026-08-12,The repository is useful for discovery but does not implement a product authority
VERIFY-108,cand-opsiforce,kubernetes-project-agent-runtime,Tests full-stack workspace authority visual validation persistence and publication,included,2026-08-12,The agent mutates a persistent sandbox project with hot preview diagnostics and a separately built production release
VERIFY-108,cand-awesome-ai-startups-nowork,directory-boundary,Tests whether a startup catalogue owns a visual artifact loop,excluded,2026-08-12,The directory is a secondary source and not a qualifying product
VERIFY-109,cand-anthropic-course-uigen,course-canonicalization,Tests whether repeated mirrors represent one course sample and whether that sample has a runnable Design loop,included,2026-08-12,Official course evidence and repeated source establish one UIGen virtual-file project with model tools editor preview persistence and export
VERIFY-110,cand-awesome-ai-products-xiawu,directory-boundary,Tests whether the curated product inventory owns an artifact loop,excluded,2026-08-12,The repository only points to external products
VERIFY-110,cand-ai-builder-nishant,typed-dashboard-authority,Tests model schema generation direct graph correction versions projection and export,included,2026-08-12,A typed dashboard schema remains shared by AI diffs drag resize JSON editing rendering history and code export
VERIFY-110,cand-uicrafter-ariq,model-participation-boundary,Tests whether artifact decisions are made by AI or deterministic templates,excluded,2026-08-12,The generator selects predefined templates without a model or agent
VERIFY-110,cand-forgeui-miraz,simulated-ai-boundary,Tests whether claimed generation and preview are implemented rather than mocked,excluded,2026-08-12,Generation is hardcoded and the advertised studio preview is unavailable in the repository
VERIFY-110,cand-stitch-clone-khandev,in-memory-ui-workbench,Tests real generation editing canvas history and the claimed persistence and export limits,included,2026-08-12,Claude or Groq streams HTML into Monaco iframe screens and undo history while persistence and Figma export remain unimplemented
VERIFY-110,cand-codeui-paurakh,durable-multifile-builder,Tests provider generation visual edit checkpoints source projection and delivery,included,2026-08-12,A Mongo project and checkpoint graph governs code visual changes preview export and explicit publication
VERIFY-110,cand-awesome-ai-design-tools-timur,directory-boundary,Tests whether a design-tool list is itself a product,excluded,2026-08-12,The repository owns no listed tool or artifact
VERIFY-110,cand-se-w2-d2-ai-tools-huggingface,course-exercise-boundary,Tests whether a survey exercise defines an independent product,excluded,2026-08-12,The repository contains learning tasks and external tool references rather than a product loop
VERIFY-110,cand-awesome-rust-ai-libraries,directory-boundary,Tests whether a library catalogue authors a visual artifact,excluded,2026-08-12,The catalogue has no ordinary-user runtime or artifact authority
VERIFY-110,cand-basicllm,implementation-boundary,Tests whether the advertised builder exists in tracked source,excluded,2026-08-12,Only a learning roadmap is present and no builder workflow is implemented
VERIFY-110,cand-ayushi-ai,single-document-publish-loop,Tests generation source correction sandbox export and explicit hosting,included,2026-08-12,One Gemini HTML document feeds Monaco iframe ZIP and a separate server publication endpoint
VERIFY-110,cand-webcraft-ai,greatstack-course-lineage,Tests source identity against the official course project,duplicate,2026-08-12,Distinctive schemas prompts assets and version routes reproduce the GreatStack implementation
VERIFY-110,cand-webbuild-arpitt,section-graph-canvas,Tests structured generation canvas mutation AI refinement and release truthfulness,included,2026-08-12,Gemini writes section JSON used by the drag canvas and inspector while publish only creates simulated client state
VERIFY-110,cand-genwebai-piyush,genie-public-source-lineage,Tests exact source identity against the earlier public repository,duplicate,2026-08-12,Normalized source overlap is near total and Mongo artifact fields and controllers are identical
VERIFY-110,cand-genweb-ai-prince,genie-public-source-lineage,Tests renamed implementation identity against the earlier public repository,duplicate,2026-08-12,Shared models controllers editor credit flow and slug publication retain the Genie lineage
VERIFY-110,cand-wizardry-ai-website-builder,greatstack-course-lineage,Tests source and asset fingerprints against the official course,duplicate,2026-08-12,Prisma schemas prompts assets and plan copy reproduce the GreatStack project
VERIFY-110,cand-forgix,derived-multi-input-builder,Tests whether the shared builder base is materially redefined by new artifact inputs,included,2026-08-12,Screenshot and URL extraction become first-class rebuild authorities in addition to prompts and persisted source
VERIFY-110,cand-gensite,multipage-versioned-project,Tests streamed file generation targeted edits versions rollback preview download and publish,included,2026-08-12,A durable multi-page file map is edited and versioned as the common source for sandbox and release surfaces
VERIFY-110,cand-awesome-ai-website-builders-ian,directory-boundary,Tests whether a comparative builder list owns a product loop,excluded,2026-08-12,The repository describes external builders without implementing one
VERIFY-110,cand-genie-ai-website-builder,earliest-public-mongo-lineage,Tests artifact authority and chronological public-source status without claiming original authorship,included,2026-08-12,The earliest located public repository stores one Mongo HTML document through generation editing preview and slug publication
VERIFY-110,cand-ai-design-tools-wasabi,directory-boundary,Tests whether a design catalogue owns listed artifact loops,excluded,2026-08-12,The repository is a collection of external design tools
VERIFY-110,cand-fanbox,agent-visual-workspace,Tests source authority visual inspection terminal sessions rollback and agent coordination,included,2026-08-12,Local files remain authoritative while preview diff snapshots terminal and resumable agent sessions coordinate their change
VERIFY-110,cand-awesome-vibe-coding-jiji,directory-boundary,Tests whether a vibe-coding list runs a qualifying product,excluded,2026-08-12,The repository only curates external tools
VERIFY-110,cand-awesome-angular-patrick,directory-boundary,Tests whether a framework resource list has an artifact loop,excluded,2026-08-12,The collection contains references and libraries rather than a model-mediated product
VERIFY-110,cand-awesome-vibe-coding-no-fluff,directory-boundary,Tests whether a landscape repository owns an artifact,excluded,2026-08-12,The list is discovery material without an executable authority
VERIFY-110,cand-aipm-vibe-coding-project,course-exercise-boundary,Tests whether the course project is independently operated and defined,excluded,2026-08-12,The tracked material is an educational brief rather than a product artifact loop
VERIFY-110,cand-awesome-prompt-engineering,prompt-collection-boundary,Tests whether prompt resources implement a visual runtime,excluded,2026-08-12,The repository stores prompts and references without a visual artifact
VERIFY-110,cand-gpt-prompt-hub,prompt-collection-boundary,Tests whether a prompt index owns generated artifacts,excluded,2026-08-12,No ordinary-user visual runtime or artifact authority is implemented
VERIFY-110,cand-ai-collection,directory-boundary,Tests whether a product catalogue owns any listed workflow,excluded,2026-08-12,The catalogue only links to external products
VERIFY-110,cand-tibia-imgui-map-editor,model-participation-boundary,Tests whether AI participates in map artifact decisions,excluded,2026-08-12,The map editor is conventional software with no model or agent loop
VERIFY-110,cand-obsidian-smart-connections,design-artifact-boundary,Tests whether semantic note retrieval constitutes visual artifact authoring,excluded,2026-08-12,The product recommends and retrieves note connections rather than creating a Design artifact
VERIFY-110,cand-ai-whatchelin,guide-boundary,Tests whether the tool comparison repository implements a product,excluded,2026-08-12,The repository evaluates external AI tools and owns no artifact loop
VERIFY-110,cand-magic-frame-jeremiaa,model-participation-boundary,Tests whether the visual display uses AI in artifact creation,excluded,2026-08-12,The home display has no model or agent participation
VERIFY-110,cand-aidevops,visual-authority-boundary,Tests whether the general DevOps agent owns a visual artifact loop,excluded,2026-08-12,The toolkit automates engineering tasks without a product-specific visual authority
VERIFY-110,cand-agentic-coding-flywheel,visual-authority-boundary,Tests whether agent infrastructure is itself a visual creation product,excluded,2026-08-12,The repository configures coding agents and has no ordinary-user Design artifact
VERIFY-110,cand-awesome-shadcn-ui-biro,directory-boundary,Tests whether a component directory authors artifacts,excluded,2026-08-12,The repository curates components owned elsewhere
VERIFY-110,cand-awesome-shadcn-ui-bytefer,directory-boundary,Tests whether a component collection has an AI authoring loop,excluded,2026-08-12,The collection has no model-mediated runtime
VERIFY-110,cand-awesome-ides-zeel,directory-boundary,Tests whether an IDE catalogue operates a product,excluded,2026-08-12,The repository only lists external development tools
VERIFY-110,cand-awesome-software-composers,directory-boundary,Tests whether a coding-product landscape owns an artifact,excluded,2026-08-12,The list is discovery evidence rather than an executable product
VERIFY-110,cand-awesome-shadcnui-2fly,directory-boundary,Tests whether a resource list owns listed components,excluded,2026-08-12,The collection has no artifact authority of its own
VERIFY-110,cand-awesome-nextjs-bytefer,directory-boundary,Tests whether a framework catalogue runs a model-mediated workflow,excluded,2026-08-12,The repository is a resource index only
VERIFY-110,cand-oboto,persistent-ui-surfaces,Tests agent generation editable JSX sandbox state revisions and runtime correction,included,2026-08-12,Filesystem-backed Surface metadata and JSX are rendered edited revisioned and reverted through one constrained runtime
VERIFY-110,cand-awesome-shadcn-ui-site,directory-boundary,Tests whether a catalogue front end authors AI artifacts,excluded,2026-08-12,The site presents external components without a model-authoring loop
VERIFY-110,cand-awesome-github-projects-viktor,directory-boundary,Tests whether a repository index is a qualifying product,excluded,2026-08-12,The index owns none of the listed artifacts
VERIFY-110,cand-shadcn-ui-blocks,library-boundary,Tests whether a static block library contains an AI loop,excluded,2026-08-12,The repository supplies reusable UI code without model participation
VERIFY-110,cand-awesome-design-productivity,directory-boundary,Tests whether a productivity list owns a Design artifact,excluded,2026-08-12,The repository only curates external resources
VERIFY-110,cand-definitive-opensource,directory-boundary,Tests whether an open-source catalogue operates a product loop,excluded,2026-08-12,The repository indexes projects owned elsewhere
VERIFY-110,cand-awesome-ai-agents-aloth,directory-boundary,Tests whether an agent catalogue owns a visual artifact workflow,excluded,2026-08-12,The list is discovery material and not an executable Design product
VERIFY-110,cand-awesome-cli-apps-csv,directory-boundary,Tests whether a software inventory has a visual artifact authority,excluded,2026-08-12,The CSV catalogues external command-line applications
VERIFY-110,cand-awesome-opensource-ai-alvin,directory-boundary,Tests whether an AI repository list owns product artifacts,excluded,2026-08-12,The collection only points to other projects
VERIFY-110,cand-awesome-prompts-ai-boost,prompt-collection-boundary,Tests whether prompt files implement an artifact runtime,excluded,2026-08-12,The repository contains reusable prompts rather than a product loop
VERIFY-110,cand-stars-davidwells,directory-boundary,Tests whether a personal repository index owns artifacts,excluded,2026-08-12,The repository is an automatically maintained star catalogue
VERIFY-110,cand-top-deep-learning,directory-boundary,Tests whether a learning list defines a Design product,excluded,2026-08-12,The repository collects educational resources only
VERIFY-110,cand-chativa,design-artifact-boundary,Tests whether a general assistant widget creates or corrects a visual artifact,excluded,2026-08-12,Chat and embedding surfaces do not establish a visual authoring authority
VERIFY-110,cand-generative-ui-builder-v3rmxni7,validated-screenshot-to-code,Tests multi-agent perception layout validation repair code generation and sandbox projection,included,2026-08-12,A screenshot becomes a validated layout DSL then streamed editable React source with reflection and retry
VERIFY-111,cand-greatstack-ai-website-builder,official-course-canonicalization,Tests official product identity ordinary-user loop and the boundary across many learner repositories,included,2026-08-12,GreatStack names and publishes the course project while public implementations prove prompt generation versions rollback editing preview export and publication
VERIFY-112,cand-genie-ai-website-builder,earliest-public-source-lineage,Tests chronological public evidence without converting it into an original-author claim,included,2026-08-12,Genie predates the located mirrors and exposes the shared Mongo source protocol but no official upstream was found
VERIFY-112,cand-velora-ai,earliest-public-source-lineage,Tests whether later refinements materially redefine the shared product authority,duplicate,2026-08-12,Velora preserves the same source graph and ordinary loop while arriving after Genie
VERIFY-112,cand-forgix,material-derivative-boundary,Tests whether screenshot and URL inputs create a distinct artifact definition,included,2026-08-12,Forgix turns visual and existing-site evidence into authoritative rebuild inputs absent from the shared base
VERIFY-113,cand-orangepencil,openpencil-lineage,Tests whether deployment changes create an independent product,duplicate,2026-08-13,OpenPencil package identity copyright source graph and canonical references remain intact
VERIFY-113,cand-designtoolopen,openpencil-lineage,Tests whether a generic repository rename changes artifact authority,duplicate,2026-08-13,The repository preserves the OpenPencil implementation and identity
VERIFY-113,cand-designtool-lucifer,openpencil-lineage,Tests whether a second generic repository name establishes a product,duplicate,2026-08-13,OpenPencil source and package metadata remain authoritative
VERIFY-113,cand-penboard,material-openpencil-derivative,Tests whether storyboard semantics materially extend the native graph,included,2026-08-13,Connections entities views workflows and project context become first-class document and MCP objects
VERIFY-113,cand-justapen,openpencil-lineage,Tests whether repository branding establishes a new product,duplicate,2026-08-13,Canonical OpenPencil identity and implementation are retained
VERIFY-113,cand-openpencil-for-compass,openpencil-lineage,Tests whether host packaging changes the product boundary,duplicate,2026-08-13,Compass integration wraps the same OpenPencil artifact authority
VERIFY-113,cand-openpencil-pro-rouclaw,openpencil-lineage,Tests whether a Pro suffix creates material independence,duplicate,2026-08-13,The ordinary-user loop and native document remain OpenPencil
VERIFY-113,cand-prompt-to-website-ketchup,bolt-lineage,Tests repeated Bolt course source fingerprints,duplicate,2026-08-13,Artifact tags Builder routes WebContainer and ZIP flow match the Bolt course family
VERIFY-113,cand-codeseed,bolt-lineage,Tests repeated Bolt course source fingerprints,duplicate,2026-08-13,The shared prompt parser and browser runtime establish the same product lineage
VERIFY-113,cand-masyncai,bolt-lineage,Tests repeated Bolt course source fingerprints,duplicate,2026-08-13,Prompts routes Builder and WebContainer protocol repeat the lineage
VERIFY-113,cand-bolt-clone-swwaadhin,bolt-lineage,Tests an explicitly named Bolt clone,duplicate,2026-08-13,The repository identifies and implements the repeated Bolt course loop
VERIFY-113,cand-website-builder-ai-supriyo,bolt-lineage,Tests repeated Bolt course source fingerprints,duplicate,2026-08-13,System prompts routes builder page and runtime hook match the lineage
VERIFY-113,cand-ai-website-builder-dhakas,bolt-lineage,Tests repeated Bolt course source fingerprints,duplicate,2026-08-13,The same artifact and WebContainer implementation governs the loop
VERIFY-113,cand-code2cloud-ai,genie-lineage,Tests Mongo artifact and error-string fingerprints,duplicate,2026-08-13,LatestCode conversation credits slug fields and the distinctive typo match Genie
VERIFY-113,cand-appiav2,material-bolt-derivative,Tests whether persistence and delivery redefine the project authority,included,2026-08-13,Durable multi-file projects chat history web and native previews plus deployment materially extend the base
VERIFY-113,cand-websitebuilder-susmita,multi-page-source-authority,Tests a complete generation correction and preview loop,included,2026-08-13,Gemini creates a page graph that direct iframe edits and AI revisions return to before preview
VERIFY-113,cand-bharat-ai-abhay,claimed-product-source-gap,Tests whether broad README claims are backed by an artifact implementation,excluded,2026-08-13,No runnable visual authoring source or authority is established
VERIFY-113,cand-wilder-website-builder,bolt-lineage,Tests repeated Bolt course source fingerprints,duplicate,2026-08-13,Prompts artifact tags runtime and editor flow match the Bolt family
VERIFY-113,cand-awesome-vibe-coding-acvnace,collection-boundary,Tests whether a curated list owns an artifact loop,excluded,2026-08-13,The repository only indexes external resources
VERIFY-113,cand-awesome-ai-coding-tools,collection-boundary,Tests whether a tool directory owns an artifact loop,excluded,2026-08-13,The repository only catalogues other products
VERIFY-113,cand-vibecoding-a-website,filesystem-site-lifecycle,Tests whether skills form an ordinary-user product delivery loop,included,2026-08-13,Interview generation audits Git deployment and updates operate on one authoritative website workspace
VERIFY-113,cand-awesome-mcp-servers-punkpeye,collection-boundary,Tests whether an MCP directory owns visual authority,excluded,2026-08-13,The project indexes servers but implements no Design artifact
VERIFY-113,cand-awesome-design-resources-darelova,collection-boundary,Tests whether design references form a product loop,excluded,2026-08-13,Static links provide no authoring runtime or persistence
VERIFY-113,cand-vibe-coding-community-resources,collection-boundary,Tests whether learning resources form a product loop,excluded,2026-08-13,Community material has no independent artifact authority
VERIFY-113,cand-social-media-scraping-apis,data-api-boundary,Tests whether scraped data becomes a Design artifact,excluded,2026-08-13,The repository exposes data collection APIs without visual authoring
VERIFY-113,cand-awesome-claude-code-toolkit,generic-agent-assets,Tests whether a general toolkit has a Design-specific loop,excluded,2026-08-13,The collection does not establish its own visual product authority
VERIFY-113,cand-reactor-admineral,material-demo-derivative,Tests whether the derivative defines a focused authoring product,included,2026-08-13,Chat function calls create editable React source inside a live Sandpack projection
VERIFY-113,cand-frontend-interview-kit,education-boundary,Tests whether interview content provides a visual artifact loop,excluded,2026-08-13,Learning material has no AI-mediated authoring authority
VERIFY-113,cand-awesome-startup-krish,collection-boundary,Tests whether startup references form a product,excluded,2026-08-13,The list only indexes external resources
VERIFY-113,cand-awesome-stars-maguowei,collection-boundary,Tests whether a star index owns a product loop,excluded,2026-08-13,The generated catalogue has no authoring runtime or artifact authority
VERIFY-114,cand-we0-dev-repo,identity-and-era-boundary,Tests whether public source is a second product or evidence for an existing lineage,duplicate,2026-08-13,Repository exposes the earlier We0 workspace while current first-party pages retain one managed product identity
VERIFY-114,cand-web-builder-basith,bolt-lineage,Tests copied workbench grammar against material derivative criteria,duplicate,2026-08-13,Artifact parser and WebContainer file authority match the historical Bolt source
VERIFY-114,cand-reactgen-aaditya,bolt-lineage,Tests copied workbench grammar against material derivative criteria,duplicate,2026-08-13,Bolt artifact and action protocol remains decisive
VERIFY-114,cand-cobra-ai-2,single-artifact-builder,Tests whether generation persists and supports iterative visual correction,included,2026-08-13,Mongo current code is regenerated from existing code and projected through WebContainers
VERIFY-114,cand-ai-website-builder-gitcoder,bolt-lineage,Tests renamed source against independent authority criteria,duplicate,2026-08-13,Historical Bolt parser filesystem and runtime are retained
VERIFY-114,cand-ai-website-builder-vaibhav,bolt-lineage,Tests renamed source against independent authority criteria,duplicate,2026-08-13,Normalized source is a Bolt implementation
VERIFY-114,cand-wordpress-frontend-react-apex,companion-repository,Tests whether a frontend revision is a separate product,duplicate,2026-08-13,Same maintainer frontend and backend form one ApexNeural builder
VERIFY-114,cand-wordpress-frontend-apex,companion-repository,Tests whether a frontend revision is a separate product,duplicate,2026-08-13,Same maintainer frontend and backend form one ApexNeural builder
VERIFY-114,cand-ai-website-generator-tayyabeh,small-workspace-boundary,Tests whether a compact demo completes an ordinary-user visual loop,included,2026-08-13,Streaming files editor and WebContainer preview form a complete in-session workspace
VERIFY-114,cand-vivek1504-profile,profile-boundary,Tests whether a profile README owns a product,excluded,2026-08-13,Only references and profile claims are present
VERIFY-114,cand-quibly-rohit,material-derivative,Tests inherited UI against changed persistence and recovery authority,included,2026-08-13,Durable projects versions and orchestration extend beyond the Bolt browser transcript model
VERIFY-114,cand-bolt-new-arshpreet,explicit-clone,Tests explicit clone identity,duplicate,2026-08-13,Repository names and retains Bolt as its source product
VERIFY-114,cand-w0-ierfanam,we0-lineage,Tests source mirror against independent team identity,duplicate,2026-08-13,Normalized files reproduce the We0 public workspace
VERIFY-114,cand-webai-sparsh,material-derivative,Tests whether delivery changes the ordinary completion path,included,2026-08-13,GitHub repository creation and Vercel handoff add independent delivery authority
VERIFY-114,cand-aiwebsitebuilder-ashutosh,bolt-lineage,Tests copied workbench grammar against material derivative criteria,duplicate,2026-08-13,Bolt artifact tags and WebContainer file execution remain canonical
VERIFY-114,cand-website-builder-agent-peter,variant-promotion,Tests whether variant review produces a continuing selected artifact,included,2026-08-13,Reviewed candidates promote into editable snapshot-backed project files
VERIFY-114,cand-siteforsite-luna,bolt-lineage,Tests renamed source against independent authority criteria,duplicate,2026-08-13,Repository retains the Bolt source protocol
VERIFY-114,cand-ai-engine-arjun,bolt-lineage,Tests renamed source against independent authority criteria,duplicate,2026-08-13,No material authority beyond the Bolt workbench was found
VERIFY-114,cand-appia2025,product-predecessor,Tests same-maintainer historical version against current product identity,duplicate,2026-08-13,Appia2025 is the direct predecessor of AppiaV2
VERIFY-114,cand-weinc-zapier,integration-boundary,Tests workflow integration against visual artifact ownership,excluded,2026-08-13,Zapier operations do not create or govern a visual artifact
VERIFY-114,cand-3d-resources-devanshu,collection-boundary,Tests resources against an ordinary-user product,excluded,2026-08-13,Repository only collects external resources
VERIFY-114,cand-prompt-to-app-pradeep,client-generator,Tests whether in-memory multi-file state completes an authoring loop,included,2026-08-13,Prompt parser Monaco preview and ZIP delivery expose a user-controlled artifact
VERIFY-114,cand-prompttoapp-sahil,tool-mediated-files,Tests agent prose against applied project mutation,included,2026-08-13,Spring AI tools persist server files and a Kubernetes runner provides preview evidence
VERIFY-114,cand-aicoders-prompt-to-app-vinilana,upstream-fork,Tests imported repository against its first-party canonical,duplicate,2026-08-13,README attribution and normalized source establish Cloudflare VibeSDK ancestry
VERIFY-114,cand-front-end-builder-siddhartha,minimal-document-loop,Tests whether one generated HTML document still completes the boundary,included,2026-08-13,Prompt generation srcDoc preview regeneration and download form a complete narrow loop
VERIFY-114,cand-ai-web-app-builder-shubha,persistent-single-document,Tests current code continuation and historical preservation,included,2026-08-13,Mongo stores current HTML messages and earlier code snapshots
VERIFY-114,cand-ai-app-builder-abdul,versioned-file-workspace,Tests direct edits runtime projection and actual restore semantics,included,2026-08-13,Supabase file snapshots restore into current authority and WebContainer projects the result
VERIFY-114,cand-ai-app-developer-rajnish,managed-file-project,Tests whether collaboration and deployment attach to persistent files,included,2026-08-13,Mongo owns paths contents roles and delivery status as one managed project
VERIFY-114,cand-forgeai-mousewarriors,local-first-recovery,Tests whether browser storage preserves a recoverable design state,included,2026-08-13,Deep-copy snapshots restore both blueprint and files from local persistence
VERIFY-114,cand-noir-dev,version-service-boundary,Tests current code versions and runtime as separate ledgers,included,2026-08-13,Supabase records current code and numbered snapshots while WebContainer remains a projection
VERIFY-114,cand-cloudaiide,shared-source-lineage,Tests later publication against the earliest public canonical,duplicate,2026-08-13,Decisive Convex schema projects and preview files match Polaris
VERIFY-114,cand-merchmate,image-design-loop,Tests generated media against a specific ordinary-user design job,included,2026-08-13,Users transform logos or images into previewed downloadable product mockups
VERIFY-114,cand-cyberai-jenn,target-app-boundary,Tests one generated application against a reusable authoring product,excluded,2026-08-13,Repository is the artifact rather than the tool that authors arbitrary artifacts
VERIFY-114,cand-fast-code-nova,structured-ui-authority,Tests whether a typed intermediate model governs multiple projections,included,2026-08-13,Validated GeneratedAppSpec drives both responsive preview and code output
VERIFY-114,cand-illinois-garage-door,target-site-boundary,Tests a business website against an independently surfaced builder,excluded,2026-08-13,One target site does not expose a reusable external authoring loop
VERIFY-114,cand-argus-sammy,material-upstream-derivative,Tests added build and deployment ledgers against copy status,included,2026-08-13,Persistent builds collaborators visual editing and deploy rollback materially alter Open Lovable authority
VERIFY-114,cand-awesome-ai-pulse-georgia,collection-boundary,Tests regional catalogue against product ownership,excluded,2026-08-13,The repository only indexes external AI activity
VERIFY-114,cand-polaris-umang,persistent-agent-files,Tests whether tool calls mutate a durable project graph,included,2026-08-13,Convex files are changed by Inngest tools and projected through CodeMirror WebContainer and GitHub
VERIFY-114,cand-gcode-beatnyk,open-lovable-lineage,Tests normalized source against first-party upstream,duplicate,2026-08-13,Scrape sandbox apply and preview routes reproduce Open Lovable
VERIFY-114,cand-novabuilder-ai,implementation-boundary,Tests product claims against runnable source,excluded,2026-08-13,Two-file README scaffold has no implemented artifact loop
VERIFY-114,cand-buildev-isjunrod,scene-graph-authority,Tests same-name identity and canonical representation,included,2026-08-13,Independent team uses a scene graph for AI reverse UI editing preview and export
VERIFY-114,cand-awesome-generative-ui-narrowin,collection-boundary,Tests curated references against product ownership,excluded,2026-08-13,List contains no independent authoring runtime
VERIFY-114,cand-generative-ui-starter-jerel,developer-template-boundary,Tests scaffolding against ordinary-user product identity,excluded,2026-08-13,Hackathon starter enables implementations but is not itself a surfaced product
VERIFY-114,cand-openvibecoding,open-app-platform,Tests reusable kernel against one ordinary-user product loop,included,2026-08-13,Task chat source diffs preview bridge and CloudBase deployment form one surfaced workspace
VERIFY-114,cand-awakenworks,generic-agent-boundary,Tests agent administration against Design artifact authority,excluded,2026-08-13,Runtime configuration does not expose a first-party visual authoring loop
VERIFY-114,cand-deskhand,general-agent-visual-artifacts,Tests whether visual outputs are first-class evidence rather than incidental files,included,2026-08-13,Artifact events and HTML Excel Word previewers support a continuing nontechnical user journey
VERIFY-114,cand-awesome-skills-gmh5225,collection-boundary,Tests skill index against product authority,excluded,2026-08-13,Repository only indexes skills
VERIFY-114,cand-mdma,interactive-document-infrastructure,Tests whether infrastructure offers a runnable AI authoring loop,included,2026-08-13,Validated MDMA source renders interactive components and feeds typed actions back to agents
VERIFY-114,cand-generative-ui-starter-copilotkit,duplicate-template-lineage,Tests mirror identity after the template boundary decision,duplicate,2026-08-13,Same hackathon starter remains non-product developer scaffolding
VERIFY-114,cand-most-capable-agent-prompt,prompt-boundary,Tests text instructions against independent artifact authority,excluded,2026-08-13,System prompt has no ordinary-user runtime or Design artifact
VERIFY-115,cand-wordpress-ai-builder-apex,recursive-companion-lineage,Tests three repositories as one complete product identity,included,2026-08-13,Frontend source editing WebContainer image service and WordPress publishing join through one maintainer backend
VERIFY-116,cand-cloudflare-vibesdk,recursive-upstream-canonical,Tests fork attribution against first-party product source,included,2026-08-13,Cloudflare source exposes workspace Artifacts history Dynamic Worker preview and browser repair loop
VERIFY-117,cand-firecrawl-open-lovable,recursive-upstream-canonical,Tests source copies and derivatives against first-party product source,included,2026-08-13,Firecrawl source owns the URL evidence sandbox React reconstruction and ZIP loop
VERIFY-118,cand-appmaker-vibecode,persistent-single-document,Tests whether iteration metadata and current code complete a recoverable app loop,included,2026-08-13,Supabase current HTML and iterations support reopen refine preview and delivery
VERIFY-118,cand-ai-builder-app-edge,local-first-versioned-files,Tests durable project authority repair and recovery,included,2026-08-13,IndexedDB files bounded snapshots WebContainer diagnostics and ZIP export form one loop
VERIFY-118,cand-neuroforge,bolt-lineage,Tests renamed source against upstream identity,duplicate,2026-08-13,bolt.diy documentation package paths and StackBlitz update metadata remain present
VERIFY-118,cand-build-cash-cow,persistent-code-project,Tests current code refinement and delivery from one project,included,2026-08-13,Supabase code is mutated by AI and Monaco then previewed exported and deployed
VERIFY-118,cand-k2-vibe,agent-file-fragments,Tests whether agent file tools persist beyond a transient sandbox,included,2026-08-13,Prisma fragments preserve file maps which WebContainer reopens and Vercel deploys
VERIFY-118,cand-highlevel-dev,vertical-app-builder,Tests whether vertical integration changes generated-app authority,included,2026-08-13,Firestore snapshots preserve generated Vue files while a tokenless gateway connects live HighLevel data
VERIFY-118,cand-awesome-stars-emma,collection-boundary,Tests a star index against product ownership,excluded,2026-08-13,Only external repository references are catalogued
VERIFY-118,cand-stars-adcwa,collection-boundary,Tests a star index against product ownership,excluded,2026-08-13,Only external repository references are catalogued
VERIFY-118,cand-awesome-stars-witoszek,collection-boundary,Tests a star index against product ownership,excluded,2026-08-13,Only external repository references are catalogued
VERIFY-118,cand-awesome-stars-ningpengtao,collection-boundary,Tests a star index against product ownership,excluded,2026-08-13,Only external repository references are catalogued
VERIFY-118,cand-starred-1w-ningpengtao,collection-boundary,Tests a generated weekly star index against product ownership,excluded,2026-08-13,Time-bounded references expose no artifact runtime
VERIFY-118,cand-tenali-version1,minimal-three-file-loop,Tests direct editing and real delivery of generated sections,included,2026-08-13,HTML CSS and JavaScript remain editable and drive the same iframe and ZIP
VERIFY-118,cand-makemywebsite-ai,companion-product-lineage,Tests frontend backend identity persistence and delivery,included,2026-08-13,Same-maintainer repositories join editor generation conversation storage and public slug publication
VERIFY-118,cand-awesome-ai-tools-tankvn,collection-boundary,Tests a tool directory against product ownership,excluded,2026-08-13,Repository only indexes external tools
VERIFY-118,cand-awesome-engineering-agents,collection-boundary,Tests an agent directory against product ownership,excluded,2026-08-13,Repository only indexes external agents
VERIFY-118,cand-ai-website-generator-varun,multi-page-direct-editing,Tests whether direct and AI edits converge on one page graph,included,2026-08-13,In-memory page HTML is updated by code editor WYSIWYG messages and AI revisions
VERIFY-118,cand-llm-website-generator-yuzai,browser-local-document,Tests actual provider generation editor and preview wiring,included,2026-08-13,Vanilla client calls Gemini or OpenRouter and projects edited HTML into the live frame
VERIFY-118,cand-akn-website-generator,persistent-browser-conversation,Tests restore from conversational history and manual edits,included,2026-08-13,localStorage preserves generated HTML turns and the editor feeds the preview and download
VERIFY-118,cand-aiwebgenerator-maurya,three-file-source-authority,Tests whether code view is editable rather than decorative,included,2026-08-13,React state accepts edits to HTML CSS and JavaScript before iframe and ZIP materialization
VERIFY-118,cand-project-horizon,multi-studio-managed-authority,Tests broad claims against implemented schemas endpoints and restore,included,2026-08-13,Website landing content brand and media models connect to editors previews version APIs and exports
VERIFY-118,cand-prompt2website,shared-course-lineage,Tests chronology schemas controllers and views against an earlier source,duplicate,2026-08-13,Later one-commit repository reproduces MakeMyWebsite models routes editor and publication with cosmetic edits
VERIFY-118,cand-kadnya,external-native-editor,Tests whether AI output reaches an authoritative visual surface,included,2026-08-13,Generated template content is created as a Builder.io page and opened for native visual editing
VERIFY-118,cand-eter-showcase,private-source-live-product,Tests public ordinary-user evidence despite private implementation,included,2026-08-13,Live product README and demos establish generated sites customization preview and tenant publication
VERIFY-118,cand-website-builders-dgatok,collection-boundary,Tests a comparison list against product ownership,excluded,2026-08-13,Repository only describes external website builders
VERIFY-118,cand-buildflow3,typed-site-version-authority,Tests whether structure design and source share one restorable representation,included,2026-08-13,GeneratedSite is revised into linear versions and composed into preview code and downloadable HTML
VERIFY-118,cand-awesome-ai-trueai,collection-boundary,Tests an AI catalogue against product ownership,excluded,2026-08-13,Repository only indexes external projects
VERIFY-118,cand-insightiq,multi-artifact-campaign-graph,Tests whether broad outputs share persistent design authority,included,2026-08-13,Brand SVG poster reel website schedule and publishing views derive from one saved campaign graph
VERIFY-118,cand-awesome-black-friday-2027,collection-boundary,Tests a deal catalogue against product ownership,excluded,2026-08-13,Repository only indexes external offers
VERIFY-118,cand-awslabs-mcp,umbrella-product-boundary,Tests a multi-server collection against one visual product identity,excluded,2026-08-13,Current umbrella does not own a unified visual loop while migration guides route to independent successors
VERIFY-118,cand-awesome-nocode-lowcode,collection-boundary,Tests a platform list against product ownership,excluded,2026-08-13,Repository only indexes external no-code products
VERIFY-118,cand-lovable-for-beginners,education-boundary,Tests teaching material against independent product identity,excluded,2026-08-13,Course exercises depend on Lovable and do not expose another builder
VERIFY-118,cand-error-pages,non-ai-generator-boundary,Tests static generation against required model or agent participation,excluded,2026-08-13,Conventional templates and CLI generate pages without AI or agent participation
VERIFY-118,cand-gstack,general-agent-visual-toolchain,Tests whether visual skills are first-class rather than incidental,included,2026-08-13,Consultation variants HTML production browser screenshots and design review govern durable project artifacts
VERIFY-119,cand-makemywebsite-ai-backend,recursive-companion-lineage,Tests companion backend against a separate product count,duplicate,2026-08-13,Shared maintainer frontend API contract and source chronology establish one MakeMyWebsite identity
VERIFY-120,cand-aws-deploy-on-aws,recursive-official-successor,Tests AWS migration target for an independent visual artifact loop,included,2026-08-13,Skill generates validates previews and exports editable draw.io architecture XML
VERIFY-120,cand-bedrock-image-mcp-server,recursive-community-successor,Tests Nova Canvas migration target for an independent visual artifact loop,included,2026-08-13,MCP tools generate transform selectively edit and save workspace raster artifacts
VERIFY-121,cand-awesome-codegen-r44,collection-boundary,Tests a code-generation list against artifact ownership,excluded,2026-08-13,Repository is only a static external-project catalogue
VERIFY-121,cand-ai-app-builder-doratiotto,persistent-source-marked-app-builder,Tests whether generation refinement persistence and source return converge,included,2026-08-13,Supabase files and chat feed maintenance prompts while data-source-file markers bind rendered components to paths
VERIFY-121,cand-algocraft,approval-gated-browser-authoring,Tests whether user consent precedes actual model-authored writes,included,2026-08-13,Custom operation tags are previewed then explicitly accepted before ordered WebContainer mutation
VERIFY-121,cand-promptly-simran,ephemeral-artifact-program,Tests a Cursor SDK wrapper for an independently implemented app-building loop,included,2026-08-13,Cursor is denied host tools and its artifact text becomes browser source preview refinement and ZIP output
VERIFY-121,cand-lovable-clone-ilyess,same-owner-source-mirror,Tests two same-maintainer repositories for separate product authority,duplicate,2026-08-13,Normalized non-asset source is nearly identical to Bolt Builder Web
VERIFY-121,cand-bolt-builder-ilyess,claimed-versus-routed-generation,Tests whether the ordinary-user route reaches the repository's LLM and runtime implementations,excluded,2026-08-13,UI calls a fixed-template API while runner build preview and persistence are simulated
VERIFY-121,cand-awesome-ai-app-builders-ian,collection-boundary,Tests a comparative directory against artifact ownership,excluded,2026-08-13,Repository indexes external builders only
VERIFY-121,cand-prompify-chula,claimed-enterprise-derivative,Tests whether company-suite claims exist beyond a Bolt derivative README,duplicate,2026-08-13,Tracked application exposes bolt.diy workbench persistence and deploy paths but no claimed company routes or schemas
VERIFY-121,cand-devonz,explicit-upstream-lineage,Tests renamed presentation against canonical Bolt lineage,duplicate,2026-08-13,README explicitly identifies a bolt.diy fork and source retains its workbench authority
VERIFY-121,cand-vibe-code-editor-manikanda,course-ide-lineage,Tests one generic browser IDE copy for a distinct Design loop,duplicate,2026-08-13,Source and templates resolve to Chai Vibe Editor course lineage
VERIFY-121,cand-editon,course-ide-lineage,Tests added assistant modes against product-boundary divergence,duplicate,2026-08-13,AI review and completion features remain within the same generic browser IDE lineage
VERIFY-121,cand-coderxp,planned-runtime-boundary,Tests README ambition against currently callable source,excluded,2026-08-13,Agent providers and WebContainer execution are explicitly future work
VERIFY-121,cand-vibe-code-suite,multi-agent-visual-workbench,Tests whether generic agent SDKs form a surfaced visual app-authoring product,included,2026-08-13,Workspace snapshots return agent file changes to a common Monaco and WebContainer preview loop
VERIFY-121,cand-vibe-code-editor-sithum,course-ide-lineage,Tests a documented assignment against independent product identity,duplicate,2026-08-13,Repository identifies the course context and repeats its generic IDE authority
VERIFY-121,cand-nexus-ide,generic-coding-boundary,Tests a capable AI IDE against the required Design-specific surface,excluded,2026-08-13,Source establishes coding assistance and workspace state but no separate Design artifact loop
VERIFY-121,cand-codeforge-niket,planned-ai-boundary,Tests named vibe platform against current model participation,excluded,2026-08-13,Implemented workbench is conventional while AI remains PRD-only
VERIFY-121,cand-vibe-code-editor-cse,course-ide-lineage,Tests collaboration additions against artifact-definition divergence,duplicate,2026-08-13,Liveblocks and provider selection extend but do not replace the shared generic IDE lineage
VERIFY-121,cand-vibe-code-editor-himanshu,course-ide-lineage,Tests renamed generic IDE against source origin,duplicate,2026-08-13,Repository retains shared starters modules and generic code-assistance boundary
VERIFY-121,cand-vibe-coding-shriyans,course-ide-lineage,Tests extensive documentation against source-level independence,duplicate,2026-08-13,Core WebContainer editor assistant and persistence structure remain the same lineage
VERIFY-121,cand-vibe-code-editor-gysum,course-ide-lineage,Tests another renamed workbench against independent identity,duplicate,2026-08-13,Generic IDE source and user loop remain within the upstream family
VERIFY-121,cand-vibe-platform-lwshakib,database-authoritative-app-builder,Tests whether model tools directly own a persistent visual application project,included,2026-08-13,Gemini functions update PostgreSQL project files that feed preview ZIP and GitHub commit
VERIFY-121,cand-codefighter,simulated-integration-boundary,Tests Figma multi-model and preview claims against wired source,excluded,2026-08-13,AI reply preview and MCP response are visibly simulated or placeholder
VERIFY-121,cand-vibecodeai,skill-governed-site-workspace,Tests a course derivative for material product and authority transformation,included,2026-08-13,Design skills page types persistent per-file tools site preview and audit records form a new surfaced loop
VERIFY-121,cand-vibe-coder-bluebot,checkpointed-runtime-repair,Tests generation direct editing preview saving and repair as one user journey,included,2026-08-13,Gemini actions and manual writes share WebContainer state with explicit SQLite save load and bounded auto-fix
VERIFY-121,cand-sprint-ai-web-ide,course-ide-lineage,Tests production-grade branding against independently new authority,duplicate,2026-08-13,Source remains a renamed generic Chai Vibe Editor lineage implementation
VERIFY-121,cand-neo-vibe,explicit-bolt-lineage,Tests an extended clone for separate canonical identity,duplicate,2026-08-13,Repository self-identifies as a Bolt.new extension and retains that artifact grammar
VERIFY-122,cand-chai-vibe-editor,recursive-course-upstream,Tests the surfaced upstream itself against the Design boundary,excluded,2026-08-13,Upstream is an AI-assisted generic web IDE and course source rather than a Design-specific product
VERIFY-123,cand-uimason,approval-gated-app-generation,Tests whether generated source preview persistence approval and delivery are wired into one user loop,included,2026-08-13,Agent sessions hold files while proposed follow-up patches require acceptance before WebContainer projection and provider delivery
VERIFY-123,cand-awesome-stefanofa,static-catalog-boundary,Tests a broad stars repository for an owned authoring artifact,excluded,2026-08-13,Repository is a link collection without executable product state or artifact authority
VERIFY-123,cand-despy,governed-ai-collaboration,Tests whether education-specific AI participation changes the Design and artifact contract,included,2026-08-13,Professor policy constrains model edits while one student file map powers editor runtime tests persistence and assessed submission evidence
VERIFY-123,cand-vibecode-gaurav,course-source-lineage,Tests identical source paths against an independent product identity,duplicate,2026-08-13,One README change is the sole blob divergence from the canonical Chai source
VERIFY-123,cand-vibecode-aditya,course-source-lineage,Tests minor configuration edits against artifact-definition independence,duplicate,2026-08-13,Only three of 141 common blobs differ and none changes the generic IDE boundary
VERIFY-123,cand-vibecode-priyashu,course-source-lineage,Tests a later upload and local configuration against independent lineage,duplicate,2026-08-13,Core source is blob-identical to the Chai course family and adds no new artifact semantics
VERIFY-123,cand-devpilot,browser-relayed-autonomous-editing,Tests whether server agent browser runtime and recovery form one reliable visual loop,included,2026-08-13,Durable tree writes stream into WebContainer and every run is bounded by pre and post whole-project snapshots
VERIFY-123,cand-qbot2,same-owner-source-alias,Tests renamed upload against canonical product and source independence,duplicate,2026-08-13,All paths match cxsagent and only package metadata lockfile and analytics layout differ
VERIFY-123,cand-cxsagent,persisted-generation-with-stubbed-runtime,Tests a partially implemented builder against its honest artifact and delivery boundary,included,2026-08-13,Plan and files persist through real model stages and ZIP export while preview execution and auto-deploy are explicitly absent
VERIFY-123,cand-harshilmodh-profile,profile-boundary,Tests technology claims against an independently surfaced product,excluded,2026-08-13,Profile README aggregates skills and links but provides no product artifact or user loop
VERIFY-124,cand-nodepod,runtime-library-boundary,Tests browser execution primitives against an independently surfaced Design product,excluded,2026-08-13,The repository ships an embeddable Node runtime API and examples but no ordinary-user visual authoring loop
VERIFY-124,cand-shakespeare,browser-source-authority,Tests whether browser-local files Git preview and delivery form one recoverable product,included,2026-08-13,LightningFS projects are committed built and deployed from the same agent-mutated repository
VERIFY-124,cand-shakespeare-pages,same-product-deployment-mirror,Tests a separate publication repository against product independence,duplicate,2026-08-13,All 728 upstream paths recur and 720 common blobs are identical with only deployment-level differences
VERIFY-124,cand-velocity-ai-coder,claim-versus-implementation,Tests a source-generating mobile builder when runtime and deployment claims are not implemented,included,2026-08-13,Real model output persists as device files while preview accepts an external URL and sandbox or deploy helpers only synthesize success
VERIFY-124,cand-api-evangelist-bolt-new,third-party-profile-boundary,Tests descriptive coverage against ownership of an authoring artifact,excluded,2026-08-13,Repository explicitly identifies itself as an unaffiliated public API profile with no product runtime
VERIFY-124,cand-ctx-space,approval-gated-browser-mutation,Tests source authority preview correction persistence and publication across client and server,included,2026-08-13,Frontend approval gates file tools and Babel preview while PocketBase and GitHub preserve the current project
VERIFY-124,cand-marlowe-shakespeare,material-fork-boundary,Tests feature additions against an independently changed Design artifact definition,duplicate,2026-08-13,Ninety-two percent of common blobs match Shakespeare and additions retain its browser repository build and delivery loop
VERIFY-124,cand-shakedroid,derived-mobile-delivery,Tests whether a fork crosses the product boundary rather than merely rebranding upstream,included,2026-08-13,Implemented remote APK compilation local keystore handling and v1 or v2 signing create an installable Android delivery outcome
VERIFY-124,cand-bolt-diy-trejduu,upstream-source-identity,Tests a renamed repository against bolt.diy source and product independence,duplicate,2026-08-13,Package metadata README prompt protocol workbench and WebContainer source remain bolt.diy
VERIFY-124,cand-phantom-raffay,current-bundle-runtime-repair,Tests whether generation persistence preview correction and delivery share one artifact,included,2026-08-13,Firestore saves the merged project bundle mounted into WebContainer and runtime errors can drive an explicit source repair before Netlify publication
VERIFY-124,cand-coderocket,versioned-artifact-promotion,Tests durable version selection build projection and release promotion,included,2026-08-13,Assistant versions own complete file artifacts and deployment points to a chosen compiled chat version without overwriting history
VERIFY-124,cand-bolt-website-maker-be,companion-repository-boundary,Tests backend source against a second independently surfaced product,duplicate,2026-08-13,Backend generation and Pinecone context are consumed only by the canonical Jagdish frontend product
VERIFY-124,cand-bolt-website-maker-jagdish,independent-bolt-namesake,Tests source identity and a complete user loop against StackBlitz Bolt derivatives,included,2026-08-13,Custom Gemini XML Mongo state and WebContainer implementation shares a name but not the Bolt source protocol
VERIFY-124,cand-coderx-narayaaana,streaming-source-workbench,Tests artifact actions manual edits runtime evidence and actual persistence limits,included,2026-08-13,Model and human writes converge in WebContainer while project and share facades remain explicitly browser-local
VERIFY-124,cand-webcode,generic-coding-agent-boundary,Tests a browser terminal wrapper against a Design-specific visual artifact loop,excluded,2026-08-13,Product exposes Claude Code through a terminal and has no authored preview canvas or design artifact authority
VERIFY-124,cand-awesome-oss-vibe-coding-platforms,static-directory-boundary,Tests comparative discovery value against product ownership,excluded,2026-08-13,Repository is a small curated list without executable authoring source
VERIFY-124,cand-bolt-diy-nasirdy,upstream-source-identity,Tests an initial upload against independently defined product semantics,duplicate,2026-08-13,Unchanged package identity README and artifact execution path belong to bolt.diy
VERIFY-124,cand-luxcode,rebrand-versus-product-boundary,Tests local-provider and self-host additions against a distinct artifact definition,duplicate,2026-08-13,Repository explicitly calls itself a rebranded tuned bolt.diy fork and retains the upstream action and WebContainer authority
VERIFY-124,cand-animated-broccoli-bolt,upstream-source-identity,Tests an older Bolt fork snapshot against product independence,duplicate,2026-08-13,README package version and workbench source reproduce bolt.diy without a new ordinary-user artifact boundary
VERIFY-124,cand-vibecodingagent-openvibecoding,same-product-repository-mirror,Tests repository ownership and code identity against an already counted product,duplicate,2026-08-13,CloudBase branding architecture packages and user loop identify OpenVibeCoding rather than a second VibeCodingAgent product
VERIFY-124,cand-vibe-to-docker,delivery-infrastructure-boundary,Tests tooling for generated projects against an AI-mediated Design loop,excluded,2026-08-13,CLI deterministically emits container configuration after another product has already authored the visual application
VERIFY-124,cand-devonz-kairo,known-derivative-mirror,Tests a later Devonz upload against the already resolved Bolt lineage,duplicate,2026-08-13,Repository retains Devonz and bolt.diy source identity without new product semantics
VERIFY-124,cand-vibecoder-dublyo,git-authoritative-product-loop,Tests generation manual mutation preview build repair and delivery against one durable authority,included,2026-08-13,AI and manual file changes commit to GitHub while PostgreSQL records project chat and deployment state around that source
